{"apiVersion":"1","swaggerVersion":"1.2","basePath":"/customermanagement/v1","resourcePath":"/customermanagement/v1","apis":[{"path":"/billingarrangement/{billingArrangementId}","operations":[{"method":"POST","nickname":"updateBillingArrangement","summary":"updateBillingArrangement","parameters":[{"paramType":"body","required":true,"allowMultiple":false,"name":"updateBillingArrangementRequest","type":"updateBillingArrangementRequest"},{"paramType":"path","required":false,"allowMultiple":false,"name":"billingArrangementId","type":"token"}],"type":"void","form":false,"produces":["application/json","application/xml"],"consumes":["application/json","application/xml"]}]},{"path":"/billingarrangement/{billingArrangementId}","operations":[{"method":"PUT","nickname":"replaceBillingArrangement","summary":"replaceBillingArrangement","parameters":[{"paramType":"body","required":true,"allowMultiple":false,"name":"replaceBillingArrangementRequest","type":"replaceBillingArrangementRequest"},{"paramType":"path","required":false,"allowMultiple":false,"name":"billingArrangementId","type":"token"}],"type":"void","form":false,"produces":["application/json","application/xml"],"consumes":["application/json","application/xml"]}]},{"path":"/billingarrangement/{billingArrangementId}","operations":[{"method":"GET","nickname":"getBillingArrangement","summary":"getBillingArrangement","parameters":[{"paramType":"path","required":false,"allowMultiple":false,"name":"billingArrangementId","type":"token"}],"type":"getBillingArrangementResponse","form":false,"produces":["application/json","application/xml"],"consumes":["application/json","application/xml"]}]}],"models":{"updateBillingArrangementRequest":{"required":["billingArrangement"],"id":"updateBillingArrangementRequest","name":"updateBillingArrangementRequest","properties":{"billingArrangement":{"name":"billingArrangement","description":"Options for billing the customer or creating an invoice.  The billing arrangement contains information such as how payment is made (credit card, check, or bank account) and whether the customer receives a paper and/or electronic bill. ","$ref":"BillingArrangement"}}},"BillingArrangement":{"id":"BillingArrangement","name":"billingArrangement","description":"Options for billing the customer or creating an invoice.  The billing arrangement contains information such as how payment is made (credit card, check, or bank account) and whether the customer receives a paper and/or electronic bill. ","properties":{"name":{"name":"name","description":" \nName of the billing profile\n                                ","type":"array","items":{"name":"name","type":"string"}},"preferredIndicator":{"name":"preferredIndicator","description":" \nIndicates whether this is the Primary Billing Profile for this Customer Party\n                                ","type":"boolean"},"currencyCode":{"name":"currencyCode","maxLength":3,"minLength":3,"description":" \nCurrency Code for this Billing Profile. Bills created from this Billing Profile will have this currency as the primary currency code.\n                                ","type":"string","pattern":"[A-Z][A-Z][A-Z]"},"languageCode":{"name":"languageCode","maxLength":2,"minLength":2,"description":" \nThe language per ISO 639-1 Code: en for English, es for espagnol (Spanish)","type":"string","pattern":"[a-z][a-z]"},"roundingMethodCode":{"name":"roundingMethodCode","description":" \nDescribes the rounding method that rounds the amounts on the bill to a specified limit.\n                                ","type":"string"},"billTypeCode":{"name":"billTypeCode","enum":["SUMMARY","DETAIL"],"description":"Indicates whether the Bill is Detail or summary","type":"string"},"mediaTypeCode":{"name":"mediaTypeCode","enum":["ELECTRONIC","ELECTROMAGNETIC","PAPER"],"description":"The type of media on which the bill is to be presented. For example, printed, electronic transmission or electromagnetic (tape, diskette, and so on).","type":"string"},"mediaFormatCode":{"name":"mediaFormatCode","enum":["CD","HTML","PDF","XML","SMS","TEXT"],"description":"An identifier for the type of media such as tape, CD, or diskette on which the bill is to be copied for distribution to the customer.","type":"string"},"numberOfCopies":{"name":"numberOfCopies","description":"Number of copies (printed or copies of the media) that are to be made at the time of printing.","type":"integer","format":"int32"},"invoiceConsolidationIndicator":{"name":"invoiceConsolidationIndicator","description":"Indicates if consolidated billing invoice is generated and sent to customer.","type":"boolean"},"invoiceConsolidationTypeCode":{"name":"invoiceConsolidationTypeCode","enum":["SUMMARY","DETAIL"],"description":"Type of Consolidated Billing Invoice sent to customer. Example of valid values can be: Summary or Detail","type":"string"},"holdBillIndicator":{"name":"holdBillIndicator","description":"Indicates if the bill receivable should be held or not.","type":"boolean"},"poRequiredIndicator":{"name":"poRequiredIndicator","description":"Indicates whether a Customer PO is required to generate the bill for that customer.","type":"boolean"},"manualInvoiceCreationAllowedIndicator":{"name":"manualInvoiceCreationAllowedIndicator","description":"Indicates whether invoices can be created by someone manually.","type":"boolean"},"deliveryNotePrintIndicator":{"name":"deliveryNotePrintIndicator","description":"Indicates whether the system prints delivery notes for this customer on the invoice.","type":"boolean"},"partialPaymentAllowedIndicator":{"name":"partialPaymentAllowedIndicator","description":"Indicates whether partial payments are allowed","type":"boolean"},"automaticPaymentEnabledIndicator":{"name":"automaticPaymentEnabledIndicator","description":"Indicates whether automatic Payment is enabled for this Customer.","type":"boolean"},"immediatePaymentRequiredIndicator":{"name":"immediatePaymentRequiredIndicator","description":"Indicates whether invoices for this Customer require immediate payment","type":"boolean"},"displayPriceIndicator":{"name":"displayPriceIndicator","description":"Indicates whether price is shown on sales receipt","type":"boolean"},"dueDaysGraceAllowedIndicator":{"name":"dueDaysGraceAllowedIndicator","description":"Indicates whether any grace is allowed on the Payment due date.","type":"boolean"},"discountDaysGraceAllowedIndicator":{"name":"discountDaysGraceAllowedIndicator","description":"Indicates whether any grace is allowed on the Discounted Payment due date.","type":"boolean"},"freightBillTypeCode":{"name":"freightBillTypeCode","description":"Identifies the Type of Freight Bill applicable to this Billing Profile.","type":"string"},"refundMethodCode":{"name":"refundMethodCode","enum":["BILLCREDIT","CHECK","EFT"],"description":"Identifies the Refund Method applicable to this Billing Profile","type":"string"},"taxHeaderLevelIndicator":{"name":"taxHeaderLevelIndicator","description":"Indicates whether tax is included in the header or in the line. Y for headers, N for lines.","type":"boolean"},"taxRoundingRuleCode":{"name":"taxRoundingRuleCode","description":"Tax amount rounding rule","type":"string"},"taxPrintingOptionCode":{"name":"taxPrintingOptionCode","description":"Tax printing option","type":"string"},"effectivePeriod":{"name":"effectivePeriod","description":"Effective Period of this Billing Profile","$ref":"TimePeriod"},"status":{"name":"status","description":"Status of the Billing Arrangement.","$ref":"BillingArrangementStatus"},"note":{"name":"note","description":"Note associated with this Billing Arrangement.\n                               ","type":"array","items":{"$ref":"Note"}},"customerPurchaseOrder":{"name":"customerPurchaseOrder","description":"Captures the external Customer PO Number to be included in the invoice.","type":"string"},"balanceGroup":{"name":"balanceGroup","description":"Balance group information","type":"array","items":{"$ref":"BalanceGroup"}},"billingMethod":{"name":"billingMethod","enum":["BillInAdvance","PayInAdvance","PayGoMonthly","PayGoDaily","PayGoWeekly","BillCurrent","BillInArrears"],"description":"The Billing Method specifies the billing experience that the customer has qualified for and requested. A change of the billing method implies the need to create a new billing arrangement.","type":"string"},"balanceSummaryGroup":{"name":"balanceSummaryGroup","description":"Balance Summary information","$ref":"BalanceSummaryGroup"},"links":{"name":"links","$ref":"links"},"billingArrangementId":{"name":"billingArrangementId","description":"Unique identifier of the billing arrangement.  Assigned by the system of record.","type":"string"}}},"TimePeriod":{"id":"TimePeriod","name":"effectivePeriod","description":"Effective Period of this Billing Profile","properties":{"startTime":{"name":"startTime","description":"Start DateTime of the Time Period","type":"string","format":"date-time"},"duration":{"name":"duration","description":"Duration of the Time Period. For additional information on the duration data type see:  http://www.w3schools.com/schema/schema_dtypes_date.asp","type":"string"},"endTime":{"name":"endTime","description":"End Date Time of the Time Period","type":"string","format":"date-time"}}},"BillingArrangementStatus":{"id":"BillingArrangementStatus","name":"status","description":"Status of the Billing Arrangement.","properties":{"name":{"name":"name","description":"The user-friendly label that defines the state of the object, as the point in time expressed by effectivePeriod.","type":"string"},"description":{"name":"description","description":"An explanation of the status.","type":"array","items":{"$ref":"Description"}},"effectivePeriod":{"name":"effectivePeriod","description":"The time during which the object is/was in this Status.","$ref":"TimePeriod"},"reasonCode":{"name":"reasonCode","type":"string"},"statusCode":{"name":"statusCode","description":"A short hand identifier for the state of the object, at the point in time specified by the effectivePeriod.","type":"string"},"subStatusCode":{"name":"subStatusCode","description":"A finer division of code.","type":"string"}}},"Description":{"id":"Description","name":"description","description":"An explanation of the status.","properties":{"languageCode":{"name":"languageCode","maxLength":2,"minLength":2,"type":"string","pattern":"[a-z][a-z]"},"usageContext":{"name":"usageContext","description":"The frame of reference where the description is applicable. For example WEB, MOBILE DEVICE.\n\t\t\t\t\t\t","type":"string"}}},"Note":{"id":"Note","name":"note","description":"Note associated with this Billing Arrangement.\n                               ","properties":{"entryTime":{"name":"entryTime","description":"Date and time when the note was entered/created.","type":"string","format":"date-time"},"noteType":{"name":"noteType","description":"An extensive list of note types (500+) are defined for systematic use. Business rules determine which note to apply in a given situation.","type":"string"},"content":{"name":"content","description":"Addiitonal descriptive information entered by the author to supplement the system text.","type":"string"},"author":{"name":"author","description":"Identifies the author of the note.","type":"string"},"id":{"name":"id","description":"Unique identifier assigned by the system of record.","type":"string"},"language":{"name":"language","maxLength":2,"minLength":2,"description":"Identifier for the language used in the description.  Value is the ISO 639-1 Code, a two letter code such as   (en-US,en-CA,en-GB)defined at www.w3.org/standards ","type":"string","pattern":"[a-z][a-z]"}}},"BalanceGroup":{"id":"BalanceGroup","name":"balanceGroup","description":"Balance group information","properties":{"name":{"name":"name","description":" \nName on the Balance group\n                                ","type":"array","items":{"name":"name","type":"string"}},"dueQuantity":{"name":"dueQuantity","description":" \nDue Quantity on the balance group\n                                ","$ref":"Quantity"},"description":{"name":"description","description":" \nDescription of balance group\n                                ","type":"array","items":{"$ref":"Description"}},"resourceUnit":{"name":"resourceUnit","description":" \nResource Unit information\n                               ","type":"array","items":{"$ref":"ResourceUnit"}}}},"Quantity":{"id":"Quantity","name":"dueQuantity","description":" \nDue Quantity on the balance group\n                                ","properties":{"measurementUnit":{"name":"measurementUnit","description":"Unit of quantity","type":"string"}}},"ResourceUnit":{"id":"ResourceUnit","name":"resourceUnit","description":" \nResource Unit information\n                               ","properties":{"unit":{"name":"unit","description":" \nUnit of Measure code\n                                ","type":"string"},"balanceQuantity":{"name":"balanceQuantity","description":" \nBalance Quantity on the resource unit\n                                ","$ref":"Quantity"},"description":{"name":"description","description":" \nDescription of the Resource Unit\n                                ","type":"array","items":{"$ref":"Quantity"}},"creditLimitRange":{"name":"creditLimitRange","description":" \nCredit Limit Range information\n                               ","$ref":"creditLimitRange"},"resourceUnitBalance":{"name":"resourceUnitBalance","description":" \nResource Unit Balance information\n                               ","type":"array","items":{"$ref":"resourceUnitBalance"}},"name":{"name":"name","description":" \nName on the resource unit\n                                ","type":"array","items":{"name":"name","type":"string"}}}},"creditLimitRange":{"id":"creditLimitRange","name":"creditLimitRange","description":" \nCredit Limit Range information\n                               ","properties":{"maximumQuantity":{"name":"maximumQuantity","description":" \nMaximum Quantity on the Credit Limit Range\n                                ","$ref":"Quantity"},"minimumQuantity":{"name":"minimumQuantity","description":" \nMinimum Quantity on the Credit Limit Range\n                                ","$ref":"Quantity"},"thresholdQuantity":{"name":"thresholdQuantity","description":" \nThreshold Quantity on the Credit Limit Range\n                                ","$ref":"Quantity"}}},"resourceUnitBalance":{"id":"resourceUnitBalance","name":"resourceUnitBalance","description":" \nResource Unit Balance information\n                               ","properties":{"availableQuantity":{"name":"availableQuantity","description":" \nAvailable Quantity on the resource unit balance\n                                ","$ref":"Quantity"},"description":{"name":"description","description":" \nDescription on the resource unit balance\n                                ","type":"array","items":{"$ref":"Description"}},"effectivePeriod":{"name":"effectivePeriod","$ref":"EffectivePeriod"}}},"EffectivePeriod":{"id":"EffectivePeriod","name":"effectivePeriod","properties":{"startTime":{"name":"startTime","description":"Start DateTime of the Time Period","type":"string","format":"date-time"},"duration":{"name":"duration","description":"Duration of the Time Period. For additional information on the duration data type see:  http://www.w3schools.com/schema/schema_dtypes_date.asp","type":"string"},"endTime":{"name":"endTime","description":"End Date Time of the Time Period","type":"string","format":"date-time"},"usageContext":{"name":"usageContext","type":"string"}}},"BalanceSummaryGroup":{"id":"BalanceSummaryGroup","name":"balanceSummaryGroup","description":"Balance Summary information","properties":{"expirationDate":{"name":"expirationDate","type":"string","format":"date-time"},"balanceSummary":{"name":"balanceSummary","type":"array","items":{"$ref":"BalanceSummary"}},"name":{"name":"name","enum":["VOICE","DATA","SMS","MMS","APP"],"type":"string"}}},"BalanceSummary":{"id":"BalanceSummary","name":"balanceSummary","properties":{"balanceType":{"name":"balanceType","enum":["Inital","Total","Remaining","AvailableCredit","Current","RemainingFinanced","TotalFinanced"],"description":"The type of balance information given. For example, Initial, Transferred or Remaining.","type":"string"},"description":{"name":"description","$ref":"Description"},"dueDate":{"name":"dueDate","description":"Captured the date associated with the subscription balance details (ie. payment due date).","type":"string","format":"date-time"},"expirationDate":{"name":"expirationDate","type":"string","format":"date-time"},"amount":{"name":"amount","description":"Captures the amount associated with the subscription balance type.","$ref":"Amount"},"quantity":{"name":"quantity","description":"Captures the quantity associated with the subscription balance type, such as messages or MB.","$ref":"Quantity"}}},"Amount":{"id":"Amount","name":"amount","description":"Captures the amount associated with the subscription balance type.","properties":{"currencyCode":{"name":"currencyCode","maxLength":3,"minLength":3,"type":"string","pattern":"[A-Z][A-Z][A-Z]"}}},"links":{"id":"links","name":"links","properties":{"self":{"name":"self","description":"Any list of links is assumed to include a self reference.","$ref":"Link"},"payChannel":{"name":"payChannel","description":"A Pay Channel is a conduit for charges that are to be collected and applied to a single payment instrument.  A pay channel belongs to one billing arrangement.","type":"array","items":{"$ref":"Link"}},"billingContact":{"name":"billingContact","description":"Billing Proflie Contact","$ref":"Link"},"paymentProfile":{"name":"paymentProfile","$ref":"Link"},"billingProfile":{"name":"billingProfile","$ref":"Link"},"payFromParty":{"name":"payFromParty","description":"Name and address of the party that is expected to pay.","$ref":"Link"}}},"Link":{"id":"Link","name":"self","description":"Any list of links is assumed to include a self reference.","properties":{"rel":{"name":"rel","description":"The relationship that is embodied by the link.","type":"string"},"href":{"name":"href","description":"The HTML reference that provides access to the resource in the link.","type":"string"}}},"replaceBillingArrangementRequest":{"required":["billingArrangement"],"id":"replaceBillingArrangementRequest","name":"replaceBillingArrangementRequest","properties":{"billingArrangement":{"name":"billingArrangement","description":"Options for billing the customer or creating an invoice.  The billing arrangement contains information such as how payment is made (credit card, check, or bank account) and whether the customer receives a paper and/or electronic bill. ","$ref":"BillingArrangement"}}},"getBillingArrangementResponse":{"required":["billingArrangement"],"id":"getBillingArrangementResponse","name":"getBillingArrangementResponse","properties":{"billingArrangement":{"name":"billingArrangement","description":"Options for billing the customer or creating an invoice.  The billing arrangement contains information such as how payment is made (credit card, check, or bank account) and whether the customer receives a paper and/or electronic bill. ","$ref":"BillingArrangement"}}}}}