{"apiVersion":"1","swaggerVersion":"1.2","basePath":"/ordermanagement/v1","resourcePath":"/ordermanagement/v1","apis":[{"path":"/cart/ordertype","operations":[{"method":"GET","nickname":"getOrderTypes","summary":"getOrderTypes","notes":"Gets the eligible Order Types for the customer(reference data)","responseMessages":[{"code":200,"message":"Success"},{"code":200,"message":"Success"}],"parameters":[{"paramType":"body","required":true,"allowMultiple":false,"name":"customerid","type":"token"}],"type":"getOrderTypesResponse","form":false,"produces":["application/json","application/xml"],"consumes":["application/json","application/xml"]}]},{"path":"/cart/{cartId}","operations":[{"method":"GET","nickname":"getCart","summary":"getCart","notes":"Shallow but complete cart data. No cart items, just links to them","responseMessages":[{"code":200,"message":"Success"},{"code":200,"message":"Success"}],"parameters":[{"paramType":"body","required":true,"allowMultiple":false,"name":"cartId","type":"token"},{"paramType":"body","required":true,"allowMultiple":false,"name":"getCartRequest","type":"getCartRequest"}],"type":"getCartResponse","form":false,"produces":["application/json","application/xml"],"consumes":["application/json","application/xml"]}]},{"path":"/cart/{cartId}/status","operations":[{"method":"GET","nickname":"getCartStatus","summary":"getCartStatus","notes":"Get the current cart status","responseMessages":[{"code":200,"message":"Success"},{"code":200,"message":"Success"}],"parameters":[{"paramType":"body","required":true,"allowMultiple":false,"name":"cartId","type":"token"}],"type":"getCartStatusResponse","form":false,"produces":["application/json","application/xml"],"consumes":["application/json","application/xml"]}]},{"path":"/cart/{cartId}/status","operations":[{"method":"POST","nickname":"updateCartStatus","summary":"updateCartStatus","notes":"Post new status of cart","responseMessages":[{"code":200,"message":"Success"},{"code":400,"message":"Bad Request"},{"code":200,"message":"Success"},{"code":409,"message":"Conflict"}],"parameters":[{"paramType":"body","required":true,"allowMultiple":false,"name":"updateCartStatusRequest","type":"updateCartStatusRequest"},{"paramType":"body","required":true,"allowMultiple":false,"name":"cartId","type":"token"}],"type":"void","form":false,"produces":["application/json","application/xml"],"consumes":["application/json","application/xml"]}]},{"path":"/cart/cartitem","operations":[{"method":"POST","nickname":"createCart","summary":"createCart","notes":"Creates a cart and Posts a new cart item to the cart","responseMessages":[{"code":200,"message":"Success"},{"code":400,"message":"Bad Request"}],"parameters":[{"paramType":"body","required":true,"allowMultiple":false,"name":"createCartRequest","type":"createCartRequest"}],"type":"createCartResponse","form":false,"produces":["application/json","application/xml"],"consumes":["application/json","application/xml"]}]},{"path":"/cart/{cartId}/cartitem","operations":[{"method":"POST","nickname":"createCartItem","summary":"createCartItem","notes":"Add one or more cart item to the cart","responseMessages":[{"code":400,"message":"Bad Request"},{"code":200,"message":"Success"},{"code":200,"message":"Success"}],"parameters":[{"paramType":"body","required":true,"allowMultiple":false,"name":"cartId","type":"token"},{"paramType":"body","required":true,"allowMultiple":false,"name":"createCartItemRequest","type":"createCartItemRequest"}],"type":"createCartItemResponse","form":false,"produces":["application/json","application/xml"],"consumes":["application/json","application/xml"]}]},{"path":"/cart/{cartId}/cartitem/{cartItemId}","operations":[{"method":"GET","nickname":"getCartItemDetails","summary":"getCartItemDetails","notes":"Get details of cart item identified by cartItemId","responseMessages":[{"code":200,"message":"Success"},{"code":200,"message":"Success"}],"parameters":[{"paramType":"body","required":true,"allowMultiple":false,"name":"cartid","type":"token"},{"paramType":"body","required":true,"allowMultiple":false,"name":"cartItemId","type":"token"}],"type":"getCartItem,DetailsResponse","form":false,"produces":["application/json","application/xml"],"consumes":["application/json","application/xml"]}]},{"path":"/cart/{cartId}/cartitem/{cartItemId}","operations":[{"method":"PUT","nickname":"replaceCartItem","summary":"replaceCartItem","notes":"Partially update a cart item","responseMessages":[{"code":200,"message":"Success"},{"code":400,"message":"Bad Request"},{"code":200,"message":"Success"},{"code":409,"message":"Conflict"}],"parameters":[{"paramType":"body","required":true,"allowMultiple":false,"name":"partialUpdateCartItemRequest","type":"replaceCartItemRequest"},{"paramType":"body","required":true,"allowMultiple":false,"name":"cartId","type":"token"},{"paramType":"body","required":true,"allowMultiple":false,"name":"cartitemid","type":"token"}],"type":"void","form":false,"produces":["application/json","application/xml"],"consumes":["application/json","application/xml"]}]},{"path":"/cart/{cartId}/cartitem/{cartItemId}","operations":[{"method":"PUT","nickname":"updateCartItem","summary":"updateCartItem","notes":"Update a cart item","responseMessages":[{"code":204,"message":"Success"},{"code":409,"message":"Conflict"},{"code":400,"message":"Bad Request"},{"code":200,"message":"Success"}],"parameters":[{"paramType":"body","required":true,"allowMultiple":false,"name":"updateCartItemRequest","type":"updateCartItemRequest"},{"paramType":"body","required":true,"allowMultiple":false,"name":"cartId","type":"token"},{"paramType":"body","required":true,"allowMultiple":false,"name":"cartitemid","type":"token"}],"type":"void","form":false,"produces":["application/json","application/xml"],"consumes":["application/json","application/xml"]}]},{"path":"/cart/{cartId}/cartitem/{cartItemId}","operations":[{"method":"DELETE","nickname":"deleteCartItem","summary":"deleteCartItem","notes":"Remove a cart item","responseMessages":[{"code":200,"message":"Success"},{"code":200,"message":"Success"}],"parameters":[{"paramType":"body","required":true,"allowMultiple":false,"name":"cartId","type":"token"},{"paramType":"body","required":true,"allowMultiple":false,"name":"cartitemid","type":"token"}],"type":"void","form":false,"produces":["application/json","application/xml"],"consumes":["application/json","application/xml"]}]},{"path":"/cart/{cartId}/cartitem","operations":[{"method":"GET","nickname":"getCartItem","summary":"getCartItem","notes":"Get the list of cart items","responseMessages":[{"code":200,"message":"Success"},{"code":200,"message":"Success"}],"parameters":[{"paramType":"body","required":true,"allowMultiple":false,"name":"cartId","type":"token"}],"type":"getCartItemResponse","form":false,"produces":["application/json","application/xml"],"consumes":["application/json","application/xml"]}]},{"path":"/cart/{cartId}","operations":[{"method":"PUT","nickname":"replaceCart","summary":"replaceCart","notes":"Partially update a cart","responseMessages":[{"code":400,"message":"Bad Request"},{"code":200,"message":"Success"},{"code":200,"message":"Success"},{"code":409,"message":"Conflict"}],"parameters":[{"paramType":"body","required":true,"allowMultiple":false,"name":"cartId","type":"token"},{"paramType":"body","required":true,"allowMultiple":false,"name":"partialUpdateCartRequest","type":"replaceCartRequest"}],"type":"void","form":false,"produces":["application/json","application/xml"],"consumes":["application/json","application/xml"]}]},{"path":"/cart/{cartId}","operations":[{"method":"PUT","nickname":"udpateCart","summary":"udpateCart","notes":"Update a cart","responseMessages":[{"code":200,"message":"Success"},{"code":200,"message":"Success"},{"code":400,"message":"Bad Request"},{"code":409,"message":"Conflict"}],"parameters":[{"paramType":"body","required":true,"allowMultiple":false,"name":"udpateCartRequest","type":"udpateCartRequest"},{"paramType":"body","required":true,"allowMultiple":false,"name":"cartId","type":"token"}],"type":"void","form":false,"produces":["application/json","application/xml"],"consumes":["application/json","application/xml"]}]},{"path":"/cart/{cartId}","operations":[{"method":"DELETE","nickname":"deleteCart","summary":"deleteCart","notes":"Delete the whole cart","responseMessages":[{"code":200,"message":"Success"},{"code":200,"message":"Success"}],"parameters":[{"paramType":"body","required":true,"allowMultiple":false,"name":"cartId","type":"token"}],"type":"void","form":false,"produces":["application/json","application/xml"],"consumes":["application/json","application/xml"]}]},{"path":"/cart/{cartId}/emailaddress","operations":[{"method":"POST","nickname":"saveCart","summary":"saveCart","notes":"Triggers E\\\\\\ to send notification to customer with email Id","responseMessages":[{"code":200,"message":"Success"},{"code":200,"message":"Success"}],"parameters":[{"paramType":"body","required":true,"allowMultiple":false,"name":"saveCartRequest","type":"saveCartRequest"}],"type":"void","form":false,"produces":["application/json","application/xml"],"consumes":["application/json","application/xml"]}]},{"path":"/cart/{cartId}/carthistory","operations":[{"method":"GET","nickname":"getCartHistory","summary":"getCartHistory","notes":"Get the audit trail of cart updates","responseMessages":[{"code":200,"message":"Success"},{"code":200,"message":"Success"}],"parameters":[{"paramType":"body","required":true,"allowMultiple":false,"name":"cartId","type":"token"}],"type":"getCartHistoryResponse","form":false,"produces":["application/json","application/xml"],"consumes":["application/json","application/xml"]}]},{"path":"/cart/{cartId}/shippingoptions","operations":[{"method":"GET","nickname":"getShippingOptions","summary":"getShippingOptions","notes":"Get the shipping options for an order","responseMessages":[{"code":200,"message":"Success"},{"code":200,"message":"Success"}],"parameters":[{"paramType":"body","required":true,"allowMultiple":false,"name":"cartId","type":"token"}],"type":"getShippingOptionsResponse","form":false,"produces":["application/json","application/xml"],"consumes":["application/json","application/xml"]}]},{"path":"/cart/{cartId}/ordersummary","operations":[{"method":"GET","nickname":"getOrderSummary","summary":"getOrderSummary","notes":"Get the quotation for an order","responseMessages":[{"code":200,"message":"Success"},{"code":200,"message":"Success"}],"parameters":[{"paramType":"body","required":true,"allowMultiple":false,"name":"cartId","type":"token"}],"type":"getOrderSummaryResponse","form":false,"produces":["application/json","application/xml"],"consumes":["application/json","application/xml"]}]}],"models":{"getOrderTypesResponse":{"required":["orderTypes"],"id":"getOrderTypesResponse","name":"getOrderTypesResponse","type":"object","properties":{"orderTypes":{"name":"orderTypes","type":"string"}}},"getCartRequest":{"required":["cartId","emailId","phoneNumber"],"id":"getCartRequest","name":"getCartRequest","type":"object","properties":{"cartId":{"name":"cartId","type":"string"},"emailId":{"name":"emailId","type":"string"},"phoneNumber":{"name":"phoneNumber","type":"string"}}},"getCartResponse":{"required":["cart"],"id":"getCartResponse","name":"getCartResponse","type":"object","properties":{"cart":{"name":"cart","description":"The shopping cart contains the incomplete sales order until submission.","$ref":"Cart"}}},"Cart":{"id":"Cart","name":"cart","description":"The shopping cart contains the incomplete sales order until submission.","type":"object","properties":{"totalAmount":{"name":"totalAmount","description":"Total value of the items on this sales order including taxes or charges.","$ref":"Amount"},"totalTaxAmount":{"name":"totalTaxAmount","description":"Total tax of the items on this sales order. This is the sum of all the line item Tax Amounts","$ref":"Amount"},"extendedAmount":{"name":"extendedAmount","description":"Total value of the items on this sales order not including taxes or charges. This is the sum of all the line item Extended Amounts","$ref":"Amount"},"orderLocation":{"name":"orderLocation","description":"The geographic location where the order was placed. May be needed for tax purposes.","$ref":"Store"},"orderTime":{"name":"orderTime","description":"Identifies the date the order was submitted.","type":"string","format":"date-time"},"status":{"name":"status","description":"Status of the cart.","$ref":"CartStatus"},"priceList":{"name":"priceList","description":"Identifies the default price list used to determine prices for this order.","$ref":"PriceListReference"},"pricingTime":{"name":"pricingTime","description":"Identifies the default date used for pricing. ","type":"string","format":"date-time"},"paymentTerm":{"name":"paymentTerm","description":"Details about the payment terms for the sales order.  The period allowed for a customer to pay off the amount due on an Order.  For example 0, 5, 30, 180 days.","type":"string"},"reason":{"name":"reason","description":"Reason for changing the cart.","type":"string"},"orderType":{"name":"orderType","enum":["ACTIVATION","ADDALINE","CHANGEMSISDN","CHANGESIM","MISCELLANEOUS","ACCESSORY","UPDATECUSTOMER","CHANGEBILLCYCLE","SUSPENDLINE","RESUMELINE","CANCELACCOUNT","CHANGEOFRESPONSIBILITY","CANCELLINE","ADDFEATURE","MODIFYFEATURE","MODIFYLINE","RESETVMPASSWORD","CHANGEDEVICE","CHANGEOFFER","POSTPAYMENT"],"description":"Identifies the type of this Order.","type":"string"},"salesChannel":{"name":"salesChannel","description":"This indicates the channel of the order: Web, Call Center, Distributor A, Retail.","$ref":"SalesChannelReference"},"creditVerificationSuccess":{"name":"creditVerificationSuccess","description":"Flag to indicate whether Customer\u0027s Credit Check passed or not","$ref":"Indicator"},"customerPurchaseOrder":{"name":"customerPurchaseOrder","description":"Identifies the default customer purchase order associated with this order. Primarily used for B2B.","type":"string"},"businessUnitName":{"name":"businessUnitName","description":"The business unit within the context of which the Customer Order is defined, e.g. B2B, wholesale, etc.","type":"string"},"salesperson":{"name":"salesperson","description":"Identifies the saesperson credited with the order. Normally, the salesperson who entered it.","type":"string"},"estimatedSalesCommission":{"name":"estimatedSalesCommission","description":"Commissioning details associated with this order.","type":"array","items":{"$ref":"SalesCommission"}},"charge":{"name":"charge","description":"Charges and fees applied at the order level, not based on a specific line item.","type":"array","items":{"$ref":"Charge"}},"deduction":{"name":"deduction","description":"Discounts and rebates applied at the order level, not based on a specific line item.","type":"array","items":{"$ref":"Deduction"}},"tax":{"name":"tax","description":"Taxes applied at the order level, not based on a specific line item.","type":"array","items":{"$ref":"Tax"}},"statusHistory":{"name":"statusHistory","description":"A record of the status changes that have occurred during the life of the order.","type":"array","items":{"$ref":"CartStatus"}},"cartSpecification":{"name":"cartSpecification","description":"Name value pairs for additional cart information, such as for fraud check.","type":"array","items":{"$ref":"SpecificationGroup"}},"backOrderAllowedIndicator":{"name":"backOrderAllowedIndicator","$ref":"Indicator"},"ipAddress":{"name":"ipAddress","description":"Internet protocol address where the cart was created or saved online.","type":"string"},"deviceFingerPrintId":{"name":"deviceFingerPrintId","description":"Uniquely identifies the device that was used to create or save the cart.","type":"string"},"termsAndConditionsDisposition":{"name":"termsAndConditionsDisposition","description":"Disposition of the terms and conditions: whether they were accepted, how, and when.","$ref":"TermsAndConditionsDisposition"},"freightCharge":{"name":"freightCharge","description":"Freight charge associated with this cart.","$ref":"Charge"},"bypassPaymentProcessing":{"name":"bypassPaymentProcessing","$ref":"Indicator"},"selfReportedCreditWorthiness":{"name":"selfReportedCreditWorthiness","enum":["Excellent","Good","Building","No"],"description":"The customer\u0027s credit worthiness as they reported it during the shopping flow. Used to provide estimated pricing and eligibilty prior to performing a credit check. Not to be used for order submission.","type":"string"},"links":{"name":"links","$ref":"links"},"actionCode":{"name":"actionCode","enum":["SUBMIT","COMPLETE","CANCEL","UPDATE"],"description":"The action to be taken with the order data. ","type":"string"},"cartId":{"name":"cartId","description":"Uniquely identifies this order. ","type":"string"}}},"Amount":{"id":"Amount","name":"totalAmount","description":"Total value of the items on this sales order including taxes or charges.","type":"object","properties":{"currencyCode":{"name":"currencyCode","maxLength":3,"minLength":3,"type":"string","pattern":"[A-Z][A-Z][A-Z]"}}},"Store":{"id":"Store","name":"orderLocation","description":"The geographic location where the order was placed. May be needed for tax purposes.","type":"object","properties":{"key":{"name":"key","description":"Alternate identifiers for the store.  For example a partner organization might have their own internal store location identifiers.","type":"array","items":{"$ref":"DomainKey"}},"location":{"name":"location","description":"Information about where the store is physically located.","$ref":"Location"},"dealerCode":{"name":"dealerCode","description":"The Dealer that owns this store.","type":"string"},"partnerId":{"name":"partnerId","description":"The Partner that owns this store.","type":"string"},"relativeDistance":{"name":"relativeDistance","description":"Distance from the store to the point of inquiry.","$ref":"Measure"},"parentStoreId":{"name":"parentStoreId","description":"Uniquely identifies the primary store that this child store is associated with.","type":"string"},"specificationGroup":{"name":"specificationGroup","type":"array","items":{"$ref":"SpecificationGroup"}},"storeType":{"name":"storeType","enum":["RETAIL","TPR","DEALER","MPCS"],"type":"string"},"marketCode":{"name":"marketCode","description":"The three-letter code that uniquely identifies the market.","type":"string"},"id":{"name":"id","description":"The unique  identifier of the store, as defined by the T-Mobile system of record.","type":"string"}}},"DomainKey":{"id":"DomainKey","name":"key","description":"Alternate identifiers for the store.  For example a partner organization might have their own internal store location identifiers.","type":"object","properties":{"keyName":{"name":"keyName","description":"The name of the key identifier, within the UsageContext. For example, if an object can be \nidentified by a field called code, then keyName \u003d \"code\".","type":"string"},"keyValue":{"name":"keyValue","description":"The value of the key identifier.  For example, if an object can be \nidentified by a field called code, then keyName \u003d \"code\".  The keyValue would be set to the value of the field called \"code\".","type":"string"},"additionalKeyPart":{"name":"additionalKeyPart","description":"Additional key values that are needed to uniquely identify the object within the UsageContext.  For example, if an object can be \nidentified by (code + effectiveDate), the keyName\u003d\"code\" and additionalKeyPart/keyName \u003d \"effectiveDate\".","type":"array","items":{"$ref":"KeyPart"}},"domainName":{"name":"domainName","description":"The system or business domain that is the source of the key. For example: PREPAIDBILLING, WEBCATALOG, SAMSON, SAP.\t\t\t","type":"string"}}},"KeyPart":{"id":"KeyPart","name":"additionalKeyPart","description":"Additional key values that are needed to uniquely identify the object within the UsageContext.  For example, if an object can be \nidentified by (code + effectiveDate), the keyName\u003d\"code\" and additionalKeyPart/keyName \u003d \"effectiveDate\".","type":"object","properties":{"keyPartName":{"name":"keyPartName","type":"string"},"keyPartValue":{"name":"keyPartValue","type":"string"},"ordinal":{"name":"ordinal","type":"integer","format":"int32"}}},"Location":{"id":"Location","name":"location","description":"Information about where the store is physically located.","type":"object","properties":{"locationName":{"name":"locationName","description":"The name of the entity located at the given address.","type":"string"},"locationType":{"name":"locationType","description":"The type of entity at this location.","type":"string"},"address":{"name":"address","description":"The physical address of the entity.","$ref":"Address"},"phoneCommunication":{"name":"phoneCommunication","description":"Phone numbers associated with the location, possibly including fax numbers as well as voice lines.","type":"array","items":{"$ref":"PhoneCommunication"}},"id":{"name":"id","description":"The unique  identifier of the location.","type":"string"}}},"Address":{"required":["postalCode"],"id":"Address","name":"address","description":"The physical address of the entity.","type":"object","properties":{"addressLine1":{"name":"addressLine1","description":"The first free form line, expressed as text, of an address","type":"string"},"addressLine2":{"name":"addressLine2","description":"The first second form line, expressed as text, of an address","type":"string"},"cityName":{"name":"cityName","description":"The name, expressed as text, of the city, town or village of this address","type":"string"},"stateCode":{"name":"stateCode","description":"Code of the state in which  the city falls, where applicable(WA, TX, GA)","type":"string"},"postalCode":{"name":"postalCode","maxLength":9,"minLength":5,"description":"A code specifying the postal code of the address","type":"string"},"geoCodeID":{"name":"geoCodeID","description":"A unique code that represents a geospatial coordinate measurement of an exact geographic location and time at, below, or above the surface of the earth","type":"string"}}},"PhoneCommunication":{"required":["phoneNumber"],"id":"PhoneCommunication","name":"phoneCommunication","description":"Phone numbers associated with the location, possibly including fax numbers as well as voice lines.","type":"object","properties":{"phoneNumber":{"name":"phoneNumber","description":"The complete number without separation between \tcountry code, area code etc\n\t\t\t\t\t\t\t","type":"string"}}},"Measure":{"id":"Measure","name":"relativeDistance","description":"Distance from the store to the point of inquiry.","type":"object","properties":{"measurementUnit":{"name":"measurementUnit","description":"Unit of measure.","type":"string"}}},"SpecificationGroup":{"id":"SpecificationGroup","name":"specificationGroup","type":"object","properties":{"specificationValue":{"name":"specificationValue","description":"A specification is a property of an object that can be assigned a value.  SpecificationValue provides a structure to contain   additional details about an object, beyond the attributes that are already defined as concrete, named elements.","type":"array","items":{"$ref":"SpecificationValue"}},"name":{"name":"name","description":"The name of the group of specifications.","type":"string"}}},"SpecificationValue":{"id":"SpecificationValue","name":"specificationValue","description":"A specification is a property of an object that can be assigned a value.  SpecificationValue provides a structure to contain   additional details about an object, beyond the attributes that are already defined as concrete, named elements.","type":"object","properties":{"name":{"name":"name","description":"The name of the Specification value; a label by which the value is commonly known.  For example a name \u003d \"LongDescription\" for a value that contains a long description.","type":"string"},"value":{"name":"value","type":"string"},"currencyCode":{"name":"currencyCode","maxLength":3,"minLength":3,"description":"The currency of the SpecificationValue, if the dataType is curency.","type":"string","pattern":"[A-Z][A-Z][A-Z]"},"dataType":{"name":"dataType","description":"The data type of the value.  This is a required attribute.  The recognized data types are specified by the xml w3c standard, minus the namespace prefix.  For example xsd:boolean would be expressed as boolean.","type":"string"},"measurementUnit":{"name":"measurementUnit","description":"The unit of measure of the value, if applicable.","type":"string"},"precision":{"name":"precision","description":"For a numeric value, how many total digits are allowed.","type":"integer","format":"int32"},"scale":{"name":"scale","description":"For a numeric value,the number of digits to the right of the decimal point.","type":"integer","format":"int32"}}},"CartStatus":{"id":"CartStatus","name":"status","description":"Status of the cart.","type":"object","properties":{"name":{"name":"name","description":"The user-friendly label that defines the state of the object, as the point in time expressed by effectivePeriod.","type":"string"},"description":{"name":"description","description":"An explanation of the status.","type":"array","items":{"$ref":"Description"}},"effectivePeriod":{"name":"effectivePeriod","description":"The time during which the object is/was in this Status.","$ref":"TimePeriod"},"statusCode":{"name":"statusCode","type":"string"}}},"Description":{"id":"Description","name":"description","description":"An explanation of the status.","type":"object","properties":{"languageCode":{"name":"languageCode","maxLength":2,"minLength":2,"type":"string","pattern":"[a-z][a-z]"},"usageContext":{"name":"usageContext","description":"The frame of reference where the description is applicable. For example WEB, MOBILE DEVICE.\n\t\t\t\t\t\t","type":"string"}}},"TimePeriod":{"id":"TimePeriod","name":"effectivePeriod","description":"The time during which the object is/was in this Status.","type":"object","properties":{"startTime":{"name":"startTime","description":"Start DateTime of the Time Period","type":"string","format":"date-time"}}},"PriceListReference":{"id":"PriceListReference","name":"priceList","description":"Identifies the default price list used to determine prices for this order.","type":"object","properties":{"name":{"name":"name","type":"string"},"defaultCurrencyCode":{"name":"defaultCurrencyCode","maxLength":3,"minLength":3,"type":"string","pattern":"[A-Z][A-Z][A-Z]"},"priceListId":{"name":"priceListId","type":"string"}}},"SalesChannelReference":{"id":"SalesChannelReference","name":"salesChannel","description":"This indicates the channel of the order: Web, Call Center, Distributor A, Retail.","type":"object","properties":{"salesChannelCode":{"name":"salesChannelCode","enum":["WEB","IVR","RETAIL","NATIONALPARTNER","DEALER","CARE","MOBILE","TELESALES"],"description":"A short-hand unique identifier of the channel, for a specific usage.  For example codeKey\u003d\"CDC\" usageContext \u003d \"WEBCATALOG\"","type":"string"},"name":{"name":"name","description":"The label by which the channel is known. This is a user-friendly name, appropriate for display. This should always be populated if possible, as this is the place  \tapplications will look for a name to display to users.","type":"string"},"description":{"name":"description","description":"The primary description of the channel.  Note: only english description is needed here.","$ref":"Description"},"salesChannelId":{"name":"salesChannelId","type":"string"}}},"Indicator":{"id":"Indicator","name":"creditVerificationSuccess","description":"Flag to indicate whether Customer\u0027s Credit Check passed or not","type":"object","properties":{"name":{"name":"name","description":"An Indicator is a property of an object that can be assigned a value.","type":"string"}}},"SalesCommission":{"id":"SalesCommission","name":"estimatedSalesCommission","description":"Commissioning details associated with this order.","type":"object","properties":{"typeCode":{"name":"typeCode","type":"string"},"percentage":{"name":"percentage","description":"Percentage used to calculate the commission amount","type":"number","format":"float"},"quantity":{"name":"quantity","description":"Commission quantity which could be in monetary, points, etc.","$ref":"Quantity"},"amount":{"name":"amount","description":"Commission amount, this field is deprecated in FP2.5 in order to be consistent with other related concepts such as SalesQuota which uses a quantity field to capture the commission or quota either it is in monetary amount, points, or others.","$ref":"Amount"},"quotaCreditQuantity":{"name":"quotaCreditQuantity","description":"Quantity of quota relief or quota credit calculated in the processing currency, points, etc.","$ref":"Quantity"},"salesperson":{"name":"salesperson","description":"Identifies the salesperson being credited with this commission allocation.","type":"string"},"commissionsCode":{"name":"commissionsCode","description":"The commissions code may be a dealer code or a rep id, depending on the context.","type":"string"}}},"Quantity":{"id":"Quantity","name":"quantity","description":"Commission quantity which could be in monetary, points, etc.","type":"object","properties":{"measurementUnit":{"name":"measurementUnit","description":"Unit of quantity","type":"string"}}},"Charge":{"id":"Charge","name":"charge","description":"Charges and fees applied at the order level, not based on a specific line item.","type":"object","properties":{"typeCode":{"name":"typeCode","enum":["FEE","USAGE","PERIODIC","DOWNPAYMENT","INITIAL","FINAL","FULLPRICE","DEPOSIT"],"description":"Type of Charge","type":"string"},"chargeFrequencyCode":{"name":"chargeFrequencyCode","enum":["RECURRING","INSTALLMENT","REGULAR"],"description":"Frequency of Charge. Example monthly,yearly,quarterly","type":"string"},"basisAmount":{"name":"basisAmount","description":"The amount on which the charge is calculated. This may be different from the line amount","$ref":"Amount"},"basisQuantity":{"name":"basisQuantity","description":"The quantity used for calculating the charge. This may be different from the line quantity","$ref":"Quantity"},"amount":{"name":"amount","description":"Charge Amount in the transactional currency","$ref":"Amount"},"calculationPercent":{"name":"calculationPercent","description":"The percentage applied to the Basis Amount or Basis Quantity to calculate the charge. Either the CalculationPercent or the CalculationNumericRate can be specified","type":"number","format":"float"},"calculation":{"name":"calculation","description":"Formula used to calculate the charge described as text","type":"array","items":{"name":"calculation","type":"string"}},"discountAmount":{"name":"discountAmount","description":"The Amount by which the price is discounted","$ref":"Amount"},"discountPercent":{"name":"discountPercent","description":"The percentage by which the price is discounted","type":"number","format":"float"},"reason":{"name":"reason","description":"Reason for applying the charge, if any","type":"string"},"effectivePeriod":{"name":"effectivePeriod","$ref":"TimePeriod"},"prePaidIndicator":{"name":"prePaidIndicator","description":"An indication of whether or not the deduction is prepaid","type":"boolean"},"description":{"name":"description","description":"Description of the charge","type":"array","items":{"$ref":"Description"}},"unitListPrice":{"name":"unitListPrice","$ref":"Amount"},"unitSalePrice":{"name":"unitSalePrice","$ref":"Amount"},"dynamicPricingIndicator":{"name":"dynamicPricingIndicator","description":"Indicates whether the pricing is Committed or Dynamic.","type":"boolean"},"discountMethodCode":{"name":"discountMethodCode","description":"The type of Discount Method. Example Amount or Percent","type":"string"},"actionCode":{"name":"actionCode","description":"Specifies the action to be taken with the charge data.","type":"string"},"chargeId":{"name":"chargeId","description":"Uniquely identifies the charge.","type":"string"}}},"Deduction":{"id":"Deduction","name":"deduction","description":"Discounts and rebates applied at the order level, not based on a specific line item.","type":"object","properties":{"typeCode":{"name":"typeCode","enum":["RECURRING","ONETIME"],"description":"Identify the type of deduction","type":"string"},"basisAmount":{"name":"basisAmount","description":"The amount on which the deduction is calculated. This may be different from the line amount","$ref":"Amount"},"basisQuantity":{"name":"basisQuantity","description":"The quantity used for calculating the deduction This may be different from the line quantity","$ref":"Quantity"},"amount":{"name":"amount","description":"Deduction Amount in the transactional currency","$ref":"Amount"},"calculationPercent":{"name":"calculationPercent","description":"The percentage applied to the Basis Amount or Basis Quantity to calculate the deduction. Either the CalculationPercent or the CalculationNumericRate can be specified","type":"number","format":"float"},"calculation":{"name":"calculation","description":"Formula used to calculate the deduction described as text","type":"array","items":{"name":"calculation","type":"string"}},"reason":{"name":"reason","enum":["OVERRIDE","PROMOTION","VOLUME","GOODWILL","CORRECTION"],"description":"Reason for applying the deduction","type":"string"},"effectivePeriod":{"name":"effectivePeriod","$ref":"TimePeriod"},"prePaidIndicator":{"name":"prePaidIndicator","description":"An indication of whether or not the deduction is prepaid","type":"boolean"},"description":{"name":"description","type":"array","items":{"$ref":"Description"}},"actionCode":{"name":"actionCode","description":"Specifies the action to be taken with the deduction.","type":"string"},"deductionId":{"name":"deductionId","description":"Uniquely identifies the deduction.","type":"string"}}},"Tax":{"id":"Tax","name":"tax","description":"Taxes applied at the order level, not based on a specific line item.","type":"object","properties":{"code":{"name":"code","description":"Tax Code","type":"string"},"taxJurisdiction":{"name":"taxJurisdiction","description":"Code used to identify the taxing authority that is applicable for a specific location","type":"string"},"taxAuthorityAmount":{"name":"taxAuthorityAmount","description":"Represents the tax amount in the currency of the taxing authority in addition to the transactional tax amount which may be in a different currency","$ref":"Amount"},"amount":{"name":"amount","description":"Tax Amount in the transactional currency","$ref":"Amount"},"declarationTime":{"name":"declarationTime","description":"DateTime at which the tax value was computed","type":"string","format":"date-time"},"typeCode":{"name":"typeCode","enum":["SALES","VAT","USE","RESORT","PROPERTY","INCOME"],"description":"Identify the type of Tax. An example is type State, with ID as MA","type":"string"},"basisAmount":{"name":"basisAmount","description":"The amount on which the tax is calculated. This may be different from the line amount","$ref":"Amount"},"basisQuantity":{"name":"basisQuantity","description":"The quantity used for calculating the tax. This may be different from the line quantity","$ref":"Quantity"},"taxExemption":{"name":"taxExemption","description":"Indicates whether the","$ref":"taxExemption"},"description":{"name":"description","description":"Description of the tax","type":"array","items":{"$ref":"Description"}},"note":{"name":"note","type":"array","items":{"name":"note","type":"string"}},"taxRate":{"name":"taxRate","$ref":"Rate"},"actionCode":{"name":"actionCode","description":"Specifies the action to be taken with the tax data.","type":"string"},"id":{"name":"id","description":"Uniquely identifies the tax record.","type":"string"}}},"taxExemption":{"id":"taxExemption","name":"taxExemption","description":"Indicates whether the","type":"object","properties":{"id":{"name":"id","description":"Unique identifier for the specific tax exemption that applies to the tax.","type":"string"}}},"Rate":{"id":"Rate","name":"taxRate","type":"object","properties":{"measurementUnit":{"name":"measurementUnit","description":"Unit of quantity","type":"string"},"baseMeasurementUnit":{"name":"baseMeasurementUnit","description":"The measurement unit of the denominator of the definition of the rate.","type":"string"},"baseValue":{"name":"baseValue","description":"The value of the denominator of the defintion of the rate.","type":"number","format":"double"}}},"TermsAndConditionsDisposition":{"id":"TermsAndConditionsDisposition","name":"termsAndConditionsDisposition","description":"Disposition of the terms and conditions: whether they were accepted, how, and when.","type":"object","properties":{"acceptanceIndicator":{"name":"acceptanceIndicator","description":"Indicates whether the terms and conditions were accepted.","$ref":"Indicator"},"acceptanceTime":{"name":"acceptanceTime","description":"Date and time that the terms and conditions were accepted.","type":"string","format":"date-time"}}},"links":{"id":"links","name":"links","type":"object","properties":{"self":{"name":"self","description":"Any list of links is assumed to include a self reference.","$ref":"Link"},"customer":{"name":"customer","$ref":"Link"},"customerAccount":{"name":"customerAccount","$ref":"Link"},"financialAccount":{"name":"financialAccount","$ref":"Link"},"billingArrangement":{"name":"billingArrangement","$ref":"Link"},"creditProfile":{"name":"creditProfile","$ref":"Link"},"taxExemption":{"name":"taxExemption","type":"array","items":{"$ref":"Link"}},"attachment":{"name":"attachment","description":"References to additional documentation for the order.","type":"array","items":{"$ref":"Link"}},"promotion":{"name":"promotion","type":"array","items":{"$ref":"Link"}},"cartItem":{"name":"cartItem","type":"array","items":{"$ref":"Link"}},"shipping":{"name":"shipping","$ref":"Link"}}},"Link":{"id":"Link","name":"self","description":"Any list of links is assumed to include a self reference.","type":"object","properties":{"rel":{"name":"rel","description":"The relationship that is embodied by the link.","type":"string"},"href":{"name":"href","description":"The HTML reference that provides access to the resource in the link.","type":"string"}}},"getCartStatusResponse":{"required":["cartStatus"],"id":"getCartStatusResponse","name":"getCartStatusResponse","type":"object","properties":{"cartStatus":{"name":"cartStatus","$ref":"CartStatus"}}},"updateCartStatusRequest":{"id":"updateCartStatusRequest","name":"updateCartStatusRequest","type":"object"},"createCartRequest":{"required":["cartItem"],"id":"createCartRequest","name":"createCartRequest","type":"object","properties":{"cartItem":{"name":"cartItem","description":"The cart item contains information about a particular product offering included in the shopping cart.","$ref":"CartItem"}}},"CartItem":{"id":"CartItem","name":"cartItem","description":"The cart item contains information about a particular product offering included in the shopping cart.","type":"object","properties":{"note":{"name":"note","description":"Notes or comments about this item in the cart.","type":"array","items":{"$ref":"Note"}},"overridePriceAllowedIndicator":{"name":"overridePriceAllowedIndicator","description":"Flag indicates whether the list price may be overridden at the point of sale, with appropriate permissions.","$ref":"Indicator"},"quantity":{"name":"quantity","description":"The quantity of the product being ordered on this line. Defaults to 1.","$ref":"Quantity"},"description":{"name":"description","description":"A description of this cart item. May be captured from the product offering.","type":"array","items":{"$ref":"Description"}},"currencyCode":{"name":"currencyCode","maxLength":3,"minLength":3,"description":"Currency code used for this cart item, in case it differs from the rest of the cart.","type":"string","pattern":"[A-Z][A-Z][A-Z]"},"cartItemStatus":{"name":"cartItemStatus","description":"Status of the cart item.","$ref":"CartItemStatus"},"effectivePeriod":{"name":"effectivePeriod","description":"The time period where the cart item is effective. Allows future dating.","$ref":"EffectivePeriod"},"inventoryStatus":{"name":"inventoryStatus","description":"Status of the product in inventory.","$ref":"InventoryStatus"},"specificationGroup":{"name":"specificationGroup","description":"Miscellaneous additional information about the cart item, stored as name value pairs.","type":"array","items":{"$ref":"SpecificationGroup"}},"networkResource":{"name":"networkResource","type":"array","items":{"$ref":"NetworkResource"}},"transactionType":{"name":"transactionType","enum":["HandsetOrder","Exchange","Upgrade","SimOnly"],"description":"This field categorizes the type of order transaction being performed by the cart item.","type":"string"},"links":{"name":"links","$ref":"links"},"actionCode":{"name":"actionCode","enum":["ADD","REMOVE","RETAIN","UPDATE"],"description":"Specifies the action to be taken with the cart item in this message.","type":"string"},"cartItemId":{"name":"cartItemId","description":"Uniquely identifies the cart schedule.","type":"string"}}},"Note":{"id":"Note","name":"note","description":"Notes or comments about this item in the cart.","type":"object","properties":{"entryTime":{"name":"entryTime","description":"Date and time when the note was entered/created.","type":"string","format":"date-time"},"noteType":{"name":"noteType","description":"An extensive list of note types (500+) are defined for systematic use. Business rules determine which note to apply in a given situation.","type":"string"},"content":{"name":"content","description":"Addiitonal descriptive information entered by the author to supplement the system text.","type":"string"},"author":{"name":"author","description":"Identifies the author of the note.","type":"string"},"id":{"name":"id","description":"Unique identifier assigned by the system of record.","type":"string"},"language":{"name":"language","maxLength":2,"minLength":2,"description":"Identifier for the language used in the description.  Value is the ISO 639-1 Code, a two letter code such as   (en-US,en-CA,en-GB)defined at www.w3.org/standards ","type":"string","pattern":"[a-z][a-z]"}}},"CartItemStatus":{"id":"CartItemStatus","name":"cartItemStatus","description":"Status of the cart item.","type":"object","properties":{"name":{"name":"name","description":"The user-friendly label that defines the state of the object, as the point in time expressed by effectivePeriod.","type":"string"},"description":{"name":"description","description":"An explanation of the status.","type":"array","items":{"$ref":"Description"}},"effectivePeriod":{"name":"effectivePeriod","description":"The time during which the object is/was in this Status.","$ref":"TimePeriod"},"statusCode":{"name":"statusCode","type":"string"}}},"EffectivePeriod":{"id":"EffectivePeriod","name":"effectivePeriod","description":"The time period where the cart item is effective. Allows future dating.","type":"object","properties":{"startTime":{"name":"startTime","description":"Start DateTime of the Time Period","type":"string","format":"date-time"},"usageContext":{"name":"usageContext","type":"string"}}},"InventoryStatus":{"id":"InventoryStatus","name":"inventoryStatus","description":"Status of the product in inventory.","type":"object","properties":{"name":{"name":"name","description":"The user-friendly label that defines the state of the object, as the point in time expressed by effectivePeriod.","type":"string"},"description":{"name":"description","description":"An explanation of the status.","type":"array","items":{"$ref":"Description"}},"effectivePeriod":{"name":"effectivePeriod","description":"The time during which the object is/was in this Status.","$ref":"TimePeriod"},"statusCode":{"name":"statusCode","enum":["AVAILABLE","BACKORDER","OUTOFSTOCK","PREORDER"],"type":"string"}}},"NetworkResource":{"required":["billingSystem"],"id":"NetworkResource","name":"networkResource","type":"object","properties":{"imei":{"name":"imei","maxLength":15,"minLength":15,"type":"string","pattern":"[0-9]{15}"},"specification":{"name":"specification","$ref":"SpecificationGroup"},"sim":{"name":"sim","$ref":"SIM"},"mobileNumber":{"name":"mobileNumber","$ref":"MobileNumber"},"timeZone":{"name":"timeZone","type":"string"},"resourceStatus":{"name":"resourceStatus","type":"array","items":{"$ref":"ResourceStatus"}},"resourceSpecification":{"name":"resourceSpecification","type":"array","items":{"$ref":"SpecificationGroup"}},"businessUnit":{"name":"businessUnit","description":"Magenta, Metro PCS, Walmart Family Mobile.","type":"string"},"brand":{"name":"brand","enum":["T-Mobile","MetroPCS","Brightspot","WalmartFamilyMobile","Solaveil","UVM","GoSmart"],"type":"string"},"billingSystem":{"name":"billingSystem","enum":["RPX","WHOLESALE","SAMSON","ACC","MVNEACC","METROPCS","TBILL"],"description":"The T-Mobile billing system that is involved in the transaction.","type":"string"},"actionCode":{"name":"actionCode","type":"string"},"resourceId":{"name":"resourceId","type":"string"}}},"SIM":{"required":["simNumber"],"id":"SIM","name":"sim","type":"object","properties":{"simNumber":{"name":"simNumber","maxLength":19,"minLength":19,"type":"string","pattern":"[0-9]{19}"},"imsi":{"name":"imsi","maxLength":15,"minLength":15,"type":"string"},"simType":{"name":"simType","description":"Code identifying the type of SIM, such as GBA or ISIS. The type of SIM implies enabling a type of service. GBA sims are required to enable wifi calling.","type":"array","items":{"name":"simType","enum":["GBA","ISIS","2G","UICC","GSM","MBB"],"type":"string"}},"pinUnlockKey1":{"name":"pinUnlockKey1","maxLength":8,"minLength":8,"type":"string"},"pinUnlockKey2":{"name":"pinUnlockKey2","maxLength":8,"minLength":8,"description":"Second PIN Unlock Key, used in the case of a dual SIM.","type":"string"}}},"MobileNumber":{"id":"MobileNumber","name":"mobileNumber","type":"object","properties":{"msisdn":{"name":"msisdn","maxLength":15,"minLength":10,"type":"string","pattern":"[0-9]{10,15}"},"numberGroup":{"name":"numberGroup","description":"Toll area containing one or more area codes.","type":"string"},"portIndicator":{"name":"portIndicator","$ref":"Indicator"},"portReason":{"name":"portReason","type":"string"}}},"ResourceStatus":{"id":"ResourceStatus","name":"resourceStatus","type":"object","properties":{"name":{"name":"name","description":"The user-friendly label that defines the state of the object, as the point in time expressed by effectivePeriod.","type":"string"},"description":{"name":"description","description":"An explanation of the status.","type":"array","items":{"$ref":"Description"}},"effectivePeriod":{"name":"effectivePeriod","description":"The time during which the object is/was in this Status.","$ref":"TimePeriod"},"statusCode":{"name":"statusCode","enum":["RESERVED","AVAILABLE","INUSE","AGING","BLOCKED"],"description":"A short hand identifier for the state of the object, at the point in time specified by the effectivePeriod.","type":"string"},"subStatusCode":{"name":"subStatusCode","description":"A finer division of code.","type":"string"}}},"createCartResponse":{"required":["cartId","cartItemId"],"id":"createCartResponse","name":"createCartResponse","type":"object","properties":{"cartId":{"name":"cartId","type":"string"},"cartItemId":{"name":"cartItemId","type":"string"}}},"createCartItemRequest":{"required":["cartItem"],"id":"createCartItemRequest","name":"createCartItemRequest","type":"object","properties":{"cartItem":{"name":"cartItem","description":"The cart item contains information about a particular product offering included in the shopping cart.","$ref":"CartItem"}}},"createCartItemResponse":{"required":["cartId","cartItemId"],"id":"createCartItemResponse","name":"createCartItemResponse","type":"object","properties":{"cartId":{"name":"cartId","type":"string"},"cartItemId":{"name":"cartItemId","type":"string"}}},"getCartItem,DetailsResponse":{"required":["cartItem"],"id":"getCartItem,DetailsResponse","name":"getCartItem,DetailsResponse","type":"object","properties":{"cartItem":{"name":"cartItem","description":"The cart item contains information about a particular product offering included in the shopping cart.","$ref":"CartItem"}}},"replaceCartItemRequest":{"required":["cartitem"],"id":"replaceCartItemRequest","name":"replaceCartItemRequest","type":"object","properties":{"cartitem":{"name":"cartitem","$ref":"CartItem"}}},"updateCartItemRequest":{"required":["cartitem"],"id":"updateCartItemRequest","name":"updateCartItemRequest","type":"object","properties":{"cartitem":{"name":"cartitem","$ref":"CartItem"}}},"getCartItemResponse":{"required":["cartItem"],"id":"getCartItemResponse","name":"getCartItemResponse","type":"object","properties":{"cartItem":{"name":"cartItem","description":"The cart item contains information about a particular product offering included in the shopping cart.","$ref":"CartItem"}}},"replaceCartRequest":{"required":["cart"],"id":"replaceCartRequest","name":"replaceCartRequest","type":"object","properties":{"cart":{"name":"cart","description":"The shopping cart contains the incomplete sales order until submission.","$ref":"Cart"}}},"udpateCartRequest":{"required":["cart"],"id":"udpateCartRequest","name":"udpateCartRequest","type":"object","properties":{"cart":{"name":"cart","description":"The shopping cart contains the incomplete sales order until submission.","$ref":"Cart"}}},"saveCartRequest":{"required":["emailAddress","cartId","phoneNumber"],"id":"saveCartRequest","name":"saveCartRequest","type":"object","properties":{"emailAddress":{"name":"emailAddress","type":"string"},"cartId":{"name":"cartId","type":"string"},"phoneNumber":{"name":"phoneNumber","type":"string"}}},"getCartHistoryResponse":{"required":["auditTrail"],"id":"getCartHistoryResponse","name":"getCartHistoryResponse","type":"object","properties":{"auditTrail":{"name":"auditTrail","$ref":"AuditTrail"}}},"AuditTrail":{"id":"AuditTrail","name":"auditTrail","type":"object","properties":{"creationContext":{"name":"creationContext","$ref":"AuditContext"},"updateContext":{"name":"updateContext","type":"array","items":{"$ref":"AuditContext"}}}},"AuditContext":{"id":"AuditContext","name":"creationContext","type":"object","properties":{"userName":{"name":"userName","type":"string"},"eventDate":{"name":"eventDate","type":"string","format":"date-time"},"applicationName":{"name":"applicationName","type":"string"},"channelCode":{"name":"channelCode","type":"string"}}},"getShippingOptionsResponse":{"required":["specificationGroup"],"id":"getShippingOptionsResponse","name":"getShippingOptionsResponse","type":"object","properties":{"specificationGroup":{"name":"specificationGroup","$ref":"SpecificationGroup"}}},"getOrderSummaryResponse":{"id":"getOrderSummaryResponse","name":"getOrderSummaryResponse","type":"object"}}}