{"apiVersion":"1","swaggerVersion":"1.2","basePath":"/v1/claim","resourcePath":"/v1/claim","apis":[{"path":"/","description":"\u003cbr\u003e","operations":[{"method":"POST","nickname":"createClaim","summary":"createClaim","notes":"\u003cspan lang\u003d\"EN-US\" style\u003d\"font-size:11.0pt;font-family:\u003cbr /\u003e\u0026quot;Calibri\u0026quot;,sans-serif;mso-ascii-theme-font:minor-latin;mso-fareast-font-family:\u003cbr /\u003e\u0026quot;Times New Roman\u0026quot;;mso-hansi-theme-font:minor-latin;mso-bidi-font-family:\u0026quot;Times New Roman\u0026quot;;\u003cbr /\u003emso-ansi-language:EN-US;mso-fareast-language:EN-US;mso-bidi-language:AR-SA\"\u003eThis service only support one claim per service call. In case of Multiline claim this service needs to be invoked multiple times.\u003c/span\u003e","responseMessages":[{"code":201,"message":"Created"},{"code":400,"message":"Bad request"}],"parameters":[{"paramType":"body","required":true,"allowMultiple":false,"name":"claim","type":"claim"}],"type":"ResponseStatus","form":false,"produces":["application/json","application/xml"],"consumes":["application/json","application/xml"]}]},{"path":"/{claimId}","description":"\u003cbr\u003e","operations":[{"method":"GET","nickname":"getClaimdetails","summary":"getClaimdetails","notes":"\u003cspan style\u003d\"-webkit-text-stroke-width: 0.100000001490116px;\"\u003eThis API would return the claim details based on claim id.\u003c/span\u003e","responseMessages":[{"code":404,"message":"Not Found"},{"code":200,"message":"Happy Path"}],"parameters":[{"paramType":"body","required":false,"allowMultiple":false,"name":"claimId","type":"token"}],"type":"claim","form":false,"produces":["application/json","application/xml"],"consumes":["application/json","application/xml"]}]},{"path":"/deviceproblem","description":"\u003cbr\u003e","operations":[{"method":"GET","nickname":"getDeviceProblems","summary":"getDeviceProblems","notes":"\u003cspan style\u003d\"-webkit-text-stroke-width: 0.100000001490116px;\"\u003eThis API will get the list of phone problems from back end. This will be used as Reference Data service which will be used while creating a claim for Jump Upgrades.\u003c/span\u003e","responseMessages":[{"code":404,"message":"Not Found"},{"code":200,"message":"Happy Path"}],"type":"DeviceProblems","form":false,"produces":["application/json","application/xml"],"consumes":["application/json","application/xml"]}]}],"models":{"claim":{"id":"claim","name":"claim","description":"An insurance claim.","type":"object","properties":{"claimTime":{"name":"claimTime","description":"Date when the claim was initiated.","type":"string","format":"date-time"},"lossDate":{"name":"lossDate","description":"The date when the loss occurred.","type":"string","format":"date-time"},"serialNumber":{"name":"serialNumber","description":"The serial number of the device, which may be the IMEI for a GSM device.","type":"string"},"sku":{"name":"sku","maxLength":50,"description":"The SKU or Stock Keeping Unit of the device.","type":"string"},"claimStatus":{"name":"claimStatus","description":"The status of the claim.","type":"array","items":{"$ref":"claimStatus"}},"lossDescription":{"name":"lossDescription","description":"A description of the loss incurred.","type":"array","items":{"$ref":"lossDescription"}},"problemDescription":{"name":"problemDescription","description":"A description of the problem with the device.","type":"array","items":{"$ref":"problemDescription"}},"actionCode":{"name":"actionCode","type":"string"},"claimId":{"name":"claimId","type":"string"},"referenceURI":{"name":"referenceURI","type":"string"},"claimant":{"name":"claimant","description":"Contact information for the individual making the claim.","$ref":"claimant"},"insuredParty":{"name":"insuredParty","description":"Contact information for the insured party.","$ref":"insuredParty"},"lossType":{"name":"lossType","enum":["PHYSICAL_DAMAGE","MECHANICAL_BREAKDOWN","MISSING_OR_LOST","THEFT"],"description":"The type of loss that occurred.","type":"string"},"manufacturerName":{"name":"manufacturerName","description":"The name of the manufacturer of the device.","type":"string"},"deviceModel":{"name":"deviceModel","description":"The name of the model of the device.","type":"string"},"lineOfService":{"name":"lineOfService","description":"Uniquely identifies the line of service using the device being claimed.","$ref":"lineOfService"},"financialAccount":{"name":"financialAccount","description":"Uniquely identifies the billing or financial account.","$ref":"financialAccount"},"claimAttachment":{"name":"claimAttachment","description":"An attachment to the claim, in the form of an embedded file or a pointer to a resource.","type":"array","items":{"$ref":"claimAttachment"}},"note":{"name":"note","description":"A note associated with the claim.","type":"array","items":{"$ref":"note"}},"claimSpecification":{"name":"claimSpecification","description":"Name value pairs providing additonal parameters for the claim.","type":"array","items":{"$ref":"claimSpecification"}},"catastropheType":{"name":"catastropheType","enum":["Earthquake","Tsunami","Thunderstorm","Flood","WinterStorm","TropicalCyclone","Fire"],"description":"If the claim was associated with a catastrophe, the type of catastrophe whould be specified.","type":"string"},"policyType":{"name":"policyType","enum":["DRP","JUMP","JUMP2"],"type":"string"},"weatherConditions":{"name":"weatherConditions","description":"A description of the weather conditions at the time of loss, if pertinent to the claim.","type":"string"},"deductibleAmount":{"name":"deductibleAmount","$ref":"deductibleAmount"},"estimatedAmount":{"name":"estimatedAmount","description":"Estimated amount of the pay out for the claim.","$ref":"estimatedAmount"},"actualAmount":{"name":"actualAmount","description":"Actual amount of the pay out for the claim.","$ref":"actualAmount"},"authorizationCode":{"name":"authorizationCode","type":"string"},"authorizationTime":{"name":"authorizationTime","type":"string","format":"date-time"},"devicePurchaseDate":{"name":"devicePurchaseDate","description":"Date when the device was purchased.","type":"string","format":"date-time"},"requestedAmount":{"name":"requestedAmount","description":"Amount requested for the pay out of the claim.","$ref":"requestedAmount"},"insurancePurchaseDate":{"name":"insurancePurchaseDate","description":"Date when the insurance policy was purchased. Normally within 14 days of the initial device purchase.","type":"string","format":"date-time"}}},"claimStatus":{"id":"claimStatus","name":"claimStatus","description":"The status of the claim.","type":"object","properties":{"name":{"name":"name","description":"The user-friendly label that defines the state of the object, as the point in time expressed by effectivePeriod.","type":"string"},"description":{"name":"description","description":"An explanation of the status.","type":"array","items":{"$ref":"description"}},"effectivePeriod":{"name":"effectivePeriod","description":"The time during which the object is/was in this Status.","$ref":"effectivePeriod"},"reasonCode":{"name":"reasonCode","type":"string"},"statusCode":{"name":"statusCode","type":"string"}}},"description":{"id":"description","name":"description","description":"An explanation of the status.","type":"object","properties":{"languageCode":{"name":"languageCode","maxLength":2,"minLength":2,"type":"string","pattern":"[a-z][a-z]"},"usageContext":{"name":"usageContext","description":"The frame of reference where the description is applicable. For example WEB, MOBILE DEVICE.\n\t\t\t\t\t\t","type":"string"}}},"effectivePeriod":{"id":"effectivePeriod","name":"effectivePeriod","description":"The time during which the object is/was in this Status.","type":"object","properties":{"startTime":{"name":"startTime","description":"Start DateTime of the Time Period","type":"string","format":"date-time"},"duration":{"name":"duration","description":"Duration of the Time Period. For additional information on the duration data type see:  http://www.w3schools.com/schema/schema_dtypes_date.asp","type":"string"},"endTime":{"name":"endTime","description":"End Date Time of the Time Period","type":"string","format":"date-time"}}},"lossDescription":{"id":"lossDescription","name":"lossDescription","description":"A description of the loss incurred.","type":"object","properties":{"languageCode":{"name":"languageCode","maxLength":2,"minLength":2,"type":"string","pattern":"[a-z][a-z]"},"usageContext":{"name":"usageContext","description":"The frame of reference where the description is applicable. For example WEB, MOBILE DEVICE.\n\t\t\t\t\t\t","type":"string"}}},"problemDescription":{"id":"problemDescription","name":"problemDescription","description":"A description of the problem with the device.","type":"object","properties":{"languageCode":{"name":"languageCode","maxLength":2,"minLength":2,"type":"string","pattern":"[a-z][a-z]"},"usageContext":{"name":"usageContext","description":"The frame of reference where the description is applicable. For example WEB, MOBILE DEVICE.\n\t\t\t\t\t\t","type":"string"}}},"claimant":{"id":"claimant","name":"claimant","description":"Contact information for the individual making the claim.","type":"object","properties":{"personName":{"name":"personName","description":"Name of the person to be contacted.","type":"array","items":{"$ref":"personName"}},"jobTitle":{"name":"jobTitle","description":"Job title or role of the person to be contacted.","type":"array","items":{"name":"jobTitle","type":"string"}},"companyName":{"name":"companyName","description":"Name of the company where the person can be contacted","type":"string"},"status":{"name":"status","type":"array","items":{"$ref":"status"}},"preference":{"name":"preference","description":"Precedence, advantage, or choice of one contact over another","$ref":"preference"},"addressCommunication":{"name":"addressCommunication","type":"array","items":{"$ref":"addressCommunication"}},"phoneCommunication":{"name":"phoneCommunication","type":"array","items":{"$ref":"phoneCommunication"}},"emailCommunication":{"name":"emailCommunication","type":"array","items":{"$ref":"emailCommunication"}},"websiteCommunication":{"name":"websiteCommunication","type":"array","items":{"$ref":"websiteCommunication"}},"preferredLanguage":{"name":"preferredLanguage","description":"The preferred language of communication in the specified usage context. ISO 639-1 Code (en-US,en-CA,en-GB)","type":"array","items":{"$ref":"preferredLanguage"}},"preferredCommunicationChannel":{"name":"preferredCommunicationChannel","description":"Precedence, advantage, or choice of one communication channel, for example  email vs phone","type":"array","items":{"$ref":"preferredCommunicationChannel"}},"socialCommunication":{"name":"socialCommunication","type":"array","items":{"$ref":"socialCommunication"}},"securityProfile":{"name":"securityProfile","$ref":"securityProfile"},"id":{"name":"id","description":"Uniquely identifies the Contact.","type":"string"},"referenceURI":{"name":"referenceURI","type":"string"}}},"personName":{"id":"personName","name":"personName","description":"Name of the person to be contacted.","type":"object","properties":{"nameType":{"name":"nameType","description":"Type of name such as Legal name, official name and so on.","type":"string"},"fullName":{"name":"fullName","description":"The person\u0027s full name.","type":"string"},"firstName":{"name":"firstName","description":"Is the Persons given name or first name","type":"string"},"middleName":{"name":"middleName","description":"Is the persons middle name or initial.","type":"array","items":{"name":"middleName","type":"string"}},"familyName":{"name":"familyName","description":"Is the persons family name","type":"array","items":{"name":"familyName","type":"string"}},"maidenName":{"name":"maidenName","description":"A married name is the family name adopted by a person upon marriage, and in speaking of the many cultures where the practice is traditional for women, the maiden name is the family name that the married name replaces.","type":"string"},"title":{"name":"title","description":"Is the title of the person. For example Dr, Senator, Mr..","type":"array","items":{"name":"title","type":"string"}},"salutation":{"name":"salutation","description":"Way the person is addressed e.g. Honorable etc?","type":"array","items":{"name":"salutation","type":"string"}},"prefix":{"name":"prefix","description":"Prefix to the last name that is not considered part of the last name, such as German von or French dela, etc.","type":"string"},"suffix":{"name":"suffix","description":"Suffix to the last name, such as Senior, III, the Third etc. \n","type":"string"},"militaryRank":{"name":"militaryRank","description":"Military Rank \n","type":"string"},"preferredName":{"name":"preferredName","description":"Name by which the person prefers to be addressed","type":"string"},"aliasName":{"name":"aliasName","description":"Alias by which the person is known","type":"array","items":{"name":"aliasName","type":"string"}},"effectivePeriod":{"name":"effectivePeriod","description":"A period of time for which the name is effective.","$ref":"effectivePeriod"},"id":{"name":"id","type":"string"}}},"status":{"id":"status","name":"status","type":"object","properties":{"name":{"name":"name","description":"The user-friendly label that defines the state of the object, as the point in time expressed by effectivePeriod.","type":"string"},"description":{"name":"description","description":"An explanation of the status.","type":"array","items":{"$ref":"description"}},"effectivePeriod":{"name":"effectivePeriod","description":"The time during which the object is/was in this Status.","$ref":"effectivePeriod"},"reasonCode":{"name":"reasonCode","type":"string"},"statusCode":{"name":"statusCode","enum":["VALIDATED","NONVALIDATED"],"description":"A short hand identifier for the state of the object, at the point in time specified by the effectivePeriod.","type":"string"},"subStatusCode":{"name":"subStatusCode","description":"A finer division of code.","type":"string"}}},"preference":{"id":"preference","name":"preference","description":"Precedence, advantage, or choice of one contact over another","type":"object","properties":{"preferred":{"name":"preferred","description":"Indicator if this is a preferred communication. If false, this communication should be less used.\n\t\t\t\t\t","type":"boolean"},"ranking":{"name":"ranking","description":"Priority of ranking of the associated object or component. The lower the number, the higher the priority.\n\t\t\t\t\t","type":"integer","format":"int32"}}},"addressCommunication":{"id":"addressCommunication","name":"addressCommunication","type":"object","properties":{"preference":{"name":"preference","description":"Precedence, advantage, or choice of one communication over another","$ref":"preference"},"effectivePeriod":{"name":"effectivePeriod","description":"The segment of time when the communication is valid/available.\t\t\t\t\t","$ref":"effectivePeriod"},"privacyProfile":{"name":"privacyProfile","description":"Privacy controls for this communication, indicating the circumstances in which this communication should be\nused.\n\t\t\t\t\t","type":"array","items":{"$ref":"privacyProfile"}},"collectionSource":{"name":"collectionSource","enum":["CUSTOMER","ACXIOM","CENSUS","DRG","FACEBOOK","LINKEDIN","OTHER","EMPLOYER","GOOGLEPLUS","TWITTER"],"type":"string"},"id":{"name":"id","type":"string"},"address":{"name":"address","description":"The mailing (postal) or physical address.","$ref":"address"},"usageContext":{"name":"usageContext","description":"The Address Usage Context specifies a way in which the address should be used.","type":"array","items":{"name":"usageContext","enum":["HOME","WORK","MAILING","SHIPPING","BILLING","PHYSICAL","E911","PPU","SKIPTRACE"],"type":"string"}},"communicationStatus":{"name":"communicationStatus","description":"The status of the address for communication.","$ref":"communicationStatus"}}},"privacyProfile":{"id":"privacyProfile","name":"privacyProfile","description":"Privacy controls for this communication, indicating the circumstances in which this communication should be\nused.\n\t\t\t\t\t","type":"object","properties":{"optOut":{"name":"optOut","enum":["DEFAULT","OPTIN","OPTOUT"],"description":"Indicates the opt out option.\nIf true, this communication cannot be used for telemarketing calls, mails, emails...etc. ","type":"string"},"reason":{"name":"reason","description":"Indicates the reason for applying the Opt Out, if any.\n\t\t\t\t\t","type":"string"},"activityType":{"name":"activityType","enum":["BILLING","MARKETING"],"description":"Indicates the type of marketing activity that the customer has opted out from. If no value is provided, it is assumed that the customer has opted out from all marketing activity through this communication channel. ","type":"string"}}},"address":{"id":"address","name":"address","description":"The mailing (postal) or physical address.","type":"object","properties":{"addressFormatType":{"name":"addressFormatType","enum":["STREET","POBOX","MILITARY","FOREIGN","HIGHWAY","RURALROUTE"],"description":"A code specifying the format of this address(STREET_ADDRESS, POBOX_ADDRESS,MILITARY_ADDRESS,FOREIGN_ADDRESS,HWY_ADDRESS,RURALROUTE_ADDRESS)","type":"string"},"addressLine1":{"name":"addressLine1","description":"The first free form line, expressed as text, of an address","type":"string"},"addressLine2":{"name":"addressLine2","description":"The first second form line, expressed as text, of an address","type":"string"},"addressLine3":{"name":"addressLine3","description":"The third free form line, expressed as text, of an address","type":"string"},"addressLine4":{"name":"addressLine4","description":"The fourth free form line, expressed as text, of an address","type":"string"},"cityName":{"name":"cityName","description":"The name, expressed as text, of the city, town or village of this address","type":"string"},"stateName":{"name":"stateName","description":"Name of the state in which  the city falls, where applicable","type":"string"},"stateCode":{"name":"stateCode","description":"Code of the state in which  the city falls, where applicable(WA, TX, GA)","type":"string"},"provinceName":{"name":"provinceName","description":"Name of the province where the address is located, if applicable","type":"string"},"provinceCode":{"name":"provinceCode","description":"Code of the province where the address is located, if applicable(OX,PQ)","type":"string"},"countyName":{"name":"countyName","description":"County Name, if applicable","type":"string"},"countryCode":{"name":"countryCode","maxLength":3,"minLength":3,"description":"The unique identifier of a country for this address (Reference ISO 3166 and UN/ECE Rec 3)","type":"string","pattern":"[A-Z][A-Z][A-Z]"},"countryName":{"name":"countryName","description":"The name of a country for this address (Reference ISO 3166 and UN/ECE Rec 3)","type":"string"},"attentionOf":{"name":"attentionOf","description":"The name, expressed as text, of a person or department in the organization to whom incoming mail is marked with words such as \u0027for the attention of\u0027 or \u0027FAO\u0027 or \u0027ATTN\u0027 for this address","type":"string"},"careOf":{"name":"careOf","description":"The name, expressed as text, of a person or organization at this address to whom incoming mail is marked with words such as \u0027care of\u0027 or \u0027C/O\u0027","type":"string"},"postalCode":{"name":"postalCode","maxLength":9,"minLength":5,"description":"A code specifying the postal code of the address","type":"string"},"postalCodeExtension":{"name":"postalCodeExtension","description":"An extension to the postalcode of the address, e.g., in 94070-3541, the extension is 3541.","type":"string"},"geoCodeID":{"name":"geoCodeID","description":"A unique code that represents a geospatial coordinate measurement of an exact geographic location and time at, below, or above the surface of the earth","type":"string"},"uncertaintyIndicator":{"name":"uncertaintyIndicator","description":"Uncertainty code for geoCode: \u0027FULL\u0027-Full Address, \u0027ZIP\u0027-Rural Zip+4, \u0027E\u0027-Rural Zip+2, \u0027RURAL\u0027-Rural Zip, \u0027D\u0027-Street Zip+4, \u0027L\u0027-Street Zip+2, \u0027STREET\u0027-Street zip","type":"string"},"inCityLimitIndicator":{"name":"inCityLimitIndicator","description":"Indicates whether or not this address is within the taxing boundary of the jurisdiction that\u0027s provided in the address.","type":"boolean"},"geographicCoordinates":{"name":"geographicCoordinates","$ref":"geographicCoordinates"},"countyCode":{"name":"countyCode","description":"A numeric code identifying the county from the Federal Information Processing Standard (FIPS).","type":"string"}}},"geographicCoordinates":{"id":"geographicCoordinates","name":"geographicCoordinates","type":"object","properties":{"latitude":{"name":"latitude","type":"string"},"longitude":{"name":"longitude","type":"string"}}},"communicationStatus":{"id":"communicationStatus","name":"communicationStatus","description":"The status of the address for communication.","type":"object","properties":{"name":{"name":"name","description":"The user-friendly label that defines the state of the object, as the point in time expressed by effectivePeriod.","type":"string"},"description":{"name":"description","description":"An explanation of the status.","type":"array","items":{"$ref":"description"}},"effectivePeriod":{"name":"effectivePeriod","description":"The time during which the object is/was in this Status.","$ref":"effectivePeriod"},"reasonCode":{"name":"reasonCode","type":"string"},"statusCode":{"name":"statusCode","enum":["VALIDATED","NONVALIDATED","UNDELIVERABLE"],"description":"A short hand identifier for the state of the object, at the point in time specified by the effectivePeriod.","type":"string"},"subStatusCode":{"name":"subStatusCode","enum":["OVERWRITTEN"],"description":"A finer division of code.","type":"string"}}},"phoneCommunication":{"id":"phoneCommunication","name":"phoneCommunication","type":"object","properties":{"preference":{"name":"preference","description":"Precedence, advantage, or choice of one communication over another","$ref":"preference"},"effectivePeriod":{"name":"effectivePeriod","description":"The segment of time when the communication is valid/available.\t\t\t\t\t","$ref":"effectivePeriod"},"privacyProfile":{"name":"privacyProfile","description":"Privacy controls for this communication, indicating the circumstances in which this communication should be\nused.\n\t\t\t\t\t","type":"array","items":{"$ref":"privacyProfile"}},"collectionSource":{"name":"collectionSource","enum":["CUSTOMER","ACXIOM","CENSUS","DRG","FACEBOOK","LINKEDIN","OTHER","EMPLOYER","GOOGLEPLUS","TWITTER"],"type":"string"},"id":{"name":"id","type":"string"},"phoneType":{"name":"phoneType","enum":["LANDLINE","MOBILE","FAX","SATELLITE"],"description":"Indicates the type of Phone Communication. ","type":"string"},"phoneNumber":{"name":"phoneNumber","description":"The complete number without separation between \tcountry code, area code etc\n\t\t\t\t\t\t\t","type":"string"},"countryDialingCode":{"name":"countryDialingCode","description":"The country dialing code for a telephone communication number.\n\t\t\t\t\t\t\t","type":"string"},"areaCode":{"name":"areaCode","description":"The area dialing code for a communication number\n\t\t\t\t\t\t\t","type":"string"},"localNumber":{"name":"localNumber","description":"The communication number, not including country dialing or area dialing codes\n\t\t\t\t\t\t\t","type":"string"},"phoneExtension":{"name":"phoneExtension","description":"The extension of the associated communication\nnumber\n\t\t\t\t\t\t\t","type":"string"},"accessCode":{"name":"accessCode","description":"The text that permits access to the electronic network of the associated ommunication number such as telephone network, for example 9, *70.\n\t\t\t\t\t\t\t","type":"string"},"serviceUsageType":{"name":"serviceUsageType","description":"Indicates what type of phone service is governed by this Communication. Example, SMS, MMS ","type":"array","items":{"name":"serviceUsageType","enum":["SMS","VOICE"],"type":"string"}},"usageContext":{"name":"usageContext","type":"array","items":{"name":"usageContext","enum":["PRIMARY","SECONDARY","BILLING","HOME","WORK","DATANOTIFY","OTHER","SECURITY","SKIPTRACE"],"type":"string"}},"communicationStatus":{"name":"communicationStatus","$ref":"communicationStatus"}}},"emailCommunication":{"id":"emailCommunication","name":"emailCommunication","type":"object","properties":{"preference":{"name":"preference","description":"Precedence, advantage, or choice of one communication over another","$ref":"preference"},"effectivePeriod":{"name":"effectivePeriod","description":"The segment of time when the communication is valid/available.\t\t\t\t\t","$ref":"effectivePeriod"},"privacyProfile":{"name":"privacyProfile","description":"Privacy controls for this communication, indicating the circumstances in which this communication should be\nused.\n\t\t\t\t\t","type":"array","items":{"$ref":"privacyProfile"}},"collectionSource":{"name":"collectionSource","enum":["CUSTOMER","ACXIOM","CENSUS","DRG","FACEBOOK","LINKEDIN","OTHER","EMPLOYER","GOOGLEPLUS","TWITTER"],"type":"string"},"id":{"name":"id","type":"string"},"emailAddress":{"name":"emailAddress","description":"URI in the case of email communication\n\t\t\t\t\t\t\t","type":"string"},"emailFormat":{"name":"emailFormat","enum":["HTML","PLAINTEXT","RICHTEXT"],"description":"Indicates that the communication is preferred\tin HTML format, Plain Text, Rich Text.\n\t\t\t\t\t\t\t","type":"string"},"usageContext":{"name":"usageContext","type":"array","items":{"name":"usageContext","enum":["PRIMARY","SECONDARY","BILLING","HOME","WORK","DATANOTIFY","OTHER","SECURITY"],"type":"string"}},"communicationStatus":{"name":"communicationStatus","$ref":"communicationStatus"}}},"websiteCommunication":{"id":"websiteCommunication","name":"websiteCommunication","type":"object","properties":{"preference":{"name":"preference","description":"Precedence, advantage, or choice of one communication over another","$ref":"preference"},"effectivePeriod":{"name":"effectivePeriod","description":"The segment of time when the communication is valid/available.\t\t\t\t\t","$ref":"effectivePeriod"},"privacyProfile":{"name":"privacyProfile","description":"Privacy controls for this communication, indicating the circumstances in which this communication should be\nused.\n\t\t\t\t\t","type":"array","items":{"$ref":"privacyProfile"}},"collectionSource":{"name":"collectionSource","enum":["CUSTOMER","ACXIOM","CENSUS","DRG","FACEBOOK","LINKEDIN","OTHER","EMPLOYER","GOOGLEPLUS","TWITTER"],"type":"string"},"id":{"name":"id","type":"string"},"websiteURI":{"name":"websiteURI","description":"URI or URL for the communication\n\t\t\t\t\t\t\t","type":"string"},"usageContext":{"name":"usageContext","type":"array","items":{"name":"usageContext","enum":["PERSONAL","BUSINESS"],"type":"string"}},"communicationStatus":{"name":"communicationStatus","$ref":"communicationStatus"}}},"preferredLanguage":{"id":"preferredLanguage","name":"preferredLanguage","description":"The preferred language of communication in the specified usage context. ISO 639-1 Code (en-US,en-CA,en-GB)","type":"object","properties":{"usageContext":{"name":"usageContext","type":"string"}}},"preferredCommunicationChannel":{"id":"preferredCommunicationChannel","name":"preferredCommunicationChannel","description":"Precedence, advantage, or choice of one communication channel, for example  email vs phone","type":"object","properties":{"communicationType":{"name":"communicationType","enum":["EMAIL","SMS","MAIL","PHONE"],"description":"The type of communication for example EmailCommunication or PhoneCommunication","type":"string"},"preference":{"name":"preference","$ref":"preference"},"id":{"name":"id","description":"the Id of the communication channel","type":"string"},"usageContext":{"name":"usageContext","enum":["SECURITY","USAGE","ROAMING","MARKETING","ORDERING"],"type":"string"}}},"socialCommunication":{"id":"socialCommunication","name":"socialCommunication","type":"object","properties":{"preference":{"name":"preference","description":"Precedence, advantage, or choice of one communication over another","$ref":"preference"},"effectivePeriod":{"name":"effectivePeriod","description":"The segment of time when the communication is valid/available.\t\t\t\t\t","$ref":"effectivePeriod"},"privacyProfile":{"name":"privacyProfile","description":"Privacy controls for this communication, indicating the circumstances in which this communication should be\nused.\n\t\t\t\t\t","type":"array","items":{"$ref":"privacyProfile"}},"collectionSource":{"name":"collectionSource","enum":["CUSTOMER","ACXIOM","CENSUS","DRG","FACEBOOK","LINKEDIN","OTHER","EMPLOYER","GOOGLEPLUS","TWITTER"],"type":"string"},"id":{"name":"id","type":"string"},"usageContext":{"name":"usageContext","type":"array","items":{"name":"usageContext","type":"string"}},"communicationStatus":{"name":"communicationStatus","$ref":"communicationStatus"},"socialMediaType":{"name":"socialMediaType","enum":["FACEBOOK","TWITTER","GOOGLEPLUS","INSTAGRAM","YOUTUBE","FOURSQUARE","MYSPACE"],"description":"The social media type identifies the type of social media used by this communication channel.","type":"string"},"socialMediaHandle":{"name":"socialMediaHandle","type":"string"},"customerSentiment":{"name":"customerSentiment","enum":["POSITIVE","NEGATIVE","NEUTRAL"],"type":"string"}}},"securityProfile":{"id":"securityProfile","name":"securityProfile","type":"object","properties":{"userName":{"name":"userName","description":"User name for logging into a software system.","type":"string"},"password":{"name":"password","description":"Password for logging into a software system.","type":"string"},"loginLocked":{"name":"loginLocked","description":"Indicates that the user login is currently locked.","$ref":"loginLocked"},"lockType":{"name":"lockType","enum":["HARD","SOFT"],"description":"Type of locking currently in place for the user login.","type":"string"},"securityQuestionSet":{"name":"securityQuestionSet","description":"A group or set of questions (and optionally answers) that can be used for security validation either directly by the customer in a self care scenario, or by a customer care representatitve or retail sales representative doing assisted care. Different sets of questions are expected for self care and for assisted care.","type":"array","items":{"$ref":"securityQuestionSet"}},"emailAddress":{"name":"emailAddress","description":"URI in the case of email communication\n\t\t\t\t\t\t\t","type":"string"},"recoveryPhone":{"name":"recoveryPhone","type":"string"},"authenticationGroup":{"name":"authenticationGroup","type":"array","items":{"$ref":"authenticationGroup"}},"commissionsCode":{"name":"commissionsCode","description":"The commissions code may be a dealer code or a rep id, depending on the context.","type":"string"},"passwordResetCount":{"name":"passwordResetCount","$ref":"passwordResetCount"},"loginFailureCount":{"name":"loginFailureCount","$ref":"loginFailureCount"},"status":{"name":"status","type":"array","items":{"$ref":"status"}},"loginTime":{"name":"loginTime","type":"string","format":"date-time"},"activityHistory":{"name":"activityHistory","type":"array","items":{"$ref":"activityHistory"}},"msisdn":{"name":"msisdn","maxLength":15,"minLength":10,"type":"string","pattern":"[0-9]{10,15}"},"enhancementReminderDate":{"name":"enhancementReminderDate","type":"string","format":"date-time"},"resourceEntitlement":{"name":"resourceEntitlement","type":"array","items":{"$ref":"resourceEntitlement"}},"pin":{"name":"pin","description":"Personal identification number. The pin is normally associated to the MSISDN, not the user.","type":"string"},"profileId":{"name":"profileId","type":"string"},"referenceURI":{"name":"referenceURI","type":"string"}}},"loginLocked":{"id":"loginLocked","name":"loginLocked","description":"Indicates that the user login is currently locked.","type":"object","properties":{"name":{"name":"name","description":"An Indicator is a property of an object that can be assigned a value.","type":"string"}}},"securityQuestionSet":{"id":"securityQuestionSet","name":"securityQuestionSet","description":"A group or set of questions (and optionally answers) that can be used for security validation either directly by the customer in a self care scenario, or by a customer care representatitve or retail sales representative doing assisted care. Different sets of questions are expected for self care and for assisted care.","type":"object","properties":{"setName":{"name":"setName","$ref":"setName"},"securityQuestion":{"name":"securityQuestion","description":"A question and answer pair. The answer would only be sent in a message when the customer is initially setting up their answers.","type":"array","items":{"$ref":"securityQuestion"}},"languageCode":{"name":"languageCode","maxLength":2,"minLength":2,"description":"The language selected by the customer for the set of security questions.","type":"string","pattern":"[a-z][a-z]"},"referenceURI":{"name":"referenceURI","type":"string"},"setId":{"name":"setId","description":"The name of the set of security questions. Different sets of questions are expected for self care and for assisted care.","type":"string"}}},"setName":{"id":"setName","name":"setName","type":"object","properties":{"languageCode":{"name":"languageCode","maxLength":2,"minLength":2,"type":"string","pattern":"[a-z][a-z]"}}},"securityQuestion":{"id":"securityQuestion","name":"securityQuestion","description":"A question and answer pair. The answer would only be sent in a message when the customer is initially setting up their answers.","type":"object","properties":{"question":{"name":"question","description":"The question to be answered by the customer in the chosen language.","$ref":"question"},"answer":{"name":"answer","description":"The answer to the security question would only be sent in a message when the customer is initially setting up their answers.","$ref":"answer"},"ranking":{"name":"ranking","description":"Specifies the sequence in which the questions will be presented.","type":"integer","format":"int32"},"id":{"name":"id","type":"string"},"name":{"name":"name","description":"A unique name identifying the question within the set. The name may be used for selecting the question from a list.","type":"string"}}},"question":{"id":"question","name":"question","description":"The question to be answered by the customer in the chosen language.","type":"object","properties":{"languageCode":{"name":"languageCode","maxLength":2,"minLength":2,"type":"string","pattern":"[a-z][a-z]"}}},"answer":{"id":"answer","name":"answer","description":"The answer to the security question would only be sent in a message when the customer is initially setting up their answers.","type":"object","properties":{"languageCode":{"name":"languageCode","maxLength":2,"minLength":2,"type":"string","pattern":"[a-z][a-z]"}}},"authenticationGroup":{"id":"authenticationGroup","name":"authenticationGroup","type":"object","properties":{"authenticationGroupName":{"name":"authenticationGroupName","type":"string"},"authenticationType":{"name":"authenticationType","type":"string"}}},"passwordResetCount":{"id":"passwordResetCount","name":"passwordResetCount","type":"object","properties":{"measurementUnit":{"name":"measurementUnit","description":"Unit of quantity","type":"string"}}},"loginFailureCount":{"id":"loginFailureCount","name":"loginFailureCount","type":"object","properties":{"measurementUnit":{"name":"measurementUnit","description":"Unit of quantity","type":"string"}}},"activityHistory":{"id":"activityHistory","name":"activityHistory","type":"object","properties":{"activity":{"name":"activity","description":"Uniquely identifies the business activity definition.","$ref":"activity"},"activityPeriod":{"name":"activityPeriod","description":"Time period that the activity occurred, is occurring or will occur.","$ref":"activityPeriod"},"reason":{"name":"reason","description":"Code identifying the reason for the activity","type":"string"},"activityInstanceStatus":{"name":"activityInstanceStatus","type":"array","items":{"$ref":"activityInstanceStatus"}},"performedBy":{"name":"performedBy","type":"string"},"id":{"name":"id","description":"Unique identifier assigned by the system of record for the occurrence of the business activity.","type":"string"}}},"activity":{"id":"activity","name":"activity","description":"Uniquely identifies the business activity definition.","type":"object","properties":{"activityName":{"name":"activityName","enum":["ACTIVATION","CHANGEFEATURE","CHANGERATEPLAN","KITACTIVATION","VIEW"],"description":"The unique name of the business activity.  For example: Activation, ChangeRatePlan","type":"string"},"description":{"name":"description","description":"Description of the processing activity.","type":"array","items":{"$ref":"description"}},"activityStatus":{"name":"activityStatus","type":"array","items":{"$ref":"activityStatus"}},"effectivePeriod":{"name":"effectivePeriod","description":"The time frame where the Activity is use (effective).","$ref":"effectivePeriod"},"activityId":{"name":"activityId","description":"Uniquely identifies the business activity definition.","type":"string"}}},"activityStatus":{"id":"activityStatus","name":"activityStatus","type":"object","properties":{"name":{"name":"name","description":"The user-friendly label that defines the state of the object, as the point in time expressed by effectivePeriod.","type":"string"},"description":{"name":"description","description":"An explanation of the status.","type":"array","items":{"$ref":"description"}},"effectivePeriod":{"name":"effectivePeriod","description":"The time during which the object is/was in this Status.","$ref":"effectivePeriod"},"reasonCode":{"name":"reasonCode","type":"string"},"statusCode":{"name":"statusCode","description":"A short hand identifier for the state of the object, at the point in time specified by the effectivePeriod.","type":"string"},"subStatusCode":{"name":"subStatusCode","description":"A finer division of code.","type":"string"}}},"activityPeriod":{"id":"activityPeriod","name":"activityPeriod","description":"Time period that the activity occurred, is occurring or will occur.","type":"object","properties":{"startTime":{"name":"startTime","description":"Start DateTime of the Time Period","type":"string","format":"date-time"},"duration":{"name":"duration","description":"Duration of the Time Period. For additional information on the duration data type see:  http://www.w3schools.com/schema/schema_dtypes_date.asp","type":"string"},"endTime":{"name":"endTime","description":"End Date Time of the Time Period","type":"string","format":"date-time"}}},"activityInstanceStatus":{"id":"activityInstanceStatus","name":"activityInstanceStatus","type":"object","properties":{"name":{"name":"name","description":"The user-friendly label that defines the state of the object, as the point in time expressed by effectivePeriod.","type":"string"},"description":{"name":"description","description":"An explanation of the status.","type":"array","items":{"$ref":"description"}},"effectivePeriod":{"name":"effectivePeriod","description":"The time during which the object is/was in this Status.","$ref":"effectivePeriod"},"reasonCode":{"name":"reasonCode","type":"string"},"statusCode":{"name":"statusCode","description":"A short hand identifier for the state of the object, at the point in time specified by the effectivePeriod.","type":"string"},"subStatusCode":{"name":"subStatusCode","description":"A finer division of code.","type":"string"}}},"resourceEntitlement":{"id":"resourceEntitlement","name":"resourceEntitlement","type":"object","properties":{"resourceName":{"name":"resourceName","description":"The name of the application or other resource whose access is being controlled.","type":"string"},"actionName":{"name":"actionName","description":"The name of the action granted or denied on the resource. For example: view, modify, delete, etc.","type":"string"},"isAccessAllowed":{"name":"isAccessAllowed","description":"Boolean value which says whether access allowed or not.","type":"boolean"},"responseAttribute":{"name":"responseAttribute","description":"The name and value of a response attribute.\r\n","type":"array","items":{"$ref":"responseAttribute"}}}},"responseAttribute":{"id":"responseAttribute","name":"responseAttribute","description":"The name and value of a response attribute.\r\n","type":"object","properties":{"currencyCode":{"name":"currencyCode","maxLength":3,"minLength":3,"description":"The currency of the SpecificationValue, if the dataType is curency.","type":"string","pattern":"[A-Z][A-Z][A-Z]"},"dataType":{"name":"dataType","description":"The data type of the value.  This is a required attribute.  The recognized data types are specified by the xml w3c standard, minus the namespace prefix.  For example xsd:boolean would be expressed as boolean.","type":"string"},"measurementUnit":{"name":"measurementUnit","description":"The unit of measure of the value, if applicable.","type":"string"},"name":{"name":"name","description":"The name of the Specification value; a label by which the value is commonly known.  For example a name \u003d \"LongDescription\" for a value that contains a long description.","type":"string"},"precision":{"name":"precision","description":"For a numeric value, how many total digits are allowed.","type":"integer","format":"int32"},"scale":{"name":"scale","description":"For a numeric value,the number of digits to the right of the decimal point.","type":"integer","format":"int32"}}},"insuredParty":{"id":"insuredParty","name":"insuredParty","description":"Contact information for the insured party.","type":"object","properties":{"personName":{"name":"personName","description":"Name of the person to be contacted.","type":"array","items":{"$ref":"personName"}},"jobTitle":{"name":"jobTitle","description":"Job title or role of the person to be contacted.","type":"array","items":{"name":"jobTitle","type":"string"}},"companyName":{"name":"companyName","description":"Name of the company where the person can be contacted","type":"string"},"status":{"name":"status","type":"array","items":{"$ref":"status"}},"preference":{"name":"preference","description":"Precedence, advantage, or choice of one contact over another","$ref":"preference"},"addressCommunication":{"name":"addressCommunication","type":"array","items":{"$ref":"addressCommunication"}},"phoneCommunication":{"name":"phoneCommunication","type":"array","items":{"$ref":"phoneCommunication"}},"emailCommunication":{"name":"emailCommunication","type":"array","items":{"$ref":"emailCommunication"}},"websiteCommunication":{"name":"websiteCommunication","type":"array","items":{"$ref":"websiteCommunication"}},"preferredLanguage":{"name":"preferredLanguage","description":"The preferred language of communication in the specified usage context. ISO 639-1 Code (en-US,en-CA,en-GB)","type":"array","items":{"$ref":"preferredLanguage"}},"preferredCommunicationChannel":{"name":"preferredCommunicationChannel","description":"Precedence, advantage, or choice of one communication channel, for example  email vs phone","type":"array","items":{"$ref":"preferredCommunicationChannel"}},"socialCommunication":{"name":"socialCommunication","type":"array","items":{"$ref":"socialCommunication"}},"securityProfile":{"name":"securityProfile","$ref":"securityProfile"},"id":{"name":"id","description":"Uniquely identifies the Contact.","type":"string"},"referenceURI":{"name":"referenceURI","type":"string"}}},"lineOfService":{"id":"lineOfService","name":"lineOfService","description":"Uniquely identifies the line of service using the device being claimed.","type":"object","properties":{"financialAccountNumber":{"name":"financialAccountNumber","description":"Customer Billing Account Number","type":"string"},"key":{"name":"key","description":"Alternate keys for systems other than the system of record.","type":"array","items":{"$ref":"key"}},"activationDate":{"name":"activationDate","description":"Date when subscription\u0027s initial activation took place.","type":"string","format":"date-time"},"contractPeriod":{"name":"contractPeriod","description":"Duration of the subscription contract.","$ref":"contractPeriod"},"lineType":{"name":"lineType","enum":["SHARED","INDIVIDUAL"],"description":"The type of subscription.  For example Shared","type":"string"},"subscriberContact":{"name":"subscriberContact","$ref":"subscriberContact"},"networkResource":{"name":"networkResource","description":"A logical or physical entity that allows a subscriber to use the T-Mobile network. A resource is identified by a managed numbering system.   Examples are MSISDN, IMEI, SIM card number, IMSI. ","type":"array","items":{"$ref":"networkResource"}},"pin":{"name":"pin","description":"Personal Identification Number","type":"string"},"lineOfServiceStatus":{"name":"lineOfServiceStatus","description":"Statuses of the line of service in their specified time periods or usage contexts.","type":"array","items":{"$ref":"lineOfServiceStatus"}},"actionCode":{"name":"actionCode","description":"Indicates the type of change that has been made to this version, as compared to the previous version.  ","type":"string"},"lineOfServiceId":{"name":"lineOfServiceId","description":"Uniquely identifies the subscription.","type":"string"},"parentURI":{"name":"parentURI","type":"string"},"referenceURI":{"name":"referenceURI","type":"string"}}},"key":{"id":"key","name":"key","description":"Alternate keys for systems other than the system of record.","type":"object","properties":{"keyName":{"name":"keyName","description":"The name of the key identifier, within the UsageContext. For example, if an object can be \nidentified by a field called code, then keyName \u003d \"code\".","type":"string"},"keyValue":{"name":"keyValue","description":"The value of the key identifier.  For example, if an object can be \nidentified by a field called code, then keyName \u003d \"code\".  The keyValue would be set to the value of the field called \"code\".","type":"string"},"additionalKeyPart":{"name":"additionalKeyPart","description":"Additional key values that are needed to uniquely identify the object within the UsageContext.  For example, if an object can be \nidentified by (code + effectiveDate), the keyName\u003d\"code\" and additionalKeyPart/keyName \u003d \"effectiveDate\".","type":"array","items":{"$ref":"additionalKeyPart"}},"domainName":{"name":"domainName","description":"The system or business domain that is the source of the key. For example: PREPAIDBILLING, WEBCATALOG, SAMSON, SAP.\t\t\t","type":"string"}}},"additionalKeyPart":{"id":"additionalKeyPart","name":"additionalKeyPart","description":"Additional key values that are needed to uniquely identify the object within the UsageContext.  For example, if an object can be \nidentified by (code + effectiveDate), the keyName\u003d\"code\" and additionalKeyPart/keyName \u003d \"effectiveDate\".","type":"object","properties":{"keyPartName":{"name":"keyPartName","type":"string"},"keyPartValue":{"name":"keyPartValue","type":"string"},"ordinal":{"name":"ordinal","type":"integer","format":"int32"}}},"contractPeriod":{"id":"contractPeriod","name":"contractPeriod","description":"Duration of the subscription contract.","type":"object","properties":{"startDate":{"name":"startDate","description":"Start Date of the Date Period.","type":"string","format":"date-time"},"duration":{"name":"duration","type":"string"},"endDate":{"name":"endDate","description":"End Date of the Date Period.","type":"string","format":"date-time"}}},"subscriberContact":{"id":"subscriberContact","name":"subscriberContact","type":"object","properties":{"personName":{"name":"personName","description":"Name of the person to be contacted.","type":"array","items":{"$ref":"personName"}},"jobTitle":{"name":"jobTitle","description":"Job title or role of the person to be contacted.","type":"array","items":{"name":"jobTitle","type":"string"}},"companyName":{"name":"companyName","description":"Name of the company where the person can be contacted","type":"string"},"status":{"name":"status","type":"array","items":{"$ref":"status"}},"preference":{"name":"preference","description":"Precedence, advantage, or choice of one contact over another","$ref":"preference"},"addressCommunication":{"name":"addressCommunication","type":"array","items":{"$ref":"addressCommunication"}},"phoneCommunication":{"name":"phoneCommunication","type":"array","items":{"$ref":"phoneCommunication"}},"emailCommunication":{"name":"emailCommunication","type":"array","items":{"$ref":"emailCommunication"}},"websiteCommunication":{"name":"websiteCommunication","type":"array","items":{"$ref":"websiteCommunication"}},"preferredLanguage":{"name":"preferredLanguage","description":"The preferred language of communication in the specified usage context. ISO 639-1 Code (en-US,en-CA,en-GB)","type":"array","items":{"$ref":"preferredLanguage"}},"preferredCommunicationChannel":{"name":"preferredCommunicationChannel","description":"Precedence, advantage, or choice of one communication channel, for example  email vs phone","type":"array","items":{"$ref":"preferredCommunicationChannel"}},"socialCommunication":{"name":"socialCommunication","type":"array","items":{"$ref":"socialCommunication"}},"securityProfile":{"name":"securityProfile","$ref":"securityProfile"},"id":{"name":"id","description":"Uniquely identifies the Contact.","type":"string"},"referenceURI":{"name":"referenceURI","type":"string"},"subscriberId":{"name":"subscriberId","type":"string"}}},"networkResource":{"id":"networkResource","name":"networkResource","description":"A logical or physical entity that allows a subscriber to use the T-Mobile network. A resource is identified by a managed numbering system.   Examples are MSISDN, IMEI, SIM card number, IMSI. ","type":"object","properties":{"imei":{"name":"imei","maxLength":15,"minLength":15,"type":"string","pattern":"[0-9]{15}"},"specification":{"name":"specification","$ref":"specification"},"sim":{"name":"sim","$ref":"sim"},"mobileNumber":{"name":"mobileNumber","$ref":"mobileNumber"},"timeZone":{"name":"timeZone","type":"string"},"resourceStatus":{"name":"resourceStatus","type":"array","items":{"$ref":"resourceStatus"}},"resourceSpecification":{"name":"resourceSpecification","type":"array","items":{"$ref":"resourceSpecification"}},"billingSystem":{"name":"billingSystem","enum":["RPX","WHOLESALE","SAMSON","ACC","MVNEACC","METROPCS","TBILL"],"description":"The T-Mobile billing system that is involved in the transaction.","type":"string"},"brand":{"name":"brand","enum":["T-Mobile","MetroPCS","Brightspot","UVM","GoSmart","WalmartFamilyMobile","Solaveil"],"type":"string"},"businessUnit":{"name":"businessUnit","enum":["Magenta","MetroPCS","WalmartFamilyMobile","MVNO"],"description":"The different T-Mobile business units require complete separation of assets. Examples are Magenta, Metro PCS, Walmart Family Mobile.","type":"string"},"actionCode":{"name":"actionCode","type":"string"},"referenceURI":{"name":"referenceURI","type":"string"},"resourceId":{"name":"resourceId","type":"string"}}},"specification":{"id":"specification","name":"specification","type":"object","properties":{"specificationValue":{"name":"specificationValue","description":"A specification is a property of an object that can be assigned a value.  SpecificationValue provides a structure to contain   additional details about an object, beyond the attributes that are already defined as concrete, named elements.","type":"array","items":{"$ref":"specificationValue"}},"name":{"name":"name","description":"The name of the group of specifications.","type":"string"}}},"specificationValue":{"id":"specificationValue","name":"specificationValue","description":"A specification is a property of an object that can be assigned a value.  SpecificationValue provides a structure to contain   additional details about an object, beyond the attributes that are already defined as concrete, named elements.","type":"object","properties":{"currencyCode":{"name":"currencyCode","maxLength":3,"minLength":3,"description":"The currency of the SpecificationValue, if the dataType is curency.","type":"string","pattern":"[A-Z][A-Z][A-Z]"},"dataType":{"name":"dataType","description":"The data type of the value.  This is a required attribute.  The recognized data types are specified by the xml w3c standard, minus the namespace prefix.  For example xsd:boolean would be expressed as boolean.","type":"string"},"measurementUnit":{"name":"measurementUnit","description":"The unit of measure of the value, if applicable.","type":"string"},"name":{"name":"name","description":"The name of the Specification value; a label by which the value is commonly known.  For example a name \u003d \"LongDescription\" for a value that contains a long description.","type":"string"},"precision":{"name":"precision","description":"For a numeric value, how many total digits are allowed.","type":"integer","format":"int32"},"scale":{"name":"scale","description":"For a numeric value,the number of digits to the right of the decimal point.","type":"integer","format":"int32"}}},"sim":{"id":"sim","name":"sim","type":"object","properties":{"simNumber":{"name":"simNumber","maxLength":19,"minLength":19,"type":"string","pattern":"[0-9]{19}"},"imsi":{"name":"imsi","maxLength":15,"minLength":15,"type":"string"},"simType":{"name":"simType","description":"Code identifying the type of SIM, such as GBA or ISIS. The type of SIM implies enabling a type of service. GBA sims are required to enable wifi calling.","type":"array","items":{"name":"simType","enum":["GBA","ISIS","2G","UICC","GSM","MBB"],"type":"string"}},"pinUnlockKey1":{"name":"pinUnlockKey1","maxLength":8,"minLength":8,"description":"The PIN Unlock Key is a unique code that is linked to a specific SIM card, and is usually 8 digits long. Also know as PIN Unlock Code or Personal Unlock Key. If PIN number is entered incorrectly 3 times, SIM card is locked and this code is required to unlock it.","type":"string"},"pinUnlockKey2":{"name":"pinUnlockKey2","maxLength":8,"minLength":8,"description":"Second PIN Unlock Key, used in the case of a dual SIM.","type":"string"}}},"mobileNumber":{"id":"mobileNumber","name":"mobileNumber","type":"object","properties":{"msisdn":{"name":"msisdn","maxLength":15,"minLength":10,"type":"string","pattern":"[0-9]{10,15}"},"numberGroup":{"name":"numberGroup","description":"Toll area containing one or more area codes.","type":"string"},"portIndicator":{"name":"portIndicator","$ref":"portIndicator"},"portReason":{"name":"portReason","type":"string"}}},"portIndicator":{"id":"portIndicator","name":"portIndicator","type":"object","properties":{"name":{"name":"name","description":"An Indicator is a property of an object that can be assigned a value.","type":"string"}}},"resourceStatus":{"id":"resourceStatus","name":"resourceStatus","type":"object","properties":{"name":{"name":"name","description":"The user-friendly label that defines the state of the object, as the point in time expressed by effectivePeriod.","type":"string"},"description":{"name":"description","description":"An explanation of the status.","type":"array","items":{"$ref":"description"}},"effectivePeriod":{"name":"effectivePeriod","description":"The time during which the object is/was in this Status.","$ref":"effectivePeriod"},"reasonCode":{"name":"reasonCode","type":"string"},"statusCode":{"name":"statusCode","enum":["RESERVED","AVAILABLE","INUSE","AGING","BLOCKED"],"description":"A short hand identifier for the state of the object, at the point in time specified by the effectivePeriod.","type":"string"},"subStatusCode":{"name":"subStatusCode","description":"A finer division of code.","type":"string"}}},"resourceSpecification":{"id":"resourceSpecification","name":"resourceSpecification","type":"object","properties":{"specificationValue":{"name":"specificationValue","description":"A specification is a property of an object that can be assigned a value.  SpecificationValue provides a structure to contain   additional details about an object, beyond the attributes that are already defined as concrete, named elements.","type":"array","items":{"$ref":"specificationValue"}},"name":{"name":"name","description":"The name of the group of specifications.","type":"string"}}},"lineOfServiceStatus":{"id":"lineOfServiceStatus","name":"lineOfServiceStatus","description":"Statuses of the line of service in their specified time periods or usage contexts.","type":"object","properties":{"name":{"name":"name","description":"The user-friendly label that defines the state of the object, as the point in time expressed by effectivePeriod.","type":"string"},"description":{"name":"description","description":"An explanation of the status.","type":"array","items":{"$ref":"description"}},"effectivePeriod":{"name":"effectivePeriod","description":"The time during which the object is/was in this Status.","$ref":"effectivePeriod"},"reasonCode":{"name":"reasonCode","enum":["VOLUNTARY","LOST","STOLEN","INVOLUNTARY"],"type":"string"},"statusCode":{"name":"statusCode","type":"string"},"usageContext":{"name":"usageContext","enum":["CHARGEABLE"],"type":"string"}}},"financialAccount":{"id":"financialAccount","name":"financialAccount","description":"Uniquely identifies the billing or financial account.","type":"object","properties":{"financialAccountNumber":{"name":"financialAccountNumber","description":"Customer Billing Account Number","type":"string"},"accountType":{"name":"accountType","description":"Specific classification of account. ","$ref":"accountType"},"accountName":{"name":"accountName","type":"string"},"billingMethod":{"name":"billingMethod","enum":["BillInAdvance","PayInAdvance","PayGoMonthly","PayGoDaily","PayGoWeekly","BillCurrent","BillInArrears"],"description":"The Billing Method specifies the billing experience that the customer has qualified for and requested.","type":"string"},"status":{"name":"status","type":"array","items":{"$ref":"status"}},"accountClassification":{"name":"accountClassification","description":"Classifications that this Billing Account has been classified into. ","type":"array","items":{"name":"accountClassification","enum":["AUTOPAY"],"type":"string"}},"marketCode":{"name":"marketCode","type":"string"},"billCycle":{"name":"billCycle","description":"The beginning and ending time period where a group of accounts are run through the billing process.","type":"array","items":{"$ref":"billCycle"}},"actionCode":{"name":"actionCode","type":"string"},"financialAccountId":{"name":"financialAccountId","description":"Uniquely identifies the Customer\u0027s financial (billing) account within the billing system.","type":"string"},"parentURI":{"name":"parentURI","type":"string"},"referenceURI":{"name":"referenceURI","type":"string"}}},"accountType":{"id":"accountType","name":"accountType","description":"Specific classification of account. ","type":"object","properties":{"id":{"name":"id","type":"string"},"subTypeCode":{"name":"subTypeCode","enum":["ASSOCIATION","GSA","GOVERNMENT","PCS1","LIFELINE","MCSA","REGULAR","SOLE_PROPRIETORSHIP","PREPAID","SMARTACCESS","CORPORATE","RETAIL","NATIONAL","MCSAGE","NON_PROFIT","ECA","MVNO1_TRACFONE","IDT","MVNO_SIMPLE","CONTRACTOR","DEALER","VIP_ECR","PCS1_EMPLOYEE","VIP","COMPANY_USE_PHONES","TEST_PHONES","EVENT","EMPLOYEE","SERVICE_PROVIDER","SERVICE_PROVIDER_EMPLOYEE"],"type":"string"},"typeCode":{"name":"typeCode","enum":["INDIVIDUAL","BUSINESS","EXCEPTIONCONTROL","GOVERNMENT","WHOLESALE","RESELLER","SPECIAL"],"description":"The account type code.","type":"string"}}},"billCycle":{"id":"billCycle","name":"billCycle","description":"The beginning and ending time period where a group of accounts are run through the billing process.","type":"object","properties":{"dayOfMonth":{"name":"dayOfMonth","type":"integer","format":"int32"},"code":{"name":"code","type":"string"},"frequencyCode":{"name":"frequencyCode","enum":["RECURRING","INSTALLMENT","REGULAR"],"description":" \nIdentifies the Billing Cycle Frequency\n                                ","type":"string"},"actionCode":{"name":"actionCode","type":"string"},"billCycleId":{"name":"billCycleId","description":"The unique identifier of a Bill Cycle.","type":"string"}}},"claimAttachment":{"id":"claimAttachment","name":"claimAttachment","description":"An attachment to the claim, in the form of an embedded file or a pointer to a resource.","type":"object","properties":{"typeCode":{"name":"typeCode","enum":["URL","TEXT","JPG","PDF","HTML","PNG","XML"],"description":"Type of attachment, e.g., URL, TEXT, JPG, PNG, HTML, PDF","type":"string"},"purposeCode":{"name":"purposeCode","description":"Primary purpose of the attachment, e.g., Shipping, Manufacturing, Invoicing.","type":"string"},"name":{"name":"name","description":"Name of the attachment","type":"array","items":{"name":"name","type":"string"}},"title":{"name":"title","description":"Title of the attachment. This is not the file name e.g. the title of a document is different from the file name of the document","type":"array","items":{"name":"title","type":"string"}},"sizeQuantity":{"name":"sizeQuantity","description":"Size of the attachment","$ref":"sizeQuantity"},"creationTime":{"name":"creationTime","description":"Date Time of creation of the document in the system of record","type":"string","format":"date-time"},"embeddedData":{"name":"embeddedData","description":"Element holding data embedded directly in the BOD instance","$ref":"embeddedData"},"URI":{"name":"URI","description":"URI indicating where the attachment is located","type":"string"},"description":{"name":"description","description":"Description of the attachment","type":"array","items":{"$ref":"description"}},"note":{"name":"note","type":"array","items":{"$ref":"note"}},"version":{"name":"version","type":"string"},"id":{"name":"id","description":"Uniquely identifies the attachment record.","type":"string"}}},"sizeQuantity":{"id":"sizeQuantity","name":"sizeQuantity","description":"Size of the attachment","type":"object","properties":{"measurementUnit":{"name":"measurementUnit","description":"Unit of quantity","type":"string"}}},"embeddedData":{"id":"embeddedData","name":"embeddedData","description":"Element holding data embedded directly in the BOD instance","type":"object","properties":{"characterSetCode":{"name":"characterSetCode","type":"string"},"fileName":{"name":"fileName","type":"string"},"mimeCode":{"name":"mimeCode","type":"string"}}},"note":{"id":"note","name":"note","type":"object","properties":{"entryTime":{"name":"entryTime","description":"Date and time when the note was entered/created.","type":"string","format":"date-time"},"noteType":{"name":"noteType","description":"An extensive list of note types (500+) are defined for systematic use. Business rules determine which note to apply in a given situation.","type":"string"},"content":{"name":"content","description":"Addiitonal descriptive information entered by the author to supplement the system text.","type":"string"},"author":{"name":"author","description":"Identifies the author of the note.","type":"string"},"id":{"name":"id","description":"Unique identifier assigned by the system of record.","type":"string"},"language":{"name":"language","maxLength":2,"minLength":2,"description":"Identifier for the language used in the description.  Value is the ISO 639-1 Code, a two letter code such as   (en-US,en-CA,en-GB)defined at www.w3.org/standards ","type":"string","pattern":"[a-z][a-z]"}}},"claimSpecification":{"id":"claimSpecification","name":"claimSpecification","description":"Name value pairs providing additonal parameters for the claim.","type":"object","properties":{"specificationValue":{"name":"specificationValue","description":"A specification is a property of an object that can be assigned a value.  SpecificationValue provides a structure to contain   additional details about an object, beyond the attributes that are already defined as concrete, named elements.","type":"array","items":{"$ref":"specificationValue"}},"name":{"name":"name","description":"The name of the group of specifications.","type":"string"}}},"deductibleAmount":{"id":"deductibleAmount","name":"deductibleAmount","type":"object","properties":{"currencyCode":{"name":"currencyCode","maxLength":3,"minLength":3,"type":"string","pattern":"[A-Z][A-Z][A-Z]"}}},"estimatedAmount":{"id":"estimatedAmount","name":"estimatedAmount","description":"Estimated amount of the pay out for the claim.","type":"object","properties":{"currencyCode":{"name":"currencyCode","maxLength":3,"minLength":3,"type":"string","pattern":"[A-Z][A-Z][A-Z]"}}},"actualAmount":{"id":"actualAmount","name":"actualAmount","description":"Actual amount of the pay out for the claim.","type":"object","properties":{"currencyCode":{"name":"currencyCode","maxLength":3,"minLength":3,"type":"string","pattern":"[A-Z][A-Z][A-Z]"}}},"requestedAmount":{"id":"requestedAmount","name":"requestedAmount","description":"Amount requested for the pay out of the claim.","type":"object","properties":{"currencyCode":{"name":"currencyCode","maxLength":3,"minLength":3,"type":"string","pattern":"[A-Z][A-Z][A-Z]"}}},"ResponseStatus":{"id":"ResponseStatus","name":"ResponseStatus","type":"object","properties":{"detail":{"name":"detail","description":"\n\t\t\t\t\t\tStatus details that describe one or more contributions to the overall response code.\n\t\t\t\t\t","type":"array","items":{"$ref":"detail"}},"code":{"name":"code","enum":["100","101","102","103","104"],"type":"integer","format":"int32"}}},"detail":{"id":"detail","name":"detail","description":"\n\t\t\t\t\t\tStatus details that describe one or more contributions to the overall response code.\n\t\t\t\t\t","type":"object","properties":{"definition":{"name":"definition","description":"\n\t\t\t\t\t\tThe generic definition of subStatusCode.\n                    ","type":"string"},"explanation":{"name":"explanation","description":"\n\t\t\t\t\t\tSpecific information about the data or circumstances that explains why this status detail is part of the response.\n\t\t\t\t\t\tIt should provide the details aid in troubleshooting and taking further action.\n\t\t\t\t\t","type":"string"},"subStatusCode":{"name":"subStatusCode","description":"\n\t\t\t\t\tA numeric value that defines the status detail, like an error code.\n\t\t\t\t\tThis code allows client systems to programmatically handle the status detail, if desired.\n\t\t        ","type":"string"}}},"DeviceProblems":{"required":["SpecificationGroup"],"id":"DeviceProblems","name":"DeviceProblems","type":"object","properties":{"SpecificationGroup":{"name":"SpecificationGroup","$ref":"SpecificationGroup"}}},"SpecificationGroup":{"id":"SpecificationGroup","name":"SpecificationGroup","type":"object","properties":{"specificationValue":{"name":"specificationValue","description":"A specification is a property of an object that can be assigned a value.  SpecificationValue provides a structure to contain   additional details about an object, beyond the attributes that are already defined as concrete, named elements.","type":"array","items":{"$ref":"SpecificationValue"}},"name":{"name":"name","description":"The name of the group of specifications.","type":"string"}}},"SpecificationValue":{"id":"SpecificationValue","name":"specificationValue","description":"A specification is a property of an object that can be assigned a value.  SpecificationValue provides a structure to contain   additional details about an object, beyond the attributes that are already defined as concrete, named elements.","type":"object","properties":{"currencyCode":{"name":"currencyCode","maxLength":3,"minLength":3,"description":"The currency of the SpecificationValue, if the dataType is curency.","type":"string","pattern":"[A-Z][A-Z][A-Z]"},"dataType":{"name":"dataType","description":"The data type of the value.  This is a required attribute.  The recognized data types are specified by the xml w3c standard, minus the namespace prefix.  For example xsd:boolean would be expressed as boolean.","type":"string"},"measurementUnit":{"name":"measurementUnit","description":"The unit of measure of the value, if applicable.","type":"string"},"name":{"name":"name","description":"The name of the Specification value; a label by which the value is commonly known.  For example a name \u003d \"LongDescription\" for a value that contains a long description.","type":"string"},"precision":{"name":"precision","description":"For a numeric value, how many total digits are allowed.","type":"integer","format":"int32"},"scale":{"name":"scale","description":"For a numeric value,the number of digits to the right of the decimal point.","type":"integer","format":"int32"}}}}}