{"apiVersion":"1","swaggerVersion":"1.2","basePath":"/v1/deviceoffering","resourcePath":"/v1/deviceoffering","apis":[{"path":"/eligibledevice","operations":[{"method":"GET","nickname":"getEligibleDevices","summary":"getEligibleDevices","notes":"gets Eligible Devices for Trade-In.\u003cbr\u003e","parameters":[{"paramType":"query","required":false,"allowMultiple":false,"name":"programtype","type":"string"}],"type":"getEligibleDevicesResponse","form":false,"produces":["application/json","application/xml"],"consumes":["application/json","application/xml"]}]}],"models":{"getEligibleDevicesResponse":{"required":["programType","deviceOffering"],"id":"getEligibleDevicesResponse","name":"getEligibleDevicesResponse","type":"object","properties":{"programType":{"name":"programType","type":"string"},"deviceOffering":{"name":"deviceOffering","$ref":"DeviceOffering"}}},"DeviceOffering":{"id":"DeviceOffering","name":"deviceOffering","type":"object","properties":{"specificationGroup":{"name":"specificationGroup","type":"array","items":{"$ref":"SpecificationGroup"}},"deviceSpecification":{"name":"deviceSpecification","type":"array","items":{"$ref":"DeviceSpecification"}},"sku":{"name":"sku","maxLength":50,"type":"string"}}},"SpecificationGroup":{"id":"SpecificationGroup","name":"specificationGroup","type":"object","properties":{"specificationValue":{"name":"specificationValue","description":"A specification is a property of an object that can be assigned a value.  SpecificationValue provides a structure to contain   additional details about an object, beyond the attributes that are already defined as concrete, named elements.","type":"array","items":{"$ref":"SpecificationValue"}},"name":{"name":"name","description":"The name of the group of specifications.","type":"string"}}},"SpecificationValue":{"id":"SpecificationValue","name":"specificationValue","description":"A specification is a property of an object that can be assigned a value.  SpecificationValue provides a structure to contain   additional details about an object, beyond the attributes that are already defined as concrete, named elements.","type":"object","properties":{"name":{"name":"name","description":"The name of the Specification value; a label by which the value is commonly known.  For example a name \u003d \"LongDescription\" for a value that contains a long description.","type":"string"}}},"DeviceSpecification":{"id":"DeviceSpecification","name":"deviceSpecification","type":"object","properties":{"msrp":{"name":"msrp","$ref":"UnitPrice"},"deviceManufacturer":{"name":"deviceManufacturer","description":"The company that manufactures the device, such as Samsung, T-Mobile, or Apple.","$ref":"DeviceManufacturer"},"deviceModel":{"name":"deviceModel","type":"string"}}},"UnitPrice":{"id":"UnitPrice","name":"msrp","type":"object","properties":{"amount":{"name":"amount","$ref":"Amount"}}},"Amount":{"id":"Amount","name":"amount","type":"object","properties":{"currencyCode":{"name":"currencyCode","maxLength":3,"minLength":3,"type":"string","pattern":"[A-Z][A-Z][A-Z]"}}},"DeviceManufacturer":{"id":"DeviceManufacturer","name":"deviceManufacturer","description":"The company that manufactures the device, such as Samsung, T-Mobile, or Apple.","type":"object","properties":{"manufacturer":{"name":"manufacturer","description":"The basic information about the manufacturer of a device.","$ref":"Manufacturer"},"tac":{"name":"tac","type":"array","items":{"$ref":"TAC"}}}},"Manufacturer":{"id":"Manufacturer","name":"manufacturer","description":"The basic information about the manufacturer of a device.","type":"object","properties":{"manufacturerName":{"name":"manufacturerName","description":"The manufacturer name that is to be used for display to a user.","type":"string"}}},"TAC":{"id":"TAC","name":"tac","type":"object","properties":{"tacCode":{"name":"tacCode","type":"string"}}}}}