{"apiVersion":"1","swaggerVersion":"1.2","basePath":"/inventorymanagment/v1","resourcePath":"/inventorymanagment/v1","apis":[{"path":"/inventory/availablity","operations":[{"method":"POST","nickname":"checkInventoryAvailablity","summary":"checkInventoryAvailablity","notes":"To check the inventory availability","responseMessages":[{"code":400,"message":"Bad request"}],"parameters":[{"paramType":"body","required":false,"allowMultiple":false,"name":"checkInventoryAvailablityRequest","type":"checkInventoryAvailablityRequest"}],"type":"checkInventoryAvailablityResponse","form":false,"produces":["application/json","application/xml"],"consumes":["application/json","application/xml"]}]},{"path":"/inventory","operations":[{"method":"GET","nickname":"getInventory","summary":"getInventory","notes":"Get Inventory for given sku and location","responseMessages":[{"code":404,"message":"Resource not found"}],"parameters":[{"paramType":"query","required":true,"allowMultiple":false,"name":"sku","type":"token"},{"paramType":"query","required":true,"allowMultiple":false,"name":"locationId","type":"locationId"}],"type":"getInventoryResponse","form":false,"produces":["application/json","application/xml"],"consumes":["application/json","application/xml"]}]},{"path":"/inventory/device/{imei}","operations":[{"method":"GET","nickname":"checkActivationEligibility","summary":"checkActivationEligibility","notes":"To check if the Device is blacklisted","responseMessages":[{"code":404,"message":"Resource not found"}],"parameters":[{"paramType":"path","required":true,"allowMultiple":false,"name":"imei","type":"imei"}],"type":"checkActivationEligibilityResponse","form":false,"produces":["application/json","application/xml"],"consumes":["application/json","application/xml"]}]},{"path":"/device/{deviceid}","operations":[{"method":"PUT","nickname":"updateUnlockEligibility","summary":"updateUnlockEligibility","notes":"\u003cdiv class\u003d\"ExternalClassAE9D814D6926474EAA891572362AA0F5\"\u003eSpecial permissions user override the unlock eligibility in SAP OER\u003c/div\u003e","responseMessages":[{"code":400,"message":"Bad request"},{"code":409,"message":"Input data invalid"}],"parameters":[{"paramType":"body","required":false,"allowMultiple":false,"name":"updateUnLockEligibilityRequest","type":"updateUnLockEligibilityRequest"}],"type":"updateUnLockEligibilityResponse","form":false,"produces":["application/json","application/xml"],"consumes":["application/json","application/xml"]}]},{"path":"/invoice/history","operations":[{"method":"GET","nickname":"getInvoiceHistory","summary":"getInvoiceHistory","responseMessages":[{"code":401,"message":"Unauthorized Access"},{"code":500,"message":"Unknown Error\u003cbr /\u003e"},{"code":404,"message":"Resource not found"}],"parameters":[{"paramType":"body","required":true,"allowMultiple":false,"name":"getInvoiceHistoryRequest","type":"getInvoiceHistoryRequest"}],"type":"getInvoiceHistoryResponse","form":false,"produces":["application/json","application/xml"],"consumes":["application/json","application/xml"]}]}],"models":{"checkInventoryAvailablityRequest":{"required":["storeId","productId"],"id":"checkInventoryAvailablityRequest","name":"checkInventoryAvailablityRequest","properties":{"storeId":{"name":"storeId","type":"string"},"productId":{"name":"productId","type":"string"}}},"checkInventoryAvailablityResponse":{"required":["inventory"],"id":"checkInventoryAvailablityResponse","name":"checkInventoryAvailablityResponse","properties":{"inventory":{"name":"inventory","description":"The Inventory object is used to inquire about availability or to reserve inventory.","$ref":"Inventory"}}},"Inventory":{"id":"Inventory","name":"inventory","description":"The Inventory object is used to inquire about availability or to reserve inventory.","properties":{"sku":{"name":"sku","maxLength":50,"description":"Stock Keeping Unit for inventory purposes.","type":"string"},"requestedQuantity":{"name":"requestedQuantity","description":"The number of units requested of the specified product, in the specified unit of measure.","$ref":"Quantity"},"totalAvailableQuantity":{"name":"totalAvailableQuantity","description":"The number of units available of the specified product, in the specified unit of measure.","$ref":"Quantity"},"totalReservedQuantity":{"name":"totalReservedQuantity","description":"The number of units of the specified product that have been reserved, in the specified unit of measure.","$ref":"Quantity"},"locationInventory":{"name":"locationInventory","description":"The location of an entity such as a store or warehouse, including address and phone numbers.","type":"array","items":{"$ref":"locationInventory"}},"productSpecificationId":{"name":"productSpecificationId","description":"The enterprise-wide unique identifier for the product specification.  The id is mastered in the enterprise product catalog.","type":"string"},"salesChannelCode":{"name":"salesChannelCode","enum":["WEB","IVR","RETAIL","NATIONALPARTNER","DEALER","CARE","MOBILE","TELESALES"],"description":"Code defining the manner in which contact is made between T-Mobile and the customer.","type":"string"},"productType":{"name":"productType","enum":["Service","Financial","Device","Accessory"],"description":"Categorizes the different types of product offered for sale: Service, Device, Accessory, or Financial.","type":"string"},"productSubType":{"name":"productSubType","enum":["Voice","Text","Data","3rdPartyContent","BillableContent","Insurance","Warranty","EarlyUpgrade","EquipmentInstallmentPlan","DeviceTradeIn","ElectronicPrepaidRefill","CardPrepaidRefill","Handset","OtherAccessory","ConnectedWearable","Tablet","SimCard"],"description":"Further categorizes the different types of product offered for sale.","type":"string"},"marketCode":{"name":"marketCode","description":"The three-letter code that uniquely identifies the market.","type":"string"},"requestTime":{"name":"requestTime","description":"Date and time when the inventory request was made.","type":"string","format":"date-time"},"responseTime":{"name":"responseTime","description":"Date and time when the inventory response was sent.","type":"string","format":"date-time"},"specificationGroup":{"name":"specificationGroup","type":"array","items":{"$ref":"SpecificationGroup"}},"inventoryStatus":{"name":"inventoryStatus","description":"Status of the product in inventory.","$ref":"InventoryStatus"},"actionCode":{"name":"actionCode","enum":["InquireAvailability","Reserve","Release"],"type":"string"},"id":{"name":"id","description":"Unique identifier for the inventory request for traceability.","type":"string"}}},"Quantity":{"id":"Quantity","name":"requestedQuantity","description":"The number of units requested of the specified product, in the specified unit of measure.","properties":{"measurementUnit":{"name":"measurementUnit","description":"Unit of quantity","type":"string"}}},"locationInventory":{"id":"locationInventory","name":"locationInventory","description":"The location of an entity such as a store or warehouse, including address and phone numbers.","properties":{"locationName":{"name":"locationName","description":"The name of the entity located at the given address.","type":"string"},"locationType":{"name":"locationType","description":"The type of entity at this location.","type":"string"},"address":{"name":"address","description":"The physical address of the entity.","$ref":"Address"},"phoneCommunication":{"name":"phoneCommunication","description":"Phone numbers associated with the location, possibly including fax numbers as well as voice lines.","type":"array","items":{"$ref":"PhoneCommunication"}},"id":{"name":"id","description":"The unique  identifier of the location.","type":"string"},"availableQuantity":{"name":"availableQuantity","description":"The number of units available of the specified product, in the specified unit of measure, at the location.","type":"string"},"reservedQuantity":{"name":"reservedQuantity","description":"The number of units of the specified product that have been reserved, in the specified unit of measure, at the location.","type":"string"}}},"Address":{"required":["postalCode"],"id":"Address","name":"address","description":"The physical address of the entity.","properties":{"addressFormatType":{"name":"addressFormatType","enum":["STREET","POBOX","MILITARY","FOREIGN","HIGHWAY","RURALROUTE"],"description":"A code specifying the format of this address(STREET_ADDRESS, POBOX_ADDRESS,MILITARY_ADDRESS,FOREIGN_ADDRESS,HWY_ADDRESS,RURALROUTE_ADDRESS)","type":"string"},"addressLine1":{"name":"addressLine1","description":"The first free form line, expressed as text, of an address","type":"string"},"addressLine2":{"name":"addressLine2","description":"The first second form line, expressed as text, of an address","type":"string"},"addressLine3":{"name":"addressLine3","description":"The third free form line, expressed as text, of an address","type":"string"},"addressLine4":{"name":"addressLine4","description":"The fourth free form line, expressed as text, of an address","type":"string"},"cityName":{"name":"cityName","description":"The name, expressed as text, of the city, town or village of this address","type":"string"},"stateName":{"name":"stateName","description":"Name of the state in which  the city falls, where applicable","type":"string"},"stateCode":{"name":"stateCode","description":"Code of the state in which  the city falls, where applicable(WA, TX, GA)","type":"string"},"provinceName":{"name":"provinceName","description":"Name of the province where the address is located, if applicable","type":"string"},"provinceCode":{"name":"provinceCode","description":"Code of the province where the address is located, if applicable(OX,PQ)","type":"string"},"countyName":{"name":"countyName","description":"County Name, if applicable","type":"string"},"countryCode":{"name":"countryCode","maxLength":3,"minLength":3,"description":"The unique identifier of a country for this address (Reference ISO 3166 and UN/ECE Rec 3)","type":"string","pattern":"[A-Z][A-Z][A-Z]"},"countryName":{"name":"countryName","description":"The name of a country for this address (Reference ISO 3166 and UN/ECE Rec 3)","type":"string"},"attentionOf":{"name":"attentionOf","description":"The name, expressed as text, of a person or department in the organization to whom incoming mail is marked with words such as \u0027for the attention of\u0027 or \u0027FAO\u0027 or \u0027ATTN\u0027 for this address","type":"string"},"careOf":{"name":"careOf","description":"The name, expressed as text, of a person or organization at this address to whom incoming mail is marked with words such as \u0027care of\u0027 or \u0027C/O\u0027","type":"string"},"postalCode":{"name":"postalCode","maxLength":9,"minLength":5,"description":"A code specifying the postal code of the address","type":"string"},"postalCodeExtension":{"name":"postalCodeExtension","description":"An extension to the postalcode of the address, e.g., in 94070-3541, the extension is 3541.","type":"string"},"geoCodeID":{"name":"geoCodeID","description":"A unique code that represents a geospatial coordinate measurement of an exact geographic location and time at, below, or above the surface of the earth","type":"string"},"uncertaintyIndicator":{"name":"uncertaintyIndicator","description":"Uncertainty code for geoCode: \u0027FULL\u0027-Full Address, \u0027ZIP\u0027-Rural Zip+4, \u0027E\u0027-Rural Zip+2, \u0027RURAL\u0027-Rural Zip, \u0027D\u0027-Street Zip+4, \u0027L\u0027-Street Zip+2, \u0027STREET\u0027-Street zip","type":"string"},"inCityLimitIndicator":{"name":"inCityLimitIndicator","description":"Indicates whether or not this address is within the taxing boundary of the jurisdiction that\u0027s provided in the address.","type":"boolean"},"geographicCoordinates":{"name":"geographicCoordinates","$ref":"geographicCoordinates"},"countyCode":{"name":"countyCode","description":"A numeric code identifying the county from the Federal Information Processing Standard (FIPS).","type":"string"}}},"geographicCoordinates":{"id":"geographicCoordinates","name":"geographicCoordinates","properties":{"latitude":{"name":"latitude","type":"string"},"longitude":{"name":"longitude","type":"string"}}},"PhoneCommunication":{"required":["phoneNumber"],"id":"PhoneCommunication","name":"phoneCommunication","description":"Phone numbers associated with the location, possibly including fax numbers as well as voice lines.","properties":{"preference":{"name":"preference","description":"Precedence, advantage, or choice of one communication over another","$ref":"Preference"},"effectivePeriod":{"name":"effectivePeriod","description":"The segment of time when the communication is valid/available.\t\t\t\t\t","$ref":"TimePeriod"},"privacyProfile":{"name":"privacyProfile","description":"Privacy controls for this communication, indicating the circumstances in which this communication should be\nused.\n\t\t\t\t\t","type":"array","items":{"$ref":"PrivacyProfile"}},"collectionSource":{"name":"collectionSource","enum":["CUSTOMER","ACXIOM","CENSUS","DRG","FACEBOOK","LINKEDIN","OTHER","EMPLOYER","GOOGLEPLUS","TWITTER"],"type":"string"},"id":{"name":"id","type":"string"},"phoneType":{"name":"phoneType","enum":["LANDLINE","MOBILE","FAX","SATELLITE"],"description":"Indicates the type of Phone Communication. ","type":"string"},"phoneNumber":{"name":"phoneNumber","description":"The complete number without separation between \tcountry code, area code etc\n\t\t\t\t\t\t\t","type":"string"},"countryDialingCode":{"name":"countryDialingCode","description":"The country dialing code for a telephone communication number.\n\t\t\t\t\t\t\t","type":"string"},"areaCode":{"name":"areaCode","description":"The area dialing code for a communication number\n\t\t\t\t\t\t\t","type":"string"},"localNumber":{"name":"localNumber","description":"The communication number, not including country dialing or area dialing codes\n\t\t\t\t\t\t\t","type":"string"},"phoneExtension":{"name":"phoneExtension","description":"The extension of the associated communication\nnumber\n\t\t\t\t\t\t\t","type":"string"},"accessCode":{"name":"accessCode","description":"The text that permits access to the electronic network of the associated ommunication number such as telephone network, for example 9, *70.\n\t\t\t\t\t\t\t","type":"string"},"serviceUsageType":{"name":"serviceUsageType","description":"Indicates what type of phone service is governed by this Communication. Example, SMS, MMS ","type":"array","items":{"name":"serviceUsageType","enum":["SMS","VOICE","VOICE","SMS","MMS","DATA","APP","FAX","VOICEMAIL"],"type":"string"}},"usageContext":{"name":"usageContext","type":"array","items":{"name":"usageContext","enum":["PRIMARY","SECONDARY","BILLING","HOME","WORK","DATANOTIFY","OTHER","SECURITY","SKIPTRACE"],"type":"string"}},"communicationStatus":{"name":"communicationStatus","$ref":"PhoneCommunicationStatus"}}},"Preference":{"id":"Preference","name":"preference","description":"Precedence, advantage, or choice of one communication over another","properties":{"preferred":{"name":"preferred","description":"Indicator if this is a preferred communication. If false, this communication should be less used.\n\t\t\t\t\t","type":"boolean"},"ranking":{"name":"ranking","description":"Priority of ranking of the associated object or component. The lower the number, the higher the priority.\n\t\t\t\t\t","type":"string"}}},"TimePeriod":{"id":"TimePeriod","name":"effectivePeriod","description":"The segment of time when the communication is valid/available.\t\t\t\t\t","properties":{"startTime":{"name":"startTime","description":"Start DateTime of the Time Period","type":"string","format":"date-time"},"duration":{"name":"duration","description":"Duration of the Time Period. For additional information on the duration data type see:  http://www.w3schools.com/schema/schema_dtypes_date.asp","type":"string"},"endTime":{"name":"endTime","description":"End Date Time of the Time Period","type":"string","format":"date-time"}}},"PrivacyProfile":{"id":"PrivacyProfile","name":"privacyProfile","description":"Privacy controls for this communication, indicating the circumstances in which this communication should be\nused.\n\t\t\t\t\t","properties":{"optOut":{"name":"optOut","enum":["DEFAULT","OPTIN","OPTOUT"],"description":"Indicates the opt out option.\nIf true, this communication cannot be used for telemarketing calls, mails, emails...etc. ","type":"string"},"reason":{"name":"reason","description":"Indicates the reason for applying the Opt Out, if any.\n\t\t\t\t\t","type":"string"},"activityType":{"name":"activityType","enum":["BILLING","MARKETING"],"description":"Indicates the type of marketing activity that the customer has opted out from. If no value is provided, it is assumed that the customer has opted out from all marketing activity through this communication channel. ","type":"string"}}},"PhoneCommunicationStatus":{"id":"PhoneCommunicationStatus","name":"communicationStatus","properties":{"name":{"name":"name","description":"The user-friendly label that defines the state of the object, as the point in time expressed by effectivePeriod.","type":"string"},"description":{"name":"description","description":"An explanation of the status.","type":"array","items":{"$ref":"Description"}},"effectivePeriod":{"name":"effectivePeriod","description":"The time during which the object is/was in this Status.","$ref":"TimePeriod"},"reasonCode":{"name":"reasonCode","type":"string"},"statusCode":{"name":"statusCode","enum":["INSERVICE","FORWARDED","DISCONNECTED"],"description":"A short hand identifier for the state of the object, at the point in time specified by the effectivePeriod.","type":"string"},"subStatusCode":{"name":"subStatusCode","description":"A finer division of code.","type":"string"}}},"Description":{"id":"Description","name":"description","description":"An explanation of the status.","properties":{"languageCode":{"name":"languageCode","maxLength":2,"minLength":2,"type":"string","pattern":"[a-z][a-z]"},"usageContext":{"name":"usageContext","description":"The frame of reference where the description is applicable. For example WEB, MOBILE DEVICE.\n\t\t\t\t\t\t","type":"string"}}},"SpecificationGroup":{"id":"SpecificationGroup","name":"specificationGroup","properties":{"specificationValue":{"name":"specificationValue","description":"A specification is a property of an object that can be assigned a value.  SpecificationValue provides a structure to contain   additional details about an object, beyond the attributes that are already defined as concrete, named elements.","type":"array","items":{"$ref":"SpecificationValue"}},"name":{"name":"name","description":"The name of the group of specifications.","type":"string"}}},"SpecificationValue":{"id":"SpecificationValue","name":"specificationValue","description":"A specification is a property of an object that can be assigned a value.  SpecificationValue provides a structure to contain   additional details about an object, beyond the attributes that are already defined as concrete, named elements.","properties":{"name":{"name":"name","description":"The name of the Specification value; a label by which the value is commonly known.  For example a name \u003d \"LongDescription\" for a value that contains a long description.","type":"string"},"value":{"name":"value","type":"string"},"currencyCode":{"name":"currencyCode","maxLength":3,"minLength":3,"description":"The currency of the SpecificationValue, if the dataType is curency.","type":"string","pattern":"[A-Z][A-Z][A-Z]"},"dataType":{"name":"dataType","description":"The data type of the value.  This is a required attribute.  The recognized data types are specified by the xml w3c standard, minus the namespace prefix.  For example xsd:boolean would be expressed as boolean.","type":"string"},"measurementUnit":{"name":"measurementUnit","description":"The unit of measure of the value, if applicable.","type":"string"},"precision":{"name":"precision","description":"For a numeric value, how many total digits are allowed.","type":"integer","format":"int32"},"scale":{"name":"scale","description":"For a numeric value,the number of digits to the right of the decimal point.","type":"integer","format":"int32"}}},"InventoryStatus":{"id":"InventoryStatus","name":"inventoryStatus","description":"Status of the product in inventory.","properties":{"name":{"name":"name","description":"The user-friendly label that defines the state of the object, as the point in time expressed by effectivePeriod.","type":"string"},"description":{"name":"description","description":"An explanation of the status.","type":"array","items":{"$ref":"Description"}},"effectivePeriod":{"name":"effectivePeriod","description":"The time during which the object is/was in this Status.","$ref":"TimePeriod"},"reasonCode":{"name":"reasonCode","type":"string"},"statusCode":{"name":"statusCode","enum":["AVAILABLE","BACKORDER","OUTOFSTOCK","PREORDER"],"type":"string"}}},"locationId":{"id":"locationId","name":"locationId"},"getInventoryResponse":{"required":["inventory"],"id":"getInventoryResponse","name":"getInventoryResponse","properties":{"inventory":{"name":"inventory","description":"The Inventory object is used to inquire about availability or to reserve inventory.","$ref":"Inventory"}}},"imei":{"id":"imei","name":"imei","maxLength":15,"minLength":15,"pattern":"[0-9]{15}"},"checkActivationEligibilityResponse":{"id":"checkActivationEligibilityResponse","name":"checkActivationEligibilityResponse"},"updateUnLockEligibilityRequest":{"required":["msisdn","imsi","imei","deviceid"],"id":"updateUnLockEligibilityRequest","name":"updateUnLockEligibilityRequest","properties":{"msisdn":{"name":"msisdn","type":"string"},"imsi":{"name":"imsi","maxLength":15,"minLength":15,"type":"string"},"imei":{"name":"imei","maxLength":15,"minLength":15,"type":"string","pattern":"[0-9]{15}"},"deviceid":{"name":"deviceid","type":"string"}}},"updateUnLockEligibilityResponse":{"required":["msisdn","imei","imsi"],"id":"updateUnLockEligibilityResponse","name":"updateUnLockEligibilityResponse","properties":{"msisdn":{"name":"msisdn","type":"string"},"imei":{"name":"imei","maxLength":15,"minLength":15,"type":"string","pattern":"[0-9]{15}"},"imsi":{"name":"imsi","maxLength":15,"minLength":15,"type":"string"}}},"getInvoiceHistoryRequest":{"required":["financialAccountId","invoiceDatePeriod","dueDatePeriod","invoiceStatus"],"id":"getInvoiceHistoryRequest","name":"getInvoiceHistoryRequest","properties":{"financialAccountId":{"name":"financialAccountId","description":"Uniquely identifies the Customer\u0027s financial (billing) account within the billing system.","type":"string"},"invoiceDatePeriod":{"name":"invoiceDatePeriod","$ref":"TimePeriod"},"dueDatePeriod":{"name":"dueDatePeriod","$ref":"TimePeriod"},"invoiceStatus":{"name":"invoiceStatus","$ref":"InvoiceStatus"}}},"InvoiceStatus":{"id":"InvoiceStatus","name":"invoiceStatus","properties":{"name":{"name":"name","description":"The user-friendly label that defines the state of the object, as the point in time expressed by effectivePeriod.","type":"string"},"description":{"name":"description","description":"An explanation of the status.","type":"array","items":{"$ref":"Description"}},"effectivePeriod":{"name":"effectivePeriod","description":"The time during which the object is/was in this Status.","$ref":"TimePeriod"},"reasonCode":{"name":"reasonCode","type":"string"},"statusCode":{"name":"statusCode","enum":["FINAL","DUE","LATE","PAID","WRITTEN OFF"],"type":"string"}}},"getInvoiceHistoryResponse":{"required":["customerInvoice"],"id":"getInvoiceHistoryResponse","name":"getInvoiceHistoryResponse","properties":{"customerInvoice":{"name":"customerInvoice","$ref":"customerInvoice"}}},"customerInvoice":{"required":["customerid","financialAccountId","invoice"],"id":"customerInvoice","name":"customerInvoice","properties":{"customerid":{"name":"customerid","type":"string"},"financialAccountId":{"name":"financialAccountId","description":"Uniquely identifies the Customer\u0027s financial (billing) account within the billing system.","type":"string"},"invoice":{"name":"invoice","$ref":"Invoice"}}},"Invoice":{"id":"Invoice","name":"invoice","properties":{"description":{"name":"description","description":"Description of the invoice","type":"array","items":{"$ref":"Description"}},"totalAmount":{"name":"totalAmount","description":"Total value of the items billed on the invoice including taxes or charges; this value does not include the prior balance amount and should be derived from Invoice Lines.","$ref":"Amount"},"extendedAmount":{"name":"extendedAmount","description":"Total value of the items billed on the invoice not including taxes or charges. This is the sum of all the line item Extended Amounts","$ref":"Amount"},"priorBalanceAmount":{"name":"priorBalanceAmount","description":"Indicates customer\u0027s prior balance amount.","$ref":"Amount"},"adjustedIndicator":{"name":"adjustedIndicator","description":"Indicates if this invoice has been adjusted","$ref":"Indicator"},"invoiceType":{"name":"invoiceType","enum":["REGULAR","CREDIT","REBILL","ADJUSTMENT","REGULARADJUSTED"],"description":"Identifies whether the invoice is regular, credit, rebill, adjustment, regular with adjustment.","type":"string"},"classificationCode":{"name":"classificationCode","enum":["Contract","SalesOrder","RealEstate"],"description":"Categorization of the invoice (ie. Contract Invoice, sales order invoice, real estate invoice)","type":"string"},"billingFrequencyCode":{"name":"billingFrequencyCode","enum":["RECURRING","INSTALLMENT","REGULAR"],"description":"Identifies whether the invoice is a recurring bill, an installment bill, or regular bill","type":"string"},"consolidationIndicator":{"name":"consolidationIndicator","description":"Identifies if the invoice is a consolidated invoice header. Consolidated invoice headers have no invoice lines.  The lines can be found in the invoices that make up the consolidated invoice.","$ref":"Indicator"},"invoiceDate":{"name":"invoiceDate","description":"Date to be printed on invoice, basis of due date calculation.","type":"string","format":"date-time"},"latePaymentChargeApplicableDate":{"name":"latePaymentChargeApplicableDate","description":"Date after which a late payment will be charged.  This is equal to the due date plus the grace days defined for the customer.","type":"string","format":"date-time"},"adjustmentAmount":{"name":"adjustmentAmount","description":"Total adjustment amount appliable during the current billing cycle.","$ref":"Amount"},"lastCyclePaymentAmount":{"name":"lastCyclePaymentAmount","description":"Total amount paid during the current billing cycle against prior bills.","$ref":"Amount"},"correctionAmount":{"name":"correctionAmount","description":"Total invoice correction amount related to cancel/rebill.","$ref":"Amount"},"automaticPaymentIndicator":{"name":"automaticPaymentIndicator","description":"Indicates if the invoice is to be paid via Easy Pay.","$ref":"Indicator"},"dueDate":{"name":"dueDate","description":"Date the invoice is Due.","type":"string","format":"date-time"},"paymentTerm":{"name":"paymentTerm","description":"Details about the payment terms for the Invoice. ","type":"string"},"note":{"name":"note","description":"Note about the invoice.","type":"array","items":{"$ref":"Note"}},"invoiceStatus":{"name":"invoiceStatus","description":"Details about the current status of the invoice","$ref":"InvoiceStatus"},"effectivePeriod":{"name":"effectivePeriod","description":"For a recurring invoice, identifies the start and end date for recurring billing","$ref":"EffectivePeriod"},"paymentInstrument":{"name":"paymentInstrument","description":"Details about the payment instrument that will be used to pay for the invoice. This is not the actual payment information - it is just information about how the invoice will be paid","$ref":"PaymentInstrument"},"billToParty":{"name":"billToParty","description":"Details about the party to whom the invoice is issued.","$ref":"Contact"},"billFromParty":{"name":"billFromParty","description":"Details about the party that issues the invoice","$ref":"Contact"},"remitToParty":{"name":"remitToParty","description":"Details about the party to whom the payment is to be remitted","$ref":"Contact"},"salesperson":{"name":"salesperson","description":"Details about the Sales person or Sales Group responsible for the sale of the goods on the invoice","$ref":"Contact"},"invoiceTax":{"name":"invoiceTax","description":"Total Tax amount for various tax types . This is the sum of all the line Tax Amounts.","type":"array","items":{"$ref":"Tax"}},"invoiceCharge":{"name":"invoiceCharge","description":"Total Charge amount for various charge types . This is the sum of all the line Charge Amounts.","type":"array","items":{"$ref":"Charge"}},"invoiceDeduction":{"name":"invoiceDeduction","description":"Total Deduction amount for various allowance types . This is the sum of all the line Deduction Amounts.","type":"array","items":{"$ref":"Deduction"}},"deliverToContact":{"name":"deliverToContact","description":"Details about who will receive additional copies of the invoice.","type":"array","items":{"$ref":"Contact"}},"statusHistory":{"name":"statusHistory","description":"Capture the status history for the invoice.","type":"array","items":{"$ref":"InvoiceStatus"}},"pastDueAmount":{"name":"pastDueAmount","$ref":"Amount"},"currentBalanceAmount":{"name":"currentBalanceAmount","$ref":"Amount"},"links":{"name":"links","$ref":"links"},"actionCode":{"name":"actionCode","type":"string"},"invoiceId":{"name":"invoiceId","type":"string"}}},"Amount":{"id":"Amount","name":"totalAmount","description":"Total value of the items billed on the invoice including taxes or charges; this value does not include the prior balance amount and should be derived from Invoice Lines.","properties":{"currencyCode":{"name":"currencyCode","maxLength":3,"minLength":3,"type":"string","pattern":"[A-Z][A-Z][A-Z]"}}},"Indicator":{"id":"Indicator","name":"adjustedIndicator","description":"Indicates if this invoice has been adjusted","properties":{"name":{"name":"name","description":"An Indicator is a property of an object that can be assigned a value.","type":"string"}}},"Note":{"id":"Note","name":"note","description":"Note about the invoice.","properties":{"entryTime":{"name":"entryTime","description":"Date and time when the note was entered/created.","type":"string","format":"date-time"},"noteType":{"name":"noteType","description":"An extensive list of note types (500+) are defined for systematic use. Business rules determine which note to apply in a given situation.","type":"string"},"content":{"name":"content","description":"Addiitonal descriptive information entered by the author to supplement the system text.","type":"string"},"author":{"name":"author","description":"Identifies the author of the note.","type":"string"},"id":{"name":"id","description":"Unique identifier assigned by the system of record.","type":"string"},"language":{"name":"language","maxLength":2,"minLength":2,"description":"Identifier for the language used in the description.  Value is the ISO 639-1 Code, a two letter code such as   (en-US,en-CA,en-GB)defined at www.w3.org/standards ","type":"string","pattern":"[a-z][a-z]"}}},"EffectivePeriod":{"id":"EffectivePeriod","name":"effectivePeriod","description":"For a recurring invoice, identifies the start and end date for recurring billing","properties":{"startTime":{"name":"startTime","description":"Start DateTime of the Time Period","type":"string","format":"date-time"},"duration":{"name":"duration","description":"Duration of the Time Period. For additional information on the duration data type see:  http://www.w3schools.com/schema/schema_dtypes_date.asp","type":"string"},"endTime":{"name":"endTime","description":"End Date Time of the Time Period","type":"string","format":"date-time"},"usageContext":{"name":"usageContext","type":"string"}}},"PaymentInstrument":{"id":"PaymentInstrument","name":"paymentInstrument","description":"Details about the payment instrument that will be used to pay for the invoice. This is not the actual payment information - it is just information about how the invoice will be paid","properties":{"check":{"name":"check","$ref":"Check"},"electronicFundsTransfer":{"name":"electronicFundsTransfer","description":"Electronic Funds Transfer (EFT) is a system of transferring money from one bank account directly to another without any paper money changing hands.","$ref":"ElectronicFundsTransfer"},"bankDraft":{"name":"bankDraft","$ref":"BankDraft"},"creditCard":{"name":"creditCard","description":"holders draw on a credit limit approved by the card-issuer such as a bank, store, or service provider. Cardholders normally must pay for credit card purchases at a later date as determined by their agreement with the card-issuer.","$ref":"CreditCard"},"debitCard":{"name":"debitCard","$ref":"DebitCard"},"prepaidCard":{"name":"prepaidCard","description":"A Prepaid Card is a type of payment card that accesses a limited funding source. Commonly used to provide banking services to those without access to a bank account or credit card.","$ref":"PrepaidCard"},"cashIndicator":{"name":"cashIndicator","type":"boolean"},"paymentCard":{"name":"paymentCard","description":"The Payment Card provides the core elements that are shared in common between Credit Card, Debit Card, and Prepaid Card. It can be used when it is not necessary to differentiate between those three.","$ref":"PaymentCard"},"financialInstrument":{"name":"financialInstrument","description":"Financial Instrument provides the core elements used in common between Check, Bank Draft, and Electronic Funds Transfer. It can be used in situations where it is not necessary to differentiate between those three.","$ref":"FinancialInstrument"},"issuedDate":{"name":"issuedDate","type":"string","format":"date-time"},"storedPaymentToken":{"name":"storedPaymentToken","description":"Token used as an alias to retrieve stored payment method from T-Safe or other secured system.","type":"string"},"actionCode":{"name":"actionCode","type":"string"},"paymentInstrumentId":{"name":"paymentInstrumentId","type":"string"}}},"Check":{"id":"Check","name":"check","properties":{"typeCode":{"name":"typeCode","description":"Code Type","type":"string"},"accountHolderName":{"name":"accountHolderName","description":"Account Holder\u0027s name on the payment instrument","type":"array","items":{"name":"accountHolderName","type":"string"}},"bankName":{"name":"bankName","description":"Bank on wnich the payment instrument is drawn","type":"string"},"accountNumber":{"name":"accountNumber","description":"Number of payment  instrument","type":"string"},"routingNumber":{"name":"routingNumber","description":"Routing Number of the bank on whom the payment instrument is drawn","type":"string"},"memo":{"name":"memo","description":"Memo on the payment instrument","type":"array","items":{"$ref":"Text"}},"issuedDate":{"name":"issuedDate","description":"The Issued Date for the payment ","type":"string","format":"date-time"},"accountHolderAddress":{"name":"accountHolderAddress","$ref":"Address"},"IBAN":{"name":"IBAN","description":"International bank account number. Used internationally to uniquely identify the account of a customer at a financial institution","type":"string"}}},"Text":{"id":"Text","name":"memo","description":"Memo on the payment instrument","properties":{"languageCode":{"name":"languageCode","maxLength":2,"minLength":2,"type":"string","pattern":"[a-z][a-z]"}}},"ElectronicFundsTransfer":{"id":"ElectronicFundsTransfer","name":"electronicFundsTransfer","description":"Electronic Funds Transfer (EFT) is a system of transferring money from one bank account directly to another without any paper money changing hands.","properties":{"typeCode":{"name":"typeCode","description":"Code Type","type":"string"},"accountHolderName":{"name":"accountHolderName","description":"Account Holder\u0027s name on the payment instrument","type":"array","items":{"name":"accountHolderName","type":"string"}},"bankName":{"name":"bankName","description":"Bank on wnich the payment instrument is drawn","type":"string"},"accountNumber":{"name":"accountNumber","description":"Number of payment  instrument","type":"string"},"routingNumber":{"name":"routingNumber","description":"Routing Number of the bank on whom the payment instrument is drawn","type":"string"},"memo":{"name":"memo","description":"Memo on the payment instrument","type":"array","items":{"$ref":"Text"}},"issuedDate":{"name":"issuedDate","description":"The Issued Date for the payment ","type":"string","format":"date-time"},"accountHolderAddress":{"name":"accountHolderAddress","$ref":"Address"}}},"BankDraft":{"id":"BankDraft","name":"bankDraft","properties":{"typeCode":{"name":"typeCode","description":"Code Type","type":"string"},"accountHolderName":{"name":"accountHolderName","description":"Account Holder\u0027s name on the payment instrument","type":"array","items":{"name":"accountHolderName","type":"string"}},"bankName":{"name":"bankName","description":"Bank on wnich the payment instrument is drawn","type":"string"},"accountNumber":{"name":"accountNumber","description":"Number of payment  instrument","type":"string"},"routingNumber":{"name":"routingNumber","description":"Routing Number of the bank on whom the payment instrument is drawn","type":"string"},"memo":{"name":"memo","description":"Memo on the payment instrument","type":"array","items":{"$ref":"Text"}},"issuedDate":{"name":"issuedDate","description":"The Issued Date for the payment ","type":"string","format":"date-time"},"accountHolderAddress":{"name":"accountHolderAddress","$ref":"Address"}}},"CreditCard":{"id":"CreditCard","name":"creditCard","description":"holders draw on a credit limit approved by the card-issuer such as a bank, store, or service provider. Cardholders normally must pay for credit card purchases at a later date as determined by their agreement with the card-issuer.","properties":{"typeCode":{"name":"typeCode","enum":["MASTERCARD","VISA","AMERICANEXPRESS","DISCOVER"],"description":"Type of Credit Card. Examples are Visa, MasterCard etc","type":"string"},"cardNumber":{"name":"cardNumber","description":"Payment card number","$ref":"cardNumber"},"cardHolderName":{"name":"cardHolderName","description":"Name of the Card Holder","type":"string"},"companyName":{"name":"companyName","description":"Business Name identified for the card if applicable","type":"string"},"expirationDate":{"name":"expirationDate","description":"Expiration Date of the card","type":"string","format":"date-time"},"cardHolderAddress":{"name":"cardHolderAddress","$ref":"Address"},"cardImage":{"name":"cardImage","type":"array","items":{"$ref":"Attachment"}},"cardHolderBillingAddress":{"name":"cardHolderBillingAddress","$ref":"Address"},"securityCode":{"name":"securityCode","description":"Security Code on the card","type":"string"}}},"cardNumber":{"id":"cardNumber","name":"cardNumber","description":"Payment card number","properties":{"maskingType":{"name":"maskingType","enum":["Last4","Last6","First5","None","NA"],"type":"string"}}},"Attachment":{"id":"Attachment","name":"cardImage","properties":{"typeCode":{"name":"typeCode","enum":["URL","TEXT","JPG","PDF","HTML","PNG","XML"],"description":"Type of attachment, e.g., URL, TEXT, JPG, PNG, HTML, PDF","type":"string"},"purposeCode":{"name":"purposeCode","description":"Primary purpose of the attachment, e.g., Shipping, Manufacturing, Invoicing.","type":"string"},"name":{"name":"name","description":"Name of the attachment","type":"array","items":{"name":"name","type":"string"}},"title":{"name":"title","description":"Title of the attachment. This is not the file name e.g. the title of a document is different from the file name of the document","type":"array","items":{"name":"title","type":"string"}},"sizeQuantity":{"name":"sizeQuantity","description":"Size of the attachment","$ref":"Quantity"},"creationTime":{"name":"creationTime","description":"Date Time of creation of the document in the system of record","type":"string","format":"date-time"},"embeddedData":{"name":"embeddedData","description":"Element holding data embedded directly in the BOD instance","$ref":"BinaryObject"},"URI":{"name":"URI","description":"URI indicating where the attachment is located","type":"string"},"description":{"name":"description","description":"Description of the attachment","type":"array","items":{"$ref":"Description"}},"note":{"name":"note","type":"array","items":{"$ref":"Note"}},"version":{"name":"version","type":"string"},"id":{"name":"id","description":"Uniquely identifies the attachment record.","type":"string"}}},"BinaryObject":{"id":"BinaryObject","name":"embeddedData","description":"Element holding data embedded directly in the BOD instance","properties":{"characterSetCode":{"name":"characterSetCode","type":"string"},"fileName":{"name":"fileName","type":"string"},"mimeCode":{"name":"mimeCode","type":"string"}}},"DebitCard":{"id":"DebitCard","name":"debitCard","properties":{"typeCode":{"name":"typeCode","enum":["MASTERCARD","VISA","AMERICANEXPRESS","DISCOVER"],"description":"Type of Credit Card. Examples are Visa, MasterCard etc","type":"string"},"cardNumber":{"name":"cardNumber","description":"Payment card number","$ref":"cardNumber"},"cardHolderName":{"name":"cardHolderName","description":"Name of the Card Holder","type":"string"},"companyName":{"name":"companyName","description":"Business Name identified for the card if applicable","type":"string"},"expirationDate":{"name":"expirationDate","description":"Expiration Date of the card","type":"string","format":"date-time"},"cardHolderAddress":{"name":"cardHolderAddress","$ref":"Address"},"cardImage":{"name":"cardImage","type":"array","items":{"$ref":"Attachment"}},"PIN":{"name":"PIN","description":"PIN Code of the card","type":"string"}}},"PrepaidCard":{"id":"PrepaidCard","name":"prepaidCard","description":"A Prepaid Card is a type of payment card that accesses a limited funding source. Commonly used to provide banking services to those without access to a bank account or credit card.","properties":{"typeCode":{"name":"typeCode","enum":["MASTERCARD","VISA","AMERICANEXPRESS","DISCOVER"],"description":"Type of Credit Card. Examples are Visa, MasterCard etc","type":"string"},"cardNumber":{"name":"cardNumber","description":"Payment card number","$ref":"cardNumber"},"cardHolderName":{"name":"cardHolderName","description":"Name of the Card Holder","type":"string"},"companyName":{"name":"companyName","description":"Business Name identified for the card if applicable","type":"string"},"expirationDate":{"name":"expirationDate","description":"Expiration Date of the card","type":"string","format":"date-time"},"cardHolderAddress":{"name":"cardHolderAddress","$ref":"Address"},"cardImage":{"name":"cardImage","type":"array","items":{"$ref":"Attachment"}},"PIN":{"name":"PIN","description":"PIN Code of the card","type":"string"}}},"PaymentCard":{"id":"PaymentCard","name":"paymentCard","description":"The Payment Card provides the core elements that are shared in common between Credit Card, Debit Card, and Prepaid Card. It can be used when it is not necessary to differentiate between those three.","properties":{"typeCode":{"name":"typeCode","enum":["MASTERCARD","VISA","AMERICANEXPRESS","DISCOVER"],"description":"Type of Credit Card. Examples are Visa, MasterCard etc","type":"string"},"cardNumber":{"name":"cardNumber","description":"Payment card number","$ref":"cardNumber"},"cardHolderName":{"name":"cardHolderName","description":"Name of the Card Holder","type":"string"},"companyName":{"name":"companyName","description":"Business Name identified for the card if applicable","type":"string"},"expirationDate":{"name":"expirationDate","description":"Expiration Date of the card","type":"string","format":"date-time"},"cardHolderAddress":{"name":"cardHolderAddress","$ref":"Address"},"cardImage":{"name":"cardImage","type":"array","items":{"$ref":"Attachment"}}}},"FinancialInstrument":{"id":"FinancialInstrument","name":"financialInstrument","description":"Financial Instrument provides the core elements used in common between Check, Bank Draft, and Electronic Funds Transfer. It can be used in situations where it is not necessary to differentiate between those three.","properties":{"typeCode":{"name":"typeCode","description":"Code Type","type":"string"},"accountHolderName":{"name":"accountHolderName","description":"Account Holder\u0027s name on the payment instrument","type":"array","items":{"name":"accountHolderName","type":"string"}},"bankName":{"name":"bankName","description":"Bank on wnich the payment instrument is drawn","type":"string"},"accountNumber":{"name":"accountNumber","description":"Number of payment  instrument","type":"string"},"routingNumber":{"name":"routingNumber","description":"Routing Number of the bank on whom the payment instrument is drawn","type":"string"},"memo":{"name":"memo","description":"Memo on the payment instrument","type":"array","items":{"$ref":"Text"}},"issuedDate":{"name":"issuedDate","description":"The Issued Date for the payment ","type":"string","format":"date-time"},"accountHolderAddress":{"name":"accountHolderAddress","$ref":"Address"}}},"Contact":{"id":"Contact","name":"billToParty","description":"Details about the party to whom the invoice is issued.","properties":{"personName":{"name":"personName","description":"Name of the person to be contacted.","type":"array","items":{"$ref":"PersonName"}},"jobTitle":{"name":"jobTitle","description":"Job title or role of the person to be contacted.","type":"array","items":{"name":"jobTitle","type":"string"}},"companyName":{"name":"companyName","description":"Name of the company where the person can be contacted","type":"string"},"status":{"name":"status","type":"array","items":{"$ref":"ContactStatus"}},"preference":{"name":"preference","description":"Precedence, advantage, or choice of one contact over another","$ref":"Preference"},"addressCommunication":{"name":"addressCommunication","type":"array","items":{"$ref":"AddressCommunication"}},"phoneCommunication":{"name":"phoneCommunication","type":"array","items":{"$ref":"PhoneCommunication"}},"emailCommunication":{"name":"emailCommunication","type":"array","items":{"$ref":"EmailCommunication"}},"websiteCommunication":{"name":"websiteCommunication","type":"array","items":{"$ref":"WebsiteCommunication"}},"preferredLanguage":{"name":"preferredLanguage","description":"The preferred language of communication in the specified usage context. ISO 639-1 Code (en-US,en-CA,en-GB)","type":"array","items":{"$ref":"PreferredLanguage"}},"preferredCommunicationChannel":{"name":"preferredCommunicationChannel","description":"Precedence, advantage, or choice of one communication channel, for example  email vs phone","type":"array","items":{"$ref":"PreferredCommunicationChannel"}},"socialCommunication":{"name":"socialCommunication","type":"array","items":{"$ref":"SocialCommunication"}},"securityProfile":{"name":"securityProfile","$ref":"SecurityProfile"},"id":{"name":"id","description":"Uniquely identifies the Contact.","type":"string"}}},"PersonName":{"id":"PersonName","name":"personName","description":"Name of the person to be contacted.","properties":{"nameType":{"name":"nameType","description":"Type of name such as Legal name, official name and so on.","type":"string"},"fullName":{"name":"fullName","description":"The person\u0027s full name.","type":"string"},"firstName":{"name":"firstName","description":"Is the Persons given name or first name","type":"string"},"middleName":{"name":"middleName","description":"Is the persons middle name or initial.","type":"array","items":{"name":"middleName","type":"string"}},"familyName":{"name":"familyName","description":"Is the persons family name","type":"array","items":{"name":"familyName","type":"string"}},"maidenName":{"name":"maidenName","description":"A married name is the family name adopted by a person upon marriage, and in speaking of the many cultures where the practice is traditional for women, the maiden name is the family name that the married name replaces.","type":"string"},"title":{"name":"title","description":"Is the title of the person. For example Dr, Senator, Mr..","type":"array","items":{"name":"title","type":"string"}},"salutation":{"name":"salutation","description":"Way the person is addressed e.g. Honorable etc?","type":"array","items":{"name":"salutation","type":"string"}},"prefix":{"name":"prefix","description":"Prefix to the last name that is not considered part of the last name, such as German von or French dela, etc.","type":"string"},"suffix":{"name":"suffix","description":"Suffix to the last name, such as Senior, III, the Third etc. \n","type":"string"},"militaryRank":{"name":"militaryRank","description":"Military Rank \n","type":"string"},"preferredName":{"name":"preferredName","description":"Name by which the person prefers to be addressed","type":"string"},"aliasName":{"name":"aliasName","description":"Alias by which the person is known","type":"array","items":{"name":"aliasName","type":"string"}},"effectivePeriod":{"name":"effectivePeriod","description":"A period of time for which the name is effective.","$ref":"TimePeriod"},"id":{"name":"id","type":"string"}}},"ContactStatus":{"id":"ContactStatus","name":"status","properties":{"name":{"name":"name","description":"The user-friendly label that defines the state of the object, as the point in time expressed by effectivePeriod.","type":"string"},"description":{"name":"description","description":"An explanation of the status.","type":"array","items":{"$ref":"Description"}},"effectivePeriod":{"name":"effectivePeriod","description":"The time during which the object is/was in this Status.","$ref":"TimePeriod"},"reasonCode":{"name":"reasonCode","type":"string"},"statusCode":{"name":"statusCode","enum":["VALIDATED","NONVALIDATED"],"description":"A short hand identifier for the state of the object, at the point in time specified by the effectivePeriod.","type":"string"},"subStatusCode":{"name":"subStatusCode","description":"A finer division of code.","type":"string"}}},"AddressCommunication":{"id":"AddressCommunication","name":"addressCommunication","properties":{"preference":{"name":"preference","description":"Precedence, advantage, or choice of one communication over another","$ref":"Preference"},"effectivePeriod":{"name":"effectivePeriod","description":"The segment of time when the communication is valid/available.\t\t\t\t\t","$ref":"TimePeriod"},"privacyProfile":{"name":"privacyProfile","description":"Privacy controls for this communication, indicating the circumstances in which this communication should be\nused.\n\t\t\t\t\t","type":"array","items":{"$ref":"PrivacyProfile"}},"collectionSource":{"name":"collectionSource","enum":["CUSTOMER","ACXIOM","CENSUS","DRG","FACEBOOK","LINKEDIN","OTHER","EMPLOYER","GOOGLEPLUS","TWITTER"],"type":"string"},"id":{"name":"id","type":"string"},"address":{"name":"address","$ref":"Address"},"usageContext":{"name":"usageContext","type":"array","items":{"name":"usageContext","enum":["HOME","WORK","MAILING","SHIPPING","BILLING","PHYSICAL","E911","PPU","SKIPTRACE"],"type":"string"}},"communicationStatus":{"name":"communicationStatus","$ref":"AddressCommunicationStatus"}}},"AddressCommunicationStatus":{"id":"AddressCommunicationStatus","name":"communicationStatus","properties":{"name":{"name":"name","description":"The user-friendly label that defines the state of the object, as the point in time expressed by effectivePeriod.","type":"string"},"description":{"name":"description","description":"An explanation of the status.","type":"array","items":{"$ref":"Description"}},"effectivePeriod":{"name":"effectivePeriod","description":"The time during which the object is/was in this Status.","$ref":"TimePeriod"},"reasonCode":{"name":"reasonCode","type":"string"},"statusCode":{"name":"statusCode","enum":["VALIDATED","NONVALIDATED","UNDELIVERABLE"],"description":"A short hand identifier for the state of the object, at the point in time specified by the effectivePeriod.","type":"string"},"subStatusCode":{"name":"subStatusCode","enum":["OVERWRITTEN"],"description":"A finer division of code.","type":"string"}}},"EmailCommunication":{"required":["emailAddress"],"id":"EmailCommunication","name":"emailCommunication","properties":{"preference":{"name":"preference","description":"Precedence, advantage, or choice of one communication over another","$ref":"Preference"},"effectivePeriod":{"name":"effectivePeriod","description":"The segment of time when the communication is valid/available.\t\t\t\t\t","$ref":"TimePeriod"},"privacyProfile":{"name":"privacyProfile","description":"Privacy controls for this communication, indicating the circumstances in which this communication should be\nused.\n\t\t\t\t\t","type":"array","items":{"$ref":"PrivacyProfile"}},"collectionSource":{"name":"collectionSource","enum":["CUSTOMER","ACXIOM","CENSUS","DRG","FACEBOOK","LINKEDIN","OTHER","EMPLOYER","GOOGLEPLUS","TWITTER"],"type":"string"},"id":{"name":"id","type":"string"},"emailAddress":{"name":"emailAddress","description":"URI in the case of email communication\n\t\t\t\t\t\t\t","type":"string"},"emailFormat":{"name":"emailFormat","enum":["HTML","PLAINTEXT","RICHTEXT"],"description":"Indicates that the communication is preferred\tin HTML format, Plain Text, Rich Text.\n\t\t\t\t\t\t\t","type":"string"},"usageContext":{"name":"usageContext","type":"array","items":{"name":"usageContext","enum":["PRIMARY","SECONDARY","BILLING","HOME","WORK","DATANOTIFY","OTHER","SECURITY"],"type":"string"}},"communicationStatus":{"name":"communicationStatus","$ref":"EmailCommunicationStatus"}}},"EmailCommunicationStatus":{"id":"EmailCommunicationStatus","name":"communicationStatus","properties":{"name":{"name":"name","description":"The user-friendly label that defines the state of the object, as the point in time expressed by effectivePeriod.","type":"string"},"description":{"name":"description","description":"An explanation of the status.","type":"array","items":{"$ref":"Description"}},"effectivePeriod":{"name":"effectivePeriod","description":"The time during which the object is/was in this Status.","$ref":"TimePeriod"},"reasonCode":{"name":"reasonCode","type":"string"},"statusCode":{"name":"statusCode","enum":["VALIDATED","NONVALIDATED","DELIVERED","UNDELIVERABLE"],"description":"A short hand identifier for the state of the object, at the point in time specified by the effectivePeriod.","type":"string"},"subStatusCode":{"name":"subStatusCode","enum":["OVERWRITTEN","HARDBOUNCE","SOFTBOUNCE"],"description":"A finer division of code.","type":"string"}}},"WebsiteCommunication":{"id":"WebsiteCommunication","name":"websiteCommunication","properties":{"preference":{"name":"preference","description":"Precedence, advantage, or choice of one communication over another","$ref":"Preference"},"effectivePeriod":{"name":"effectivePeriod","description":"The segment of time when the communication is valid/available.\t\t\t\t\t","$ref":"TimePeriod"},"privacyProfile":{"name":"privacyProfile","description":"Privacy controls for this communication, indicating the circumstances in which this communication should be\nused.\n\t\t\t\t\t","type":"array","items":{"$ref":"PrivacyProfile"}},"collectionSource":{"name":"collectionSource","enum":["CUSTOMER","ACXIOM","CENSUS","DRG","FACEBOOK","LINKEDIN","OTHER","EMPLOYER","GOOGLEPLUS","TWITTER"],"type":"string"},"id":{"name":"id","type":"string"},"websiteURI":{"name":"websiteURI","description":"URI or URL for the communication\n\t\t\t\t\t\t\t","type":"string"},"usageContext":{"name":"usageContext","type":"array","items":{"name":"usageContext","enum":["PERSONAL","BUSINESS"],"type":"string"}},"communicationStatus":{"name":"communicationStatus","$ref":"WebsiteCommunicationStatus"}}},"WebsiteCommunicationStatus":{"id":"WebsiteCommunicationStatus","name":"communicationStatus","properties":{"name":{"name":"name","description":"The user-friendly label that defines the state of the object, as the point in time expressed by effectivePeriod.","type":"string"},"description":{"name":"description","description":"An explanation of the status.","type":"array","items":{"$ref":"Description"}},"effectivePeriod":{"name":"effectivePeriod","description":"The time during which the object is/was in this Status.","$ref":"TimePeriod"},"reasonCode":{"name":"reasonCode","type":"string"},"statusCode":{"name":"statusCode","enum":["AVAILABLE","NOTFOUND"],"description":"A short hand identifier for the state of the object, at the point in time specified by the effectivePeriod.","type":"string"},"subStatusCode":{"name":"subStatusCode","enum":["UNDERCONSTRUCTION"],"description":"A finer division of code.","type":"string"}}},"PreferredLanguage":{"id":"PreferredLanguage","name":"preferredLanguage","description":"The preferred language of communication in the specified usage context. ISO 639-1 Code (en-US,en-CA,en-GB)","properties":{"usageContext":{"name":"usageContext","type":"string"}}},"PreferredCommunicationChannel":{"id":"PreferredCommunicationChannel","name":"preferredCommunicationChannel","description":"Precedence, advantage, or choice of one communication channel, for example  email vs phone","properties":{"communicationType":{"name":"communicationType","enum":["EMAIL","SMS","MAIL","PHONE"],"description":"The type of communication for example EmailCommunication or PhoneCommunication","type":"string"},"preference":{"name":"preference","$ref":"Preference"},"id":{"name":"id","description":"the Id of the communication channel","type":"string"},"usageContext":{"name":"usageContext","enum":["SECURITY","USAGE","ROAMING","MARKETING","ORDERING"],"type":"string"}}},"SocialCommunication":{"id":"SocialCommunication","name":"socialCommunication","properties":{"preference":{"name":"preference","description":"Precedence, advantage, or choice of one communication over another","$ref":"Preference"},"effectivePeriod":{"name":"effectivePeriod","description":"The segment of time when the communication is valid/available.\t\t\t\t\t","$ref":"TimePeriod"},"privacyProfile":{"name":"privacyProfile","description":"Privacy controls for this communication, indicating the circumstances in which this communication should be\nused.\n\t\t\t\t\t","type":"array","items":{"$ref":"PrivacyProfile"}},"collectionSource":{"name":"collectionSource","enum":["CUSTOMER","ACXIOM","CENSUS","DRG","FACEBOOK","LINKEDIN","OTHER","EMPLOYER","GOOGLEPLUS","TWITTER"],"type":"string"},"id":{"name":"id","type":"string"},"usageContext":{"name":"usageContext","type":"array","items":{"name":"usageContext","type":"string"}},"communicationStatus":{"name":"communicationStatus","$ref":"SocialCommunicationStatus"},"socialMediaType":{"name":"socialMediaType","enum":["FACEBOOK","TWITTER","GOOGLEPLUS","INSTAGRAM","YOUTUBE","FOURSQUARE","MYSPACE"],"description":"The social media type identifies the type of social media used by this communication channel.","type":"string"},"socialMediaHandle":{"name":"socialMediaHandle","type":"string"},"customerSentiment":{"name":"customerSentiment","enum":["POSITIVE","NEGATIVE","NEUTRAL"],"type":"string"}}},"SocialCommunicationStatus":{"id":"SocialCommunicationStatus","name":"communicationStatus","properties":{"name":{"name":"name","description":"The user-friendly label that defines the state of the object, as the point in time expressed by effectivePeriod.","type":"string"},"description":{"name":"description","description":"An explanation of the status.","type":"array","items":{"$ref":"Description"}},"effectivePeriod":{"name":"effectivePeriod","description":"The time during which the object is/was in this Status.","$ref":"TimePeriod"},"reasonCode":{"name":"reasonCode","type":"string"},"statusCode":{"name":"statusCode","description":"A short hand identifier for the state of the object, at the point in time specified by the effectivePeriod.","type":"string"},"subStatusCode":{"name":"subStatusCode","description":"A finer division of code.","type":"string"}}},"SecurityProfile":{"required":["emailAddress"],"id":"SecurityProfile","name":"securityProfile","properties":{"userName":{"name":"userName","description":"User name for logging into a software system.","type":"string"},"password":{"name":"password","description":"Password for logging into a software system.","type":"string"},"loginLocked":{"name":"loginLocked","description":"Indicates that the user login is currently locked.","$ref":"Indicator"},"lockType":{"name":"lockType","enum":["HARD","SOFT"],"description":"Type of locking currently in place for the user login.","type":"string"},"securityQuestionSet":{"name":"securityQuestionSet","type":"array","items":{"$ref":"SecurityQuestionSet"}},"emailAddress":{"name":"emailAddress","description":"URI in the case of email communication\n\t\t\t\t\t\t\t","type":"string"},"recoveryPhone":{"name":"recoveryPhone","type":"string"},"authenticationGroup":{"name":"authenticationGroup","type":"array","items":{"$ref":"AuthenticationGroup"}},"commissionsCode":{"name":"commissionsCode","description":"The commissions code may be a dealer code or a rep id, depending on the context.","type":"string"},"passwordResetCount":{"name":"passwordResetCount","$ref":"Quantity"},"loginFailureCount":{"name":"loginFailureCount","$ref":"Quantity"},"status":{"name":"status","type":"array","items":{"$ref":"status"}},"loginTime":{"name":"loginTime","type":"string","format":"date-time"},"activityHistory":{"name":"activityHistory","type":"array","items":{"$ref":"ActivityInstance"}},"msisdn":{"name":"msisdn","maxLength":15,"minLength":10,"type":"string","pattern":"[0-9]{10,15}"},"enhancementReminderDate":{"name":"enhancementReminderDate","type":"string","format":"date-time"},"resourceEntitlement":{"name":"resourceEntitlement","type":"array","items":{"$ref":"ResourceEntitlement"}},"pin":{"name":"pin","description":"Personal identification number. The pin is normally associated to the MSISDN, not the user.","type":"string"},"profileId":{"name":"profileId","type":"string"}}},"SecurityQuestionSet":{"id":"SecurityQuestionSet","name":"securityQuestionSet","properties":{"securityQuestion":{"name":"securityQuestion","description":"A question and answer pair. The answer would only be sent in a message when the customer is initially setting up their answers.","type":"array","items":{"$ref":"SecurityQuestion"}},"languageCode":{"name":"languageCode","maxLength":2,"minLength":2,"description":"The language selected by the customer for the set of security questions.","type":"string","pattern":"[a-z][a-z]"},"setName":{"name":"setName","description":"The name of the set of security questions. Different sets of questions are expected for self care and for assisted care.","type":"string"}}},"SecurityQuestion":{"id":"SecurityQuestion","name":"securityQuestion","description":"A question and answer pair. The answer would only be sent in a message when the customer is initially setting up their answers.","properties":{"question":{"name":"question","description":"The question to be answered by the customer in the chosen language.","$ref":"Text"},"answer":{"name":"answer","description":"The answer to the security question would only be sent in a message when the customer is initially setting up their answers.","$ref":"Text"},"ranking":{"name":"ranking","description":"Specifies the sequence in which the questions will be presented.","type":"string"},"id":{"name":"id","type":"string"},"name":{"name":"name","description":"A unique name identifying the question within the set. The name may be used for selecting the question from a list.","type":"string"}}},"AuthenticationGroup":{"id":"AuthenticationGroup","name":"authenticationGroup","properties":{"authenticationGroupName":{"name":"authenticationGroupName","type":"string"},"authenticationType":{"name":"authenticationType","type":"string"}}},"status":{"id":"status","name":"status","properties":{"name":{"name":"name","description":"The user-friendly label that defines the state of the object, as the point in time expressed by effectivePeriod.","type":"string"},"description":{"name":"description","description":"An explanation of the status.","type":"array","items":{"$ref":"Description"}},"effectivePeriod":{"name":"effectivePeriod","description":"The time during which the object is/was in this Status.","$ref":"TimePeriod"},"reasonCode":{"name":"reasonCode","type":"string"},"statusCode":{"name":"statusCode","type":"string"}}},"ActivityInstance":{"id":"ActivityInstance","name":"activityHistory","properties":{"activity":{"name":"activity","description":"Uniquely identifies the business activity definition.","$ref":"Activity"},"activityPeriod":{"name":"activityPeriod","description":"Time period that the activity occurred, is occurring or will occur.","$ref":"TimePeriod"},"reason":{"name":"reason","description":"Code identifying the reason for the activity","type":"string"},"activityInstanceStatus":{"name":"activityInstanceStatus","type":"array","items":{"$ref":"ActivityInstanceStatus"}},"performedBy":{"name":"performedBy","type":"string"},"id":{"name":"id","description":"Unique identifier assigned by the system of record for the occurrence of the business activity.","type":"string"}}},"Activity":{"id":"Activity","name":"activity","description":"Uniquely identifies the business activity definition.","properties":{"activityName":{"name":"activityName","enum":["ACTIVATION","CHANGEFEATURE","CHANGERATEPLAN","KITACTIVATION","VIEW"],"description":"The unique name of the business activity.  For example: Activation, ChangeRatePlan","type":"string"},"description":{"name":"description","description":"Description of the processing activity.","type":"array","items":{"$ref":"Description"}},"activityStatus":{"name":"activityStatus","type":"array","items":{"$ref":"ActivityStatus"}},"effectivePeriod":{"name":"effectivePeriod","description":"The time frame where the Activity is use (effective).","$ref":"EffectivePeriod"},"activityId":{"name":"activityId","description":"Uniquely identifies the business activity definition.","type":"string"}}},"ActivityStatus":{"id":"ActivityStatus","name":"activityStatus","properties":{"name":{"name":"name","description":"The user-friendly label that defines the state of the object, as the point in time expressed by effectivePeriod.","type":"string"},"description":{"name":"description","description":"An explanation of the status.","type":"array","items":{"$ref":"Description"}},"effectivePeriod":{"name":"effectivePeriod","description":"The time during which the object is/was in this Status.","$ref":"TimePeriod"},"reasonCode":{"name":"reasonCode","type":"string"},"statusCode":{"name":"statusCode","description":"A short hand identifier for the state of the object, at the point in time specified by the effectivePeriod.","type":"string"},"subStatusCode":{"name":"subStatusCode","description":"A finer division of code.","type":"string"}}},"ActivityInstanceStatus":{"id":"ActivityInstanceStatus","name":"activityInstanceStatus","properties":{"name":{"name":"name","description":"The user-friendly label that defines the state of the object, as the point in time expressed by effectivePeriod.","type":"string"},"description":{"name":"description","description":"An explanation of the status.","type":"array","items":{"$ref":"Description"}},"effectivePeriod":{"name":"effectivePeriod","description":"The time during which the object is/was in this Status.","$ref":"TimePeriod"},"reasonCode":{"name":"reasonCode","type":"string"},"statusCode":{"name":"statusCode","description":"A short hand identifier for the state of the object, at the point in time specified by the effectivePeriod.","type":"string"},"subStatusCode":{"name":"subStatusCode","description":"A finer division of code.","type":"string"}}},"ResourceEntitlement":{"id":"ResourceEntitlement","name":"resourceEntitlement","properties":{"resourceName":{"name":"resourceName","description":"The name of the application or other resource whose access is being controlled.","type":"string"},"actionName":{"name":"actionName","description":"The name of the action granted or denied on the resource. For example: view, modify, delete, etc.","type":"string"},"isAccessAllowed":{"name":"isAccessAllowed","description":"Boolean value which says whether access allowed or not.","type":"boolean"},"responseAttribute":{"name":"responseAttribute","description":"The name and value of a response attribute.\n","type":"array","items":{"$ref":"SpecificationValue"}}}},"Tax":{"id":"Tax","name":"invoiceTax","description":"Total Tax amount for various tax types . This is the sum of all the line Tax Amounts.","properties":{"code":{"name":"code","description":"Tax Code","type":"string"},"taxJurisdiction":{"name":"taxJurisdiction","description":"Code used to identify the taxing authority that is applicable for a specific location","type":"string"},"taxAuthorityAmount":{"name":"taxAuthorityAmount","description":"Represents the tax amount in the currency of the taxing authority in addition to the transactional tax amount which may be in a different currency","$ref":"Amount"},"amount":{"name":"amount","description":"Tax Amount in the transactional currency","$ref":"Amount"},"declarationTime":{"name":"declarationTime","description":"DateTime at which the tax value was computed","type":"string","format":"date-time"},"typeCode":{"name":"typeCode","enum":["SALES","VAT","USE","RESORT","PROPERTY","INCOME"],"description":"Identify the type of Tax. An example is type State, with ID as MA","type":"string"},"basisAmount":{"name":"basisAmount","description":"The amount on which the tax is calculated. This may be different from the line amount","$ref":"Amount"},"basisQuantity":{"name":"basisQuantity","description":"The quantity used for calculating the tax. This may be different from the line quantity","$ref":"Quantity"},"taxExemption":{"name":"taxExemption","description":"Indicates whether the","$ref":"taxExemption"},"description":{"name":"description","description":"Description of the tax","type":"array","items":{"$ref":"Description"}},"note":{"name":"note","type":"array","items":{"name":"note","type":"string"}},"taxRate":{"name":"taxRate","$ref":"Rate"},"actionCode":{"name":"actionCode","description":"Specifies the action to be taken with the tax data.","type":"string"},"id":{"name":"id","description":"Uniquely identifies the tax record.","type":"string"}}},"taxExemption":{"id":"taxExemption","name":"taxExemption","description":"Indicates whether the","properties":{"id":{"name":"id","description":"Unique identifier for the specific tax exemption that applies to the tax.","type":"string"}}},"Rate":{"id":"Rate","name":"taxRate","properties":{"measurementUnit":{"name":"measurementUnit","description":"Unit of quantity","type":"string"},"baseMeasurementUnit":{"name":"baseMeasurementUnit","description":"The measurement unit of the denominator of the definition of the rate.","type":"string"},"baseValue":{"name":"baseValue","description":"The value of the denominator of the defintion of the rate.","type":"number","format":"double"}}},"Charge":{"id":"Charge","name":"invoiceCharge","description":"Total Charge amount for various charge types . This is the sum of all the line Charge Amounts.","properties":{"typeCode":{"name":"typeCode","enum":["FEE","USAGE","PERIODIC","DOWNPAYMENT","INITIAL","FINAL","FULLPRICE","DEPOSIT"],"description":"Type of Charge","type":"string"},"chargeFrequencyCode":{"name":"chargeFrequencyCode","enum":["RECURRING","INSTALLMENT","REGULAR"],"description":"Frequency of Charge. Example monthly,yearly,quarterly","type":"string"},"basisAmount":{"name":"basisAmount","description":"The amount on which the charge is calculated. This may be different from the line amount","$ref":"Amount"},"basisQuantity":{"name":"basisQuantity","description":"The quantity used for calculating the charge. This may be different from the line quantity","$ref":"Quantity"},"amount":{"name":"amount","description":"Charge Amount in the transactional currency","$ref":"Amount"},"calculationPercent":{"name":"calculationPercent","description":"The percentage applied to the Basis Amount or Basis Quantity to calculate the charge. Either the CalculationPercent or the CalculationNumericRate can be specified","type":"number","format":"float"},"calculation":{"name":"calculation","description":"Formula used to calculate the charge described as text","type":"array","items":{"name":"calculation","type":"string"}},"discountAmount":{"name":"discountAmount","description":"The Amount by which the price is discounted","$ref":"Amount"},"discountPercent":{"name":"discountPercent","description":"The percentage by which the price is discounted","type":"number","format":"float"},"reason":{"name":"reason","description":"Reason for applying the charge, if any","type":"string"},"effectivePeriod":{"name":"effectivePeriod","$ref":"TimePeriod"},"prePaidIndicator":{"name":"prePaidIndicator","description":"An indication of whether or not the deduction is prepaid","type":"boolean"},"description":{"name":"description","description":"Description of the charge","type":"array","items":{"$ref":"Description"}},"unitListPrice":{"name":"unitListPrice","$ref":"Amount"},"unitSalePrice":{"name":"unitSalePrice","$ref":"Amount"},"dynamicPricingIndicator":{"name":"dynamicPricingIndicator","description":"Indicates whether the pricing is Committed or Dynamic.","type":"boolean"},"discountMethodCode":{"name":"discountMethodCode","description":"The type of Discount Method. Example Amount or Percent","type":"string"},"actionCode":{"name":"actionCode","description":"Specifies the action to be taken with the charge data.","type":"string"},"chargeId":{"name":"chargeId","description":"Uniquely identifies the charge.","type":"string"}}},"Deduction":{"id":"Deduction","name":"invoiceDeduction","description":"Total Deduction amount for various allowance types . This is the sum of all the line Deduction Amounts.","properties":{"typeCode":{"name":"typeCode","enum":["RECURRING","ONETIME"],"description":"Identify the type of deduction","type":"string"},"basisAmount":{"name":"basisAmount","description":"The amount on which the deduction is calculated. This may be different from the line amount","$ref":"Amount"},"basisQuantity":{"name":"basisQuantity","description":"The quantity used for calculating the deduction This may be different from the line quantity","$ref":"Quantity"},"amount":{"name":"amount","description":"Deduction Amount in the transactional currency","$ref":"Amount"},"calculationPercent":{"name":"calculationPercent","description":"The percentage applied to the Basis Amount or Basis Quantity to calculate the deduction. Either the CalculationPercent or the CalculationNumericRate can be specified","type":"number","format":"float"},"calculation":{"name":"calculation","description":"Formula used to calculate the deduction described as text","type":"array","items":{"name":"calculation","type":"string"}},"reason":{"name":"reason","enum":["OVERRIDE","PROMOTION","VOLUME","GOODWILL","CORRECTION"],"description":"Reason for applying the deduction","type":"string"},"effectivePeriod":{"name":"effectivePeriod","$ref":"TimePeriod"},"prePaidIndicator":{"name":"prePaidIndicator","description":"An indication of whether or not the deduction is prepaid","type":"boolean"},"description":{"name":"description","type":"array","items":{"$ref":"Description"}},"actionCode":{"name":"actionCode","description":"Specifies the action to be taken with the deduction.","type":"string"},"deductionId":{"name":"deductionId","description":"Uniquely identifies the deduction.","type":"string"}}},"links":{"required":["customerAccount","financialAccount"],"id":"links","name":"links","properties":{"self":{"name":"self","description":"Any list of links is assumed to include a self reference.","$ref":"Link"},"invoiceLine":{"name":"invoiceLine","type":"array","items":{"$ref":"Link"}},"attachment":{"name":"attachment","description":"Binary, URI or other attachments that apply to the Invoice","type":"array","items":{"$ref":"Link"}},"accountingDistribution":{"name":"accountingDistribution","type":"array","items":{"$ref":"Link"}},"payment":{"name":"payment","description":"Details about all actual payments received for the invoice.","type":"array","items":{"$ref":"Link"}},"consolidatedInvoice":{"name":"consolidatedInvoice","$ref":"Link"},"customer":{"name":"customer","$ref":"Link"},"customerAccount":{"name":"customerAccount","$ref":"Link"},"financialAccount":{"name":"financialAccount","$ref":"Link"}}},"Link":{"id":"Link","name":"self","description":"Any list of links is assumed to include a self reference.","properties":{"rel":{"name":"rel","description":"The relationship that is embodied by the link.","type":"string"},"href":{"name":"href","description":"The HTML reference that provides access to the resource in the link.","type":"string"}}}}}