{
  "apiVersion": "1",
  "swaggerVersion": "1.2",
  "basePath": "/v1/mobilenumber",
  "resourcePath": "/v1/mobilenumber",
  "apis": [
    {
      "path": "/availability",
      "operations": [
        {
          "method": "POST",
          "nickname": "getAvailableNumbers",
          "summary": "getAvailableNumbers",
          "notes": "This operation is used to get available phone numbers (max5) based on NPA(areacode) and NXX or zipcode or NGP.\u003cbr\u003e",
          "responseMessages": [
            {
              "code": 200,
              "message": "success"
            },
            {
              "code": 400,
              "message": "Bad Request"
            }
          ],
          "parameters": [
            {
              "paramType": "body",
              "required": false,
              "allowMultiple": false,
              "name": "searchCriteria",
              "type": "searchCriteria"
            }
          ],
          "type": "availableMobileNumber",
          "form": false,
          "produces": [
            "application/json",
            "application/xml"
          ],
          "consumes": [
            "application/json",
            "application/xml"
          ]
        }
      ]
    },
    {
      "path": "/npanxx",
      "operations": [
        {
          "method": "GET",
          "nickname": "getNpaNxx",
          "summary": "getNpaNxx",
          "notes": "This operation is used to get the NPA(areacode),NXX and City Name based on input ZipCode or NPA (areacode)\u003cbr\u003e",
          "responseMessages": [
            {
              "code": 400,
              "message": "Bad Request"
            },
            {
              "code": 404,
              "message": "Not Found"
            },
            {
              "code": 200,
              "message": "success"
            }
          ],
          "parameters": [
            {
              "paramType": "query",
              "required": false,
              "allowMultiple": false,
              "name": "npa",
              "type": "token"
            },
            {
              "paramType": "query",
              "required": false,
              "allowMultiple": false,
              "name": "postalcode",
              "type": "token"
            }
          ],
          "type": "npaNxx",
          "form": false,
          "produces": [
            "application/json",
            "application/xml"
          ],
          "consumes": [
            "application/json",
            "application/xml"
          ]
        }
      ]
    },
    {
      "path": "/allocation",
      "operations": [
        {
          "method": "POST",
          "nickname": "reserveMobileNumber",
          "summary": "reserveMobileNumber",
          "notes": "API will be used to reserve mobilenumber\u003cbr\u003e",
          "responseMessages": [
            {
              "code": 400,
              "message": "Bad Request"
            },
            {
              "code": 200,
              "message": "success"
            }
          ],
          "parameters": [
            {
              "paramType": "body",
              "required": false,
              "allowMultiple": false,
              "name": "mobileNumberAllocation",
              "type": "mobileNumberAllocation"
            }
          ],
          "type": "allocationStatus",
          "form": false,
          "produces": [
            "application/json",
            "application/xml"
          ],
          "consumes": [
            "application/json",
            "application/xml"
          ]
        }
      ]
    },
    {
      "path": "/deallocation",
      "operations": [
        {
          "method": "POST",
          "nickname": "releaseMobileNumber",
          "summary": "releaseMobileNumber",
          "notes": "This operation is used to release the reserved or held mobilenumber\u003cbr\u003e",
          "responseMessages": [
            {
              "code": 400,
              "message": "Bad Request"
            }
          ],
          "parameters": [
            {
              "paramType": "body",
              "required": false,
              "allowMultiple": false,
              "name": "mobileNumberDeallocation",
              "type": "mobileNumberDeallocation"
            }
          ],
          "type": "deallocationStatus",
          "form": false,
          "produces": [
            "application/json",
            "application/xml"
          ],
          "consumes": [
            "application/json",
            "application/xml"
          ]
        }
      ]
    }
  ],
  "models": {
    "searchCriteria": {
      "required": [
        "limit",
        "billingSystem",
        "businessUnit",
        "NPANXX",
        "postalCode",
        "ngp"
      ],
      "id": "searchCriteria",
      "name": "searchCriteria",
      "type": "object",
      "properties": {
        "limit": {
          "name": "limit",
          "type": "integer",
          "format": "int32"
        },
        "billingSystem": {
          "name": "billingSystem",
          "enum": [
            "RPX",
            "WHOLESALE",
            "SAMSON",
            "ACC",
            "MVNEACC",
            "METROPCS",
            "TBILL"
          ],
          "description": "The T-Mobile billing system that is involved in the transaction.",
          "type": "string"
        },
        "businessUnit": {
          "name": "businessUnit",
          "type": "string"
        },
        "NPANXX": {
          "name": "NPANXX",
          "$ref": "NPANXX"
        },
        "postalCode": {
          "name": "postalCode",
          "maxLength": 9,
          "minLength": 5,
          "description": "A code specifying the postal code of the address",
          "type": "string"
        },
        "ngp": {
          "name": "ngp",
          "type": "string"
        }
      }
    },
    "NPANXX": {
      "id": "NPANXX",
      "name": "NPANXX",
      "type": "object",
      "properties": {
        "NPA": {
          "name": "NPA",
          "maxLength": 3,
          "minLength": 3,
          "description": "The first three digits of a ten digit phone number. Commonly called the area code in the United States.",
          "type": "string",
          "pattern": "[0-9]{3}"
        },
        "NXX": {
          "name": "NXX",
          "maxLength": 3,
          "minLength": 3,
          "description": "The first three digits of a seven digit phone number. Commonly called the exchange in the United States.",
          "type": "string",
          "pattern": "[0-9]{3}"
        }
      }
    },
    "availableMobileNumber": {
      "required": [
        "mobileNumber"
      ],
      "id": "availableMobileNumber",
      "name": "availableMobileNumber",
      "type": "object",
      "properties": {
        "mobileNumber": {
          "name": "mobileNumber",
          "$ref": "MobileNumber"
        }
      }
    },
    "MobileNumber": {
      "id": "MobileNumber",
      "name": "mobileNumber",
      "type": "object",
      "properties": {
        "msisdn": {
          "name": "msisdn",
          "maxLength": 15,
          "minLength": 10,
          "type": "string",
          "pattern": "[0-9]{10,15}"
        }
      }
    },
    "npaNxx": {
      "required": [
        "npaNxxItem"
      ],
      "id": "npaNxx",
      "name": "npaNxx",
      "type": "object",
      "properties": {
        "npaNxxItem": {
          "name": "npaNxxItem",
          "$ref": "npaNxxItem"
        }
      }
    },
    "npaNxxItem": {
      "required": [
        "npa",
        "nxx",
        "postalCode",
        "cityName",
        "stateCode",
        "availableMobileNumberCount"
      ],
      "id": "npaNxxItem",
      "name": "npaNxxItem",
      "type": "object",
      "properties": {
        "npa": {
          "name": "npa",
          "maxLength": 3,
          "minLength": 3,
          "type": "string",
          "pattern": "[0-9]{3}"
        },
        "nxx": {
          "name": "nxx",
          "maxLength": 3,
          "minLength": 3,
          "type": "string",
          "pattern": "[0-9]{3}"
        },
        "postalCode": {
          "name": "postalCode",
          "maxLength": 9,
          "minLength": 5,
          "description": "A code specifying the postal code of the address",
          "type": "string"
        },
        "cityName": {
          "name": "cityName",
          "type": "string"
        },
        "stateCode": {
          "name": "stateCode",
          "type": "string"
        },
        "availableMobileNumberCount": {
          "name": "availableMobileNumberCount",
          "type": "integer",
          "format": "int32"
        }
      }
    },
    "mobileNumberAllocation": {
      "required": [
        "brandId",
        "billingSystem",
        "reasonCode",
        "ngp",
        "NPANXX",
        "mobileNumber"
      ],
      "id": "mobileNumberAllocation",
      "name": "mobileNumberAllocation",
      "type": "object",
      "properties": {
        "brandId": {
          "name": "brandId",
          "type": "string"
        },
        "billingSystem": {
          "name": "billingSystem",
          "enum": [
            "RPX",
            "WHOLESALE",
            "SAMSON",
            "ACC",
            "MVNEACC",
            "METROPCS",
            "TBILL"
          ],
          "description": "The T-Mobile billing system that is involved in the transaction.",
          "type": "string"
        },
        "reasonCode": {
          "name": "reasonCode",
          "type": "string"
        },
        "ngp": {
          "name": "ngp",
          "type": "string"
        },
        "NPANXX": {
          "name": "NPANXX",
          "$ref": "NPANXX"
        },
        "mobileNumber": {
          "name": "mobileNumber",
          "$ref": "MobileNumber"
        }
      }
    },
    "allocationStatus": {
      "required": [
        "responseStatus",
        "mobileNumber"
      ],
      "id": "allocationStatus",
      "name": "allocationStatus",
      "type": "object",
      "properties": {
        "responseStatus": {
          "name": "responseStatus",
          "$ref": "ResponseStatus"
        },
        "mobileNumber": {
          "name": "mobileNumber",
          "$ref": "MobileNumber"
        }
      }
    },
    "ResponseStatus": {
      "id": "ResponseStatus",
      "name": "responseStatus",
      "type": "object",
      "properties": {
        "code": {
          "name": "code",
          "enum": [
            "100",
            "101",
            "102",
            "103",
            "104"
          ],
          "type": "string"
        }
      }
    },
    "mobileNumberDeallocation": {
      "required": [
        "reasonCode",
        "mobileNumber"
      ],
      "id": "mobileNumberDeallocation",
      "name": "mobileNumberDeallocation",
      "type": "object",
      "properties": {
        "reasonCode": {
          "name": "reasonCode",
          "type": "string"
        },
        "mobileNumber": {
          "name": "mobileNumber",
          "$ref": "MobileNumber"
        }
      }
    },
    "deallocationStatus": {
      "required": [
        "responseStatus"
      ],
      "id": "deallocationStatus",
      "name": "deallocationStatus",
      "type": "object",
      "properties": {
        "responseStatus": {
          "name": "responseStatus",
          "$ref": "ResponseStatus"
        }
      }
    }
  }
}