{
   "apiVersion":"1",
   "swaggerVersion":"1.2",
   "basePath":"/v1/networkresource ",
   "resourcePath":"/v1/networkresource ",
   "apis":[
      {
         "path":"/imei/{imeinumber}/blacklist",
         "description":"This is initial creation of Network API\u003cbr\u003e",
         "operations":[
            {
               "method":"GET",
               "nickname":"checkBlackList",
               "summary":"checkBlackList",
               "notes":"This service is to check if the device is black listed or not\u003cbr\u003e",
               "parameters":[
                  {
                     "paramType":"path",
                     "required":false,
                     "allowMultiple":false,
                     "name":"imeinumber",
                     "type":"normalizedString"
                  }
               ],
               "type":"blackListStatus",
               "form":false,
               "produces":[
                  "application/json",
                  "application/xml"
               ],
               "consumes":[
                  "application/json",
                  "application/xml"
               ]
            }
         ]
      },
      {
         "path":"/imei/blacklist",
         "description":"This is initial creation of Network API\u003cbr\u003e",
         "operations":[
            {
               "method":"PUT",
               "nickname":"manageBlackList",
               "summary":"manageBlackList",
               "notes":"\u003cspan id\u003d\"yui_3_6_0_3_1424214392223_28047\" style\u003d\"-webkit-text-stroke-width: 0.100000001490116px;\"\u003eThis service facilitates blocking/unblocking of a stolen/lost Device\u003c/span\u003e",
               "parameters":[
                  {
                     "paramType":"body",
                     "required":false,
                     "allowMultiple":false,
                     "name":"blackList",
                     "type":"NetworkResource"
                  }
               ],
               "type":"void",
               "form":false,
               "produces":[
                  "application/json",
                  "application/xml"
               ],
               "consumes":[
                  "application/json",
                  "application/xml"
               ]
            }
         ]
      },
      {
         "path":"/sim/{simnumber}",
         "description":"This is initial creation of Network API\u003cbr\u003e",
         "operations":[
            {
               "method":"GET",
               "nickname":"getSimDetails",
               "summary":"getSimDetails",
               "notes":"\u003cspan style\u003d\"-webkit-text-stroke-width: 0.100000001490116px;\"\u003eThis service is to\u0026nbsp;to get the SIM details in order to check if SIM is in valid status.\u003c/span\u003e",
               "parameters":[
                  {
                     "paramType":"path",
                     "required":true,
                     "allowMultiple":false,
                     "name":"simnumber",
                     "type":"token"
                  }
               ],
               "type":"sim",
               "form":false,
               "produces":[
                  "application/json",
                  "application/xml"
               ],
               "consumes":[
                  "application/json",
                  "application/xml"
               ]
            }
         ]
      },
      {
         "path":"/imei/{imeinumber}/unlockeligibility ",
         "description":"This is initial creation of Network API\u003cbr\u003e",
         "operations":[
            {
               "method":"PUT",
               "nickname":"updateUnlockEligibility",
               "summary":"updateUnlockEligibility",
               "notes":"This API used to update Unlock Eligibility for the device\u003cbr\u003e",
               "parameters":[
                  {
                     "paramType":"path",
                     "required":false,
                     "allowMultiple":false,
                     "name":"imeinumber",
                     "type":"normalizedString"
                  }
               ],
               "type":"void",
               "form":false,
               "produces":[
                  "application/json",
                  "application/xml"
               ],
               "consumes":[
                  "application/json",
                  "application/xml"
               ]
            }
         ]
      },
      {
         "path":"/imei/{imeinumber}/unlockeligibility",
         "description":"This is initial creation of Network API\u003cbr\u003e",
         "operations":[
            {
               "method":"GET",
               "nickname":"checkUnlockEligibility",
               "summary":"checkUnlockEligibility",
               "notes":"This API used to get the Unlock Eligibility for the device",
               "parameters":[
                  {
                     "paramType":"path",
                     "required":false,
                     "allowMultiple":false,
                     "name":"imeinumber",
                     "type":"normalizedString"
                  }
               ],
               "type":"unLockEligibility",
               "form":false,
               "produces":[
                  "application/json",
                  "application/xml"
               ],
               "consumes":[
                  "application/json",
                  "application/xml"
               ]
            }
         ]
      },
      {
         "path":"/imei/{imeinumber}/unlockcode",
         "description":"This is initial creation of Network API\u003cbr\u003e",
         "operations":[
            {
               "method":"GET",
               "nickname":"getDeviceUnlockCode",
               "summary":"getDeviceUnlockCode",
               "notes":"\u003cspan style\u003d\"-webkit-text-stroke-width: 0.100000001490116px;\"\u003eRetrieves the Device UnlockCode\u003c/span\u003e",
               "parameters":[
                  {
                     "paramType":"path",
                     "required":false,
                     "allowMultiple":false,
                     "name":"imeinumber",
                     "type":"normalizedString"
                  }
               ],
               "type":"unlockcode",
               "form":false,
               "produces":[
                  "application/json",
                  "application/xml"
               ],
               "consumes":[
                  "application/json",
                  "application/xml"
               ]
            }
         ]
      },
      {
         "path":"/imei/{imeinumber}/lockstatus",
         "description":"This is initial creation of Network API\u003cbr\u003e",
         "operations":[
            {
               "method":"GET",
               "nickname":"getDeviceLockStatus",
               "summary":"getDeviceLockStatus",
               "notes":"Retrieves the Device lock status \u003cbr\u003e",
               "parameters":[
                  {
                     "paramType":"path",
                     "required":false,
                     "allowMultiple":false,
                     "name":"imeinumber",
                     "type":"normalizedString"
                  }
               ],
               "type":"lockstatus",
               "form":false,
               "produces":[
                  "application/json",
                  "application/xml"
               ],
               "consumes":[
                  "application/json",
                  "application/xml"
               ]
            }
         ]
      }
   ],
   "models":{
      "blackListStatus":{
         "required":[
            "networkResource"
         ],
         "id":"blackListStatus",
         "name":"blackListStatus",
         "type":"object",
         "properties":{
            "networkResource":{
               "name":"networkResource",
               "description":"SIM, mobile number, or IMEI used by the customer to gain access to services",
               "$ref":"NetworkResource"
            }
         }
      },
      "NetworkResource":{
         "required":[
            "billingSystem"
         ],
         "id":"NetworkResource",
         "name":"networkResource",
         "description":"SIM, mobile number, or IMEI used by the customer to gain access to services",
         "type":"object",
         "properties":{
            "imei":{
               "name":"imei",
               "maxLength":15,
               "minLength":15,
               "type":"string",
               "pattern":"[0-9]{15}"
            },
            "sim":{
               "name":"sim",
               "$ref":"SIM"
            },
            "mobileNumber":{
               "name":"mobileNumber",
               "$ref":"MobileNumber"
            },
            "resourceStatus":{
               "name":"resourceStatus",
               "type":"array",
               "items":{
                  "$ref":"ResourceStatus"
               }
            },
            "resourceSpecification":{
               "name":"resourceSpecification",
               "type":"array",
               "items":{
                  "$ref":"SpecificationGroup"
               }
            },
            "billingSystem":{
               "name":"billingSystem",
               "enum":[
                  "RPX",
                  "WHOLESALE",
                  "SAMSON",
                  "ACC",
                  "MVNEACC",
                  "METROPCS",
                  "TBILL"
               ],
               "description":"The T-Mobile billing system that is involved in the transaction.",
               "type":"string"
            },
            "businessUnit":{
               "name":"businessUnit",
               "enum":[
                  "Magenta",
                  "MetroPCS",
                  "WalmartFamilyMobile",
                  "MVNO"
               ],
               "description":"The different T-Mobile business units require complete separation of assets. Examples are Magenta, Metro PCS, Walmart Family Mobile.",
               "type":"string"
            }
         }
      },
      "SIM":{
         "required":[
            "simNumber"
         ],
         "id":"SIM",
         "name":"sim",
         "type":"object",
         "properties":{
            "simNumber":{
               "name":"simNumber",
               "maxLength":19,
               "minLength":19,
               "type":"string",
               "pattern":"[0-9]{19}"
            },
            "imsi":{
               "name":"imsi",
               "maxLength":15,
               "minLength":15,
               "type":"string"
            },
            "simType":{
               "name":"simType",
               "description":"Code identifying the type of SIM, such as GBA or ISIS. The type of SIM implies enabling a type of service. GBA sims are required to enable wifi calling.",
               "type":"array",
               "items":{
                  "name":"simType",
                  "enum":[
                     "GBA",
                     "ISIS",
                     "2G",
                     "UICC",
                     "GSM",
                     "MBB"
                  ],
                  "type":"string"
               }
            },
            "pinUnlockKey1":{
               "name":"pinUnlockKey1",
               "maxLength":8,
               "minLength":8,
               "description":"The PIN Unlock Key is a unique code that is linked to a specific SIM card, and is usually 8 digits long. Also know as PIN Unlock Code or Personal Unlock Key. If PIN number is entered incorrectly 3 times, SIM card is locked and this code is required to unlock it.",
               "type":"string"
            },
            "pinUnlockKey2":{
               "name":"pinUnlockKey2",
               "maxLength":8,
               "minLength":8,
               "description":"Second PIN Unlock Key, used in the case of a dual SIM.",
               "type":"string"
            }
         }
      },
      "MobileNumber":{
         "id":"MobileNumber",
         "name":"mobileNumber",
         "type":"object",
         "properties":{
            "msisdn":{
               "name":"msisdn",
               "maxLength":15,
               "minLength":10,
               "type":"string",
               "pattern":"[0-9]{10,15}"
            }
         }
      },
      "ResourceStatus":{
         "id":"ResourceStatus",
         "name":"resourceStatus",
         "type":"object",
         "properties":{
            "name":{
               "name":"name",
               "description":"The user-friendly label that defines the state of the object, as the point in time expressed by effectivePeriod.",
               "type":"string"
            },
            "description":{
               "name":"description",
               "description":"An explanation of the status.",
               "type":"array",
               "items":{
                  "$ref":"Description"
               }
            },
            "effectivePeriod":{
               "name":"effectivePeriod",
               "description":"The time during which the object is/was in this Status.",
               "$ref":"TimePeriod"
            },
            "reasonCode":{
               "name":"reasonCode",
               "type":"string"
            },
            "statusCode":{
               "name":"statusCode",
               "enum":[
                  "RESERVED",
                  "AVAILABLE",
                  "INUSE",
                  "AGING",
                  "BLOCKED"
               ],
               "description":"A short hand identifier for the state of the object, at the point in time specified by the effectivePeriod.",
               "type":"string"
            },
            "subStatusCode":{
               "name":"subStatusCode",
               "description":"A finer division of code.",
               "type":"string"
            }
         }
      },
      "Description":{
         "id":"Description",
         "name":"description",
         "description":"An explanation of the status.",
         "type":"object",
         "properties":{
            "languageCode":{
               "name":"languageCode",
               "maxLength":2,
               "minLength":2,
               "type":"string",
               "pattern":"[a-z][a-z]"
            },
            "usageContext":{
               "name":"usageContext",
               "description":"The frame of reference where the description is applicable. For example WEB, MOBILE DEVICE.\n\t\t\t\t\t\t",
               "type":"string"
            }
         }
      },
      "TimePeriod":{
         "id":"TimePeriod",
         "name":"effectivePeriod",
         "description":"The time during which the object is/was in this Status.",
         "type":"object",
         "properties":{
            "startTime":{
               "name":"startTime",
               "description":"Start DateTime of the Time Period",
               "type":"string",
               "format":"date-time"
            },
            "duration":{
               "name":"duration",
               "description":"Duration of the Time Period. For additional information on the duration data type see:  http://www.w3schools.com/schema/schema_dtypes_date.asp",
               "type":"string"
            },
            "endTime":{
               "name":"endTime",
               "description":"End Date Time of the Time Period",
               "type":"string",
               "format":"date-time"
            }
         }
      },
      "SpecificationGroup":{
         "id":"SpecificationGroup",
         "name":"resourceSpecification",
         "type":"object",
         "properties":{
            "specificationValue":{
               "name":"specificationValue",
               "description":"A specification is a property of an object that can be assigned a value.  SpecificationValue provides a structure to contain   additional details about an object, beyond the attributes that are already defined as concrete, named elements.",
               "type":"array",
               "items":{
                  "$ref":"SpecificationValue"
               }
            }
         }
      },
      "SpecificationValue":{
         "id":"SpecificationValue",
         "name":"specificationValue",
         "description":"A specification is a property of an object that can be assigned a value.  SpecificationValue provides a structure to contain   additional details about an object, beyond the attributes that are already defined as concrete, named elements.",
         "type":"object",
         "properties":{
            "currencyCode":{
               "name":"currencyCode",
               "maxLength":3,
               "minLength":3,
               "description":"The currency of the SpecificationValue, if the dataType is curency.",
               "type":"string",
               "pattern":"[A-Z][A-Z][A-Z]"
            },
            "dataType":{
               "name":"dataType",
               "description":"The data type of the value.  This is a required attribute.  The recognized data types are specified by the xml w3c standard, minus the namespace prefix.  For example xsd:boolean would be expressed as boolean.",
               "type":"string"
            },
            "measurementUnit":{
               "name":"measurementUnit",
               "description":"The unit of measure of the value, if applicable.",
               "type":"string"
            },
            "name":{
               "name":"name",
               "description":"The name of the Specification value; a label by which the value is commonly known.  For example a name \u003d \"LongDescription\" for a value that contains a long description.",
               "type":"string"
            },
            "precision":{
               "name":"precision",
               "description":"For a numeric value, how many total digits are allowed.",
               "type":"integer",
               "format":"int32"
            },
            "scale":{
               "name":"scale",
               "description":"For a numeric value,the number of digits to the right of the decimal point.",
               "type":"integer",
               "format":"int32"
            }
         }
      },
      "sim":{
         "required":[
            "networkResource"
         ],
         "id":"sim",
         "name":"sim",
         "type":"object",
         "properties":{
            "networkResource":{
               "name":"networkResource",
               "description":"SIM, mobile number, or IMEI used by the customer to gain access to services",
               "$ref":"NetworkResource"
            }
         }
      },
      "unLockEligibility":{
         "required":[
            "resourceStatus"
         ],
         "id":"unLockEligibility",
         "name":"unLockEligibility",
         "type":"object",
         "properties":{
            "resourceStatus":{
               "name":"resourceStatus",
               "$ref":"ResourceStatus"
            }
         }
      },
      "unlockcode":{
         "required":[
            "deviceUnlockCode"
         ],
         "id":"unlockcode",
         "name":"unlockcode",
         "type":"object",
         "properties":{
            "deviceUnlockCode":{
               "name":"deviceUnlockCode",
               "$ref":"SIM"
            }
         }
      },
      "lockstatus":{
         "required":[
            "resourceStatus"
         ],
         "id":"lockstatus",
         "name":"lockstatus",
         "type":"object",
         "properties":{
            "resourceStatus":{
               "name":"resourceStatus",
               "$ref":"ResourceStatus"
            }
         }
      }
   }
}