{"apiVersion":"1","swaggerVersion":"1.2","basePath":"/productmanagement/v1","resourcePath":"/productmanagement/v1","apis":[{"path":"/offering","operations":[{"method":"GET","nickname":"getOffers","summary":"getOffers","notes":"\u003cspan\u003eGet Save Offers for the customer.\u003c/span\u003e","responseMessages":[{"code":200,"message":"Success"},{"code":200,"message":"Success"}],"parameters":[{"paramType":"query","required":true,"allowMultiple":false,"name":"ban","type":"normalizedString"},{"paramType":"query","required":true,"allowMultiple":false,"name":"msisdn","type":"token"}],"type":"getOffersResponse","form":false,"produces":["application/json","application/xml"],"consumes":["application/json","application/xml"]}]},{"path":"offering/{productofferingid}/summary","operations":[{"method":"GET","nickname":"getProductOfferSummary","summary":"getProductOfferSummary","notes":"\u003cspan\u003eRetrieve the offering details by product offering ID of the product offering.\u003c/span\u003e","responseMessages":[{"code":200,"message":"Success"},{"code":200,"message":"Success"}],"parameters":[{"paramType":"path","required":false,"allowMultiple":false,"name":"productofferingid","type":"token"}],"type":"getProductOfferSummaryResponse","form":false,"produces":["application/json","application/xml"],"consumes":["application/json","application/xml"]}]},{"path":"/productoffering/summary","operations":[{"method":"GET","nickname":"searchProductOfferSummary","summary":"searchProductOfferSummary","notes":"Search the offering details by taking list of ids and return list of offering details.(Not all may be present)","responseMessages":[{"code":200,"message":"Success"},{"code":200,"message":"Success"}],"parameters":[{"paramType":"query","required":false,"allowMultiple":false,"name":"cartid","type":"token"},{"paramType":"query","required":false,"allowMultiple":false,"name":"customerid","type":"token"},{"paramType":"query","required":true,"allowMultiple":false,"name":"lineofserviceid","type":"token"},{"paramType":"query","required":true,"allowMultiple":false,"name":"msisdn","type":"token"},{"paramType":"query","required":false,"allowMultiple":false,"name":"financialAccountNumber","type":"token"},{"paramType":"query","required":false,"allowMultiple":false,"name":"saleschannelcode","type":"token"},{"paramType":"query","required":false,"allowMultiple":false,"name":"limit","type":"string"},{"paramType":"query","required":false,"allowMultiple":false,"name":"offset","type":"string"}],"type":"searchProductOfferSummaryResponse","form":false,"produces":["application/json","application/xml"],"consumes":["application/json","application/xml"]}]},{"path":"/offering/{productofferingid}/upsell","operations":[{"method":"GET","nickname":"getUpsellProductOfferSummary","summary":"getUpsellProductOfferSummary","notes":"Retrieve the offering details by product offering ID of the product offering.","responseMessages":[{"code":200,"message":"Success"},{"code":200,"message":"Success"}],"parameters":[{"paramType":"path","required":false,"allowMultiple":false,"name":"productofferingid","type":"token"}],"type":"getUpsellProductOfferSummaryResponse","form":false,"produces":["application/json","application/xml"],"consumes":["application/json","application/xml"]}]},{"path":"/offering/{productOfferingId}","operations":[{"method":"GET","nickname":"getProductOffers","summary":"getProductOffers","responseMessages":[{"code":200,"message":"Success"},{"code":200,"message":"Success"}],"parameters":[{"paramType":"path","required":true,"allowMultiple":false,"name":"productOfferingId","type":"token"}],"type":"getProductOfffersResponse","form":false,"produces":["application/json","application/xml"],"consumes":["application/json","application/xml"]}]},{"path":"/offering/{productOfferingId}/sessionpass","operations":[{"method":"GET","nickname":"getSessionPassProductOffers","summary":"getSessionPassProductOffers","notes":"Retrieve the session pass offers for product offering ID","responseMessages":[{"code":200,"message":"Success"},{"code":200,"message":"Success"}],"parameters":[{"paramType":"path","required":true,"allowMultiple":false,"name":"productOfferingId","type":"token"}],"type":"ProductOffering","form":false,"produces":["application/json","application/xml"],"consumes":["application/json","application/xml"]}]},{"path":"offering/{productofferingid}/campaign","operations":[{"method":"GET","nickname":"getCampaignProductOfferings","summary":"getCampaignProductOfferings","parameters":[{"paramType":"path","required":false,"allowMultiple":false,"name":"productofferingid","type":"token"}],"type":"getCampaignProductOfferingsResponse","form":false,"produces":["application/json","application/xml"],"consumes":["application/json","application/xml"]}]},{"path":"/offering/{offeringid}/retention","operations":[{"method":"GET","nickname":"getRetentionProductOfferingSummary","summary":"getRetentionProductOfferingSummary","parameters":[{"paramType":"query","required":true,"allowMultiple":false,"name":"productOfferingId","type":"token"}],"type":"void","form":false,"produces":["application/json","application/xml"],"consumes":["application/json","application/xml"]}]},{"path":"/offering/{offeringid}/disposition","operations":[{"method":"POST","nickname":"manageProductOfferingDisposition","summary":"manageProductOfferingDisposition","parameters":[{"paramType":"body","required":true,"allowMultiple":false,"name":"manageProductOfferingDispositionRequest","type":"manageProductOfferingDispositionRequest"}],"type":"manageProductOfferingDispositionResponse","form":false,"produces":["application/json","application/xml"],"consumes":["application/json","application/xml"]}]}],"models":{"getOffersResponse":{"required":["productOffering"],"id":"getOffersResponse","name":"getOffersResponse","properties":{"productOffering":{"name":"productOffering","description":"A proposition to sell one or more products to a customer.  ","$ref":"ProductOffering"}}},"ProductOffering":{"id":"ProductOffering","name":"productOffering","description":"A proposition to sell one or more products to a customer.  ","properties":{"isSimple":{"name":"isSimple","$ref":"Indicator"},"bundledOffering":{"name":"bundledOffering","$ref":"BundledProductOffering"},"simpleOffering":{"name":"simpleOffering","$ref":"SimpleProductOfferingBase"}}},"Indicator":{"id":"Indicator","name":"isSimple","properties":{"name":{"name":"name","description":"An Indicator is a property of an object that can be assigned a value.","type":"string"}}},"BundledProductOffering":{"id":"BundledProductOffering","name":"bundledOffering","properties":{"name":{"name":"name","type":"string"},"description":{"name":"description","type":"array","items":{"$ref":"Description"}},"shortDescription":{"name":"shortDescription","type":"array","items":{"$ref":"Description"}},"longDescription":{"name":"longDescription","type":"array","items":{"$ref":"Description"}},"offerType":{"name":"offerType","enum":["Base","AddOn"],"type":"string"},"offerSubType":{"name":"offerSubType","enum":["Plan","Ongoing","Limited","HardGood"],"type":"string"},"offerLevel":{"name":"offerLevel","enum":["Line","Account"],"description":"Level in the customer hierarchy to which the offer should be applied.","type":"string"},"productOfferingId":{"name":"productOfferingId","description":"Uniquely identifies a Product Offering in the Product Catalog.","type":"string"},"alternativeOffering":{"name":"alternativeOffering","type":"array","items":{"$ref":"ProductOfferingRelationship"}},"offeringPrice":{"name":"offeringPrice","type":"array","items":{"$ref":"PriceListLine"}}}},"Description":{"id":"Description","name":"description","properties":{"languageCode":{"name":"languageCode","maxLength":2,"minLength":2,"type":"string","pattern":"[a-z][a-z]"},"usageContext":{"name":"usageContext","description":"The frame of reference where the description is applicable. For example WEB, MOBILE DEVICE.\n\t\t\t\t\t\t","type":"string"}}},"ProductOfferingRelationship":{"id":"ProductOfferingRelationship","name":"alternativeOffering","properties":{"relatedOffering":{"name":"relatedOffering","type":"array","items":{"$ref":"ProductOfferingReference"}},"effectivePeriod":{"name":"effectivePeriod","$ref":"EffectivePeriod"},"priority":{"name":"priority","type":"integer","format":"int32"},"relationshipType":{"name":"relationshipType","enum":["UpSell","DownSell","CrossSell","Upgrade","Downgrade","Refurbished","New"],"type":"string"},"offeringRelationshipId":{"name":"offeringRelationshipId","type":"string"}}},"ProductOfferingReference":{"id":"ProductOfferingReference","name":"relatedOffering","properties":{"name":{"name":"name","type":"string"},"description":{"name":"description","type":"array","items":{"$ref":"Description"}},"shortDescription":{"name":"shortDescription","type":"array","items":{"$ref":"Description"}},"longDescription":{"name":"longDescription","type":"array","items":{"$ref":"Description"}},"offerType":{"name":"offerType","enum":["Base","AddOn"],"type":"string"},"offerSubType":{"name":"offerSubType","enum":["Plan","Ongoing","Limited","HardGood"],"type":"string"},"offerLevel":{"name":"offerLevel","enum":["Line","Account"],"description":"Level in the customer hierarchy to which the offer should be applied.","type":"string"},"productOfferingId":{"name":"productOfferingId","description":"Uniquely identifies a Product Offering in the Product Catalog.","type":"string"}}},"EffectivePeriod":{"id":"EffectivePeriod","name":"effectivePeriod","properties":{"startTime":{"name":"startTime","description":"Start DateTime of the Time Period","type":"string","format":"date-time"},"duration":{"name":"duration","description":"Duration of the Time Period. For additional information on the duration data type see:  http://www.w3schools.com/schema/schema_dtypes_date.asp","type":"string"},"endTime":{"name":"endTime","description":"End Date Time of the Time Period","type":"string","format":"date-time"},"usageContext":{"name":"usageContext","type":"string"}}},"PriceListLine":{"id":"PriceListLine","name":"offeringPrice","properties":{"productOfferingPrice":{"name":"productOfferingPrice","type":"array","items":{"$ref":"ProductOfferingPrice"}}}},"ProductOfferingPrice":{"id":"ProductOfferingPrice","name":"productOfferingPrice","properties":{"discountAmount":{"name":"discountAmount","description":"The Amount by which the price is discounted","$ref":"Amount"},"basisAmount":{"name":"basisAmount","description":"The amount on which the price is calculated.","$ref":"Amount"}}},"Amount":{"id":"Amount","name":"discountAmount","description":"The Amount by which the price is discounted","properties":{"currencyCode":{"name":"currencyCode","maxLength":3,"minLength":3,"type":"string","pattern":"[A-Z][A-Z][A-Z]"}}},"SimpleProductOfferingBase":{"id":"SimpleProductOfferingBase","name":"simpleOffering","properties":{"name":{"name":"name","type":"string"},"description":{"name":"description","type":"array","items":{"$ref":"Description"}},"shortDescription":{"name":"shortDescription","type":"array","items":{"$ref":"Description"}},"longDescription":{"name":"longDescription","type":"array","items":{"$ref":"Description"}},"offerType":{"name":"offerType","enum":["Base","AddOn"],"type":"string"},"offerSubType":{"name":"offerSubType","enum":["Plan","Ongoing","Limited","HardGood"],"type":"string"},"offerLevel":{"name":"offerLevel","enum":["Line","Account"],"description":"Level in the customer hierarchy to which the offer should be applied.","type":"string"},"productOfferingId":{"name":"productOfferingId","description":"Uniquely identifies a Product Offering in the Product Catalog.","type":"string"},"alternativeOffering":{"name":"alternativeOffering","type":"array","items":{"$ref":"ProductOfferingRelationship"}},"offeringPrice":{"name":"offeringPrice","type":"array","items":{"$ref":"PriceListLine"}}}},"getProductOfferSummaryResponse":{"required":["productOffering"],"id":"getProductOfferSummaryResponse","name":"getProductOfferSummaryResponse","properties":{"productOffering":{"name":"productOffering","description":"A proposition to sell one or more products to a customer.  ","$ref":"ProductOffering"}}},"searchProductOfferSummaryResponse":{"required":["productOffering"],"id":"searchProductOfferSummaryResponse","name":"searchProductOfferSummaryResponse","properties":{"productOffering":{"name":"productOffering","description":"A proposition to sell one or more products to a customer.  ","$ref":"ProductOffering"}}},"getUpsellProductOfferSummaryResponse":{"required":["productOffering"],"id":"getUpsellProductOfferSummaryResponse","name":"getUpsellProductOfferSummaryResponse","properties":{"productOffering":{"name":"productOffering","description":"A proposition to sell one or more products to a customer.  ","$ref":"ProductOffering"}}},"getProductOfffersResponse":{"required":["productOffering"],"id":"getProductOfffersResponse","name":"getProductOfffersResponse","properties":{"productOffering":{"name":"productOffering","$ref":"ProductOffering"}}},"getCampaignProductOfferingsResponse":{"required":["subscriber","serviceOffering"],"id":"getCampaignProductOfferingsResponse","name":"getCampaignProductOfferingsResponse","properties":{"subscriber":{"name":"subscriber","description":"A Subscriber is the Person or Organization that is the primary user of T-Mobile line of service.","$ref":"Subscriber"},"serviceOffering":{"name":"serviceOffering","$ref":"ServiceOffering"}}},"Subscriber":{"id":"Subscriber","name":"subscriber","description":"A Subscriber is the Person or Organization that is the primary user of T-Mobile line of service.","properties":{"party":{"name":"party","description":"The Person or Organization that is the subscriber.","$ref":"Party"},"status":{"name":"status","description":"The current state of the subscriber.  For example active, inactive.","$ref":"SubscriberStatus"},"actionCode":{"name":"actionCode","description":"Indicates the type of change that has been made to the subscriber, as compared to the previous version of the subscriber.","type":"string"},"subscriberId":{"name":"subscriberId","description":"Unique identifier of the subscriber.  Assigned by the system of record.","type":"string"}}},"Party":{"id":"Party","name":"party","description":"The Person or Organization that is the subscriber.","properties":{"organization":{"name":"organization","description":"Populated when the Party is an Organization.","$ref":"Organization"},"person":{"name":"person","description":"Populated when the Party is a Person.","$ref":"Person"}}},"Organization":{"id":"Organization","name":"organization","description":"Populated when the Party is an Organization.","properties":{"fullName":{"name":"fullName","description":"Name of the organization","type":"string"},"shortName":{"name":"shortName","description":"Short name of the organization","type":"string"},"legalName":{"name":"legalName","description":"Formal name of the organization for legal purposes, such as contracts or taxes.","type":"string"},"status":{"name":"status","type":"array","items":{"$ref":"OrganizationStatus"}},"typeCode":{"name":"typeCode","description":"User-defined organization types such as region, division, and department    ","type":"string"},"fein":{"name":"fein","maxLength":9,"minLength":4,"description":"Federal Employer Identification Number","type":"string","pattern":"([0-9])*"},"organizationSpecification":{"name":"organizationSpecification","type":"array","items":{"$ref":"SpecificationGroup"}},"organizationCode":{"name":"organizationCode","description":"Publicly used code that uniquely identifies the organization in business transactions.","type":"string"},"organizationId":{"name":"organizationId","description":"Enterprise-wide unique identifier of the Organization.","type":"string"},"stockSymbol":{"name":"stockSymbol","description":"Corporate Stock Symbol, e.g. ORCL  ","type":"string"},"salutation":{"name":"salutation","description":"This is the salutation that needs to be used to refer to the organization. Ex. M/S ( Messrs)","type":"array","items":{"name":"salutation","type":"string"}},"incorporation":{"name":"incorporation","description":"Details that apply only to organizations that are legally incorporated.","$ref":"incorporation"},"DUNSInquiryIdentifier":{"name":"DUNSInquiryIdentifier","description":"Identifier used to query the Dun and Bradstreet data. If a location is a branch, then in some countries the headquarters DUNS number is used to do the query. Otherwise it is the same as the DUNS number","type":"string"},"dunBradstreetCreditRating":{"name":"dunBradstreetCreditRating","description":"Dun and Bradstreet credit rating   ","type":"integer","format":"int32"},"taxPayerRegistrationNumberID":{"name":"taxPayerRegistrationNumberID","description":"Taxpayer registration number, also known as the VAT number.","type":"string"},"registrationCode":{"name":"registrationCode","description":"Type of registration, such as nonprofit  ","type":"string"},"preferredFunctionalCurrencyCode":{"name":"preferredFunctionalCurrencyCode","maxLength":3,"minLength":3,"description":"Organization\u0027s default currency code    ","type":"string","pattern":"[A-Z][A-Z][A-Z]"},"subsidiaryIndicator":{"name":"subsidiaryIndicator","description":"Indicates if organization is a parent or subsidiary location.  If true, the organization is a subsidiary of another organization.","type":"boolean"},"privateOwnershipIndicator":{"name":"privateOwnershipIndicator","description":"If true, indicates if the organization is privately owned.","type":"boolean"},"internalIndicator":{"name":"internalIndicator","description":"If true, indicates this is an internal T-Mobile organization.   ","type":"boolean"},"operationalScopeCode":{"name":"operationalScopeCode","description":"The physical class of business in which a business participates. For example, local, national, or international   ","type":"string"},"localBusinessID":{"name":"localBusinessID","type":"string"},"localActivityClassificationCode":{"name":"localActivityClassificationCode","description":"Local activity classification code","type":"string"},"taxationClassificationCode":{"name":"taxationClassificationCode","description":"Taxation classification for corporation entities. For example, Chapter S in the US","type":"string"},"similarSoundingBusiness":{"name":"similarSoundingBusiness","description":"Indicates existence of similarly named business   ","type":"string"},"homeCountryCode":{"name":"homeCountryCode","maxLength":3,"minLength":3,"description":"Home Country    ","type":"string","pattern":"[A-Z][A-Z][A-Z]"},"chiefExecutiveOfficerName":{"name":"chiefExecutiveOfficerName","$ref":"PersonName"},"principalPersonName":{"name":"principalPersonName","$ref":"PersonName"},"bestCallTimeNote":{"name":"bestCallTimeNote","description":"Best time to contact the organization","type":"array","items":{"name":"bestCallTimeNote","type":"string"}},"organizationLocation":{"name":"organizationLocation","type":"array","items":{"$ref":"OrganizationLocation"}},"organizationContact":{"name":"organizationContact","type":"array","items":{"$ref":"Contact"}},"organizationCreditRating":{"name":"organizationCreditRating","description":"Credit ratings of an organization","type":"array","items":{"$ref":"OrganizationCreditRating"}},"bank":{"name":"bank","$ref":"Bank"},"organizationHistory":{"name":"organizationHistory","$ref":"OrganizationHistory"},"importIndicator":{"name":"importIndicator","description":"Indicates if this company is an importer   ","type":"boolean"},"organizationEmploymentStatistics":{"name":"organizationEmploymentStatistics","description":"Employment statistics of an organization                        ","$ref":"OrganizationEmploymentStatistics"},"organizationCertification":{"name":"organizationCertification","description":"Certifications of an organization","type":"array","items":{"$ref":"Certification"}},"organizationFuture":{"name":"organizationFuture","$ref":"organizationFuture"},"smallBusinessIndicator":{"name":"smallBusinessIndicator","description":"If true, indicates this company is considered to be a small business.","type":"boolean"},"disadvantagedIndicator":{"name":"disadvantagedIndicator","description":"Indicates if this company is considered disadvantaged by the US governement under Title 8A. This typically includes woman and minority owned businesses, but is a specific certification.","type":"boolean"},"womanOwnedIndicator":{"name":"womanOwnedIndicator","description":"If true, indicates this company is primarily owned by women.","type":"boolean"},"minorityOwnedType":{"name":"minorityOwnedType","description":"The type of minority-owned firm, such as black, hispanic, native american, alaska native, asian american.    ","type":"string"},"minorityOwnedIndicator":{"name":"minorityOwnedIndicator","description":"If true, indicates this company is primarily owned by ethnic or racial minorities.","type":"boolean"},"exportIndicator":{"name":"exportIndicator","description":"Indicates if this company is an exporter    ","type":"boolean"},"sicCode":{"name":"sicCode","description":"Version of Standard Industry Classification (SIC) code","type":"string"}}},"OrganizationStatus":{"id":"OrganizationStatus","name":"status","properties":{"name":{"name":"name","description":"The user-friendly label that defines the state of the object, as the point in time expressed by effectivePeriod.","type":"string"},"description":{"name":"description","description":"An explanation of the status.","type":"array","items":{"$ref":"Description"}},"effectivePeriod":{"name":"effectivePeriod","description":"The time during which the object is/was in this Status.","$ref":"TimePeriod"},"reasonCode":{"name":"reasonCode","type":"string"},"statusCode":{"name":"statusCode","description":"A short hand identifier for the state of the object, at the point in time specified by the effectivePeriod.","type":"string"},"subStatusCode":{"name":"subStatusCode","description":"A finer division of code.","type":"string"}}},"TimePeriod":{"id":"TimePeriod","name":"effectivePeriod","description":"The time during which the object is/was in this Status.","properties":{"startTime":{"name":"startTime","description":"Start DateTime of the Time Period","type":"string","format":"date-time"},"duration":{"name":"duration","description":"Duration of the Time Period. For additional information on the duration data type see:  http://www.w3schools.com/schema/schema_dtypes_date.asp","type":"string"},"endTime":{"name":"endTime","description":"End Date Time of the Time Period","type":"string","format":"date-time"}}},"SpecificationGroup":{"id":"SpecificationGroup","name":"organizationSpecification","properties":{"specificationValue":{"name":"specificationValue","description":"A specification is a property of an object that can be assigned a value.  SpecificationValue provides a structure to contain   additional details about an object, beyond the attributes that are already defined as concrete, named elements.","type":"array","items":{"$ref":"SpecificationValue"}},"name":{"name":"name","description":"The name of the group of specifications.","type":"string"}}},"SpecificationValue":{"id":"SpecificationValue","name":"specificationValue","description":"A specification is a property of an object that can be assigned a value.  SpecificationValue provides a structure to contain   additional details about an object, beyond the attributes that are already defined as concrete, named elements.","properties":{"currencyCode":{"name":"currencyCode","maxLength":3,"minLength":3,"description":"The currency of the SpecificationValue, if the dataType is curency.","type":"string","pattern":"[A-Z][A-Z][A-Z]"},"dataType":{"name":"dataType","description":"The data type of the value.  This is a required attribute.  The recognized data types are specified by the xml w3c standard, minus the namespace prefix.  For example xsd:boolean would be expressed as boolean.","type":"string"},"measurementUnit":{"name":"measurementUnit","description":"The unit of measure of the value, if applicable.","type":"string"},"name":{"name":"name","description":"The name of the Specification value; a label by which the value is commonly known.  For example a name \u003d \"LongDescription\" for a value that contains a long description.","type":"string"},"precision":{"name":"precision","description":"For a numeric value, how many total digits are allowed.","type":"integer","format":"int32"},"scale":{"name":"scale","description":"For a numeric value,the number of digits to the right of the decimal point.","type":"integer","format":"int32"}}},"incorporation":{"id":"incorporation","name":"incorporation","description":"Details that apply only to organizations that are legally incorporated.","properties":{"incorporationDate":{"name":"incorporationDate","description":"Date on which the organization is legally incorporated.","type":"string","format":"date-time"},"incorporationLocation":{"name":"incorporationLocation","description":"The incorporation place of the organization. E.g. Dingle,Bangalore","type":"array","items":{"name":"incorporationLocation","type":"string"}},"incorporationCountryCode":{"name":"incorporationCountryCode","maxLength":3,"minLength":3,"description":"The country in which the orgnization is incorporated","type":"string","pattern":"[A-Z][A-Z][A-Z]"}}},"PersonName":{"id":"PersonName","name":"chiefExecutiveOfficerName","properties":{"nameType":{"name":"nameType","description":"Type of name such as Legal name, official name and so on.","type":"string"},"fullName":{"name":"fullName","description":"The person\u0027s full name.","type":"string"},"firstName":{"name":"firstName","description":"Is the Persons given name or first name","type":"string"},"middleName":{"name":"middleName","description":"Is the persons middle name or initial.","type":"array","items":{"name":"middleName","type":"string"}},"familyName":{"name":"familyName","description":"Is the persons family name","type":"array","items":{"name":"familyName","type":"string"}},"maidenName":{"name":"maidenName","description":"A married name is the family name adopted by a person upon marriage, and in speaking of the many cultures where the practice is traditional for women, the maiden name is the family name that the married name replaces.","type":"string"},"title":{"name":"title","description":"Is the title of the person. For example Dr, Senator, Mr..","type":"array","items":{"name":"title","type":"string"}},"salutation":{"name":"salutation","description":"Way the person is addressed e.g. Honorable etc?","type":"array","items":{"name":"salutation","type":"string"}},"prefix":{"name":"prefix","description":"Prefix to the last name that is not considered part of the last name, such as German von or French dela, etc.","type":"string"},"suffix":{"name":"suffix","description":"Suffix to the last name, such as Senior, III, the Third etc. \n","type":"string"},"militaryRank":{"name":"militaryRank","description":"Military Rank \n","type":"string"},"preferredName":{"name":"preferredName","description":"Name by which the person prefers to be addressed","type":"string"},"aliasName":{"name":"aliasName","description":"Alias by which the person is known","type":"array","items":{"name":"aliasName","type":"string"}},"effectivePeriod":{"name":"effectivePeriod","description":"A period of time for which the name is effective.","$ref":"TimePeriod"},"id":{"name":"id","type":"string"}}},"OrganizationLocation":{"id":"OrganizationLocation","name":"organizationLocation","properties":{"locationName":{"name":"locationName","description":"The name of the entity located at the given address.","type":"string"},"locationType":{"name":"locationType","description":"The type of entity at this location.","type":"string"},"address":{"name":"address","description":"The physical address of the entity.","$ref":"Address"},"phoneCommunication":{"name":"phoneCommunication","description":"Phone numbers associated with the location, possibly including fax numbers as well as voice lines.","type":"array","items":{"$ref":"PhoneCommunication"}},"id":{"name":"id","description":"The unique  identifier of the location.","type":"string"},"facilityOccupancyCode":{"name":"facilityOccupancyCode","description":"Indicates if this company owns or rents its place of business","type":"string"}}},"Address":{"required":["postalCode"],"id":"Address","name":"address","description":"The physical address of the entity.","properties":{"addressFormatType":{"name":"addressFormatType","enum":["STREET","POBOX","MILITARY","FOREIGN","HIGHWAY","RURALROUTE"],"description":"A code specifying the format of this address(STREET_ADDRESS, POBOX_ADDRESS,MILITARY_ADDRESS,FOREIGN_ADDRESS,HWY_ADDRESS,RURALROUTE_ADDRESS)","type":"string"},"addressLine1":{"name":"addressLine1","description":"The first free form line, expressed as text, of an address","type":"string"},"addressLine2":{"name":"addressLine2","description":"The first second form line, expressed as text, of an address","type":"string"},"addressLine3":{"name":"addressLine3","description":"The third free form line, expressed as text, of an address","type":"string"},"addressLine4":{"name":"addressLine4","description":"The fourth free form line, expressed as text, of an address","type":"string"},"cityName":{"name":"cityName","description":"The name, expressed as text, of the city, town or village of this address","type":"string"},"stateName":{"name":"stateName","description":"Name of the state in which  the city falls, where applicable","type":"string"},"stateCode":{"name":"stateCode","description":"Code of the state in which  the city falls, where applicable(WA, TX, GA)","type":"string"},"provinceName":{"name":"provinceName","description":"Name of the province where the address is located, if applicable","type":"string"},"provinceCode":{"name":"provinceCode","description":"Code of the province where the address is located, if applicable(OX,PQ)","type":"string"},"countyName":{"name":"countyName","description":"County Name, if applicable","type":"string"},"countryCode":{"name":"countryCode","maxLength":3,"minLength":3,"description":"The unique identifier of a country for this address (Reference ISO 3166 and UN/ECE Rec 3)","type":"string","pattern":"[A-Z][A-Z][A-Z]"},"countryName":{"name":"countryName","description":"The name of a country for this address (Reference ISO 3166 and UN/ECE Rec 3)","type":"string"},"attentionOf":{"name":"attentionOf","description":"The name, expressed as text, of a person or department in the organization to whom incoming mail is marked with words such as \u0027for the attention of\u0027 or \u0027FAO\u0027 or \u0027ATTN\u0027 for this address","type":"string"},"careOf":{"name":"careOf","description":"The name, expressed as text, of a person or organization at this address to whom incoming mail is marked with words such as \u0027care of\u0027 or \u0027C/O\u0027","type":"string"},"postalCode":{"name":"postalCode","maxLength":9,"minLength":5,"description":"A code specifying the postal code of the address","type":"string"},"postalCodeExtension":{"name":"postalCodeExtension","description":"An extension to the postalcode of the address, e.g., in 94070-3541, the extension is 3541.","type":"string"},"geoCodeID":{"name":"geoCodeID","description":"A unique code that represents a geospatial coordinate measurement of an exact geographic location and time at, below, or above the surface of the earth","type":"string"},"uncertaintyIndicator":{"name":"uncertaintyIndicator","description":"Uncertainty code for geoCode: \u0027FULL\u0027-Full Address, \u0027ZIP\u0027-Rural Zip+4, \u0027E\u0027-Rural Zip+2, \u0027RURAL\u0027-Rural Zip, \u0027D\u0027-Street Zip+4, \u0027L\u0027-Street Zip+2, \u0027STREET\u0027-Street zip","type":"string"},"inCityLimitIndicator":{"name":"inCityLimitIndicator","description":"Indicates whether or not this address is within the taxing boundary of the jurisdiction that\u0027s provided in the address.","type":"boolean"},"geographicCoordinates":{"name":"geographicCoordinates","$ref":"geographicCoordinates"},"countyCode":{"name":"countyCode","description":"A numeric code identifying the county from the Federal Information Processing Standard (FIPS).","type":"string"}}},"geographicCoordinates":{"id":"geographicCoordinates","name":"geographicCoordinates","properties":{"latitude":{"name":"latitude","type":"string"},"longitude":{"name":"longitude","type":"string"}}},"PhoneCommunication":{"required":["phoneNumber"],"id":"PhoneCommunication","name":"phoneCommunication","description":"Phone numbers associated with the location, possibly including fax numbers as well as voice lines.","properties":{"preference":{"name":"preference","description":"Precedence, advantage, or choice of one communication over another","$ref":"Preference"},"effectivePeriod":{"name":"effectivePeriod","description":"The segment of time when the communication is valid/available.\t\t\t\t\t","$ref":"TimePeriod"},"privacyProfile":{"name":"privacyProfile","description":"Privacy controls for this communication, indicating the circumstances in which this communication should be\nused.\n\t\t\t\t\t","type":"array","items":{"$ref":"PrivacyProfile"}},"collectionSource":{"name":"collectionSource","enum":["CUSTOMER","ACXIOM","CENSUS","DRG","FACEBOOK","LINKEDIN","OTHER","EMPLOYER","GOOGLEPLUS","TWITTER"],"type":"string"},"id":{"name":"id","type":"string"},"phoneType":{"name":"phoneType","enum":["LANDLINE","MOBILE","FAX","SATELLITE"],"description":"Indicates the type of Phone Communication. ","type":"string"},"phoneNumber":{"name":"phoneNumber","description":"The complete number without separation between \tcountry code, area code etc\n\t\t\t\t\t\t\t","type":"string"},"countryDialingCode":{"name":"countryDialingCode","description":"The country dialing code for a telephone communication number.\n\t\t\t\t\t\t\t","type":"string"},"areaCode":{"name":"areaCode","description":"The area dialing code for a communication number\n\t\t\t\t\t\t\t","type":"string"},"localNumber":{"name":"localNumber","description":"The communication number, not including country dialing or area dialing codes\n\t\t\t\t\t\t\t","type":"string"},"phoneExtension":{"name":"phoneExtension","description":"The extension of the associated communication\nnumber\n\t\t\t\t\t\t\t","type":"string"},"accessCode":{"name":"accessCode","description":"The text that permits access to the electronic network of the associated ommunication number such as telephone network, for example 9, *70.\n\t\t\t\t\t\t\t","type":"string"},"serviceUsageType":{"name":"serviceUsageType","description":"Indicates what type of phone service is governed by this Communication. Example, SMS, MMS ","type":"array","items":{"name":"serviceUsageType","enum":["SMS","VOICE","VOICE","SMS","MMS","DATA","APP","FAX","VOICEMAIL"],"type":"string"}},"usageContext":{"name":"usageContext","type":"array","items":{"name":"usageContext","enum":["PRIMARY","SECONDARY","BILLING","HOME","WORK","DATANOTIFY","OTHER","SECURITY","SKIPTRACE"],"type":"string"}},"communicationStatus":{"name":"communicationStatus","$ref":"PhoneCommunicationStatus"}}},"Preference":{"id":"Preference","name":"preference","description":"Precedence, advantage, or choice of one communication over another","properties":{"preferred":{"name":"preferred","description":"Indicator if this is a preferred communication. If false, this communication should be less used.\n\t\t\t\t\t","type":"boolean"},"ranking":{"name":"ranking","description":"Priority of ranking of the associated object or component. The lower the number, the higher the priority.\n\t\t\t\t\t","type":"string"}}},"PrivacyProfile":{"id":"PrivacyProfile","name":"privacyProfile","description":"Privacy controls for this communication, indicating the circumstances in which this communication should be\nused.\n\t\t\t\t\t","properties":{"optOut":{"name":"optOut","enum":["DEFAULT","OPTIN","OPTOUT"],"description":"Indicates the opt out option.\nIf true, this communication cannot be used for telemarketing calls, mails, emails...etc. ","type":"string"},"reason":{"name":"reason","description":"Indicates the reason for applying the Opt Out, if any.\n\t\t\t\t\t","type":"string"},"activityType":{"name":"activityType","enum":["BILLING","MARKETING"],"description":"Indicates the type of marketing activity that the customer has opted out from. If no value is provided, it is assumed that the customer has opted out from all marketing activity through this communication channel. ","type":"string"}}},"PhoneCommunicationStatus":{"id":"PhoneCommunicationStatus","name":"communicationStatus","properties":{"name":{"name":"name","description":"The user-friendly label that defines the state of the object, as the point in time expressed by effectivePeriod.","type":"string"},"description":{"name":"description","description":"An explanation of the status.","type":"array","items":{"$ref":"Description"}},"effectivePeriod":{"name":"effectivePeriod","description":"The time during which the object is/was in this Status.","$ref":"TimePeriod"},"reasonCode":{"name":"reasonCode","type":"string"},"statusCode":{"name":"statusCode","enum":["INSERVICE","FORWARDED","DISCONNECTED"],"description":"A short hand identifier for the state of the object, at the point in time specified by the effectivePeriod.","type":"string"},"subStatusCode":{"name":"subStatusCode","description":"A finer division of code.","type":"string"}}},"Contact":{"id":"Contact","name":"organizationContact","properties":{"personName":{"name":"personName","description":"Name of the person to be contacted.","type":"array","items":{"$ref":"PersonName"}},"jobTitle":{"name":"jobTitle","description":"Job title or role of the person to be contacted.","type":"array","items":{"name":"jobTitle","type":"string"}},"companyName":{"name":"companyName","description":"Name of the company where the person can be contacted","type":"string"},"status":{"name":"status","type":"array","items":{"$ref":"ContactStatus"}},"preference":{"name":"preference","description":"Precedence, advantage, or choice of one contact over another","$ref":"Preference"},"addressCommunication":{"name":"addressCommunication","type":"array","items":{"$ref":"AddressCommunication"}},"phoneCommunication":{"name":"phoneCommunication","type":"array","items":{"$ref":"PhoneCommunication"}},"emailCommunication":{"name":"emailCommunication","type":"array","items":{"$ref":"EmailCommunication"}},"websiteCommunication":{"name":"websiteCommunication","type":"array","items":{"$ref":"WebsiteCommunication"}},"preferredLanguage":{"name":"preferredLanguage","description":"The preferred language of communication in the specified usage context. ISO 639-1 Code (en-US,en-CA,en-GB)","type":"array","items":{"$ref":"PreferredLanguage"}},"preferredCommunicationChannel":{"name":"preferredCommunicationChannel","description":"Precedence, advantage, or choice of one communication channel, for example  email vs phone","type":"array","items":{"$ref":"PreferredCommunicationChannel"}},"socialCommunication":{"name":"socialCommunication","type":"array","items":{"$ref":"SocialCommunication"}},"securityProfile":{"name":"securityProfile","$ref":"SecurityProfile"},"id":{"name":"id","description":"Uniquely identifies the Contact.","type":"string"}}},"ContactStatus":{"id":"ContactStatus","name":"status","properties":{"name":{"name":"name","description":"The user-friendly label that defines the state of the object, as the point in time expressed by effectivePeriod.","type":"string"},"description":{"name":"description","description":"An explanation of the status.","type":"array","items":{"$ref":"Description"}},"effectivePeriod":{"name":"effectivePeriod","description":"The time during which the object is/was in this Status.","$ref":"TimePeriod"},"reasonCode":{"name":"reasonCode","type":"string"},"statusCode":{"name":"statusCode","enum":["VALIDATED","NONVALIDATED"],"description":"A short hand identifier for the state of the object, at the point in time specified by the effectivePeriod.","type":"string"},"subStatusCode":{"name":"subStatusCode","description":"A finer division of code.","type":"string"}}},"AddressCommunication":{"id":"AddressCommunication","name":"addressCommunication","properties":{"preference":{"name":"preference","description":"Precedence, advantage, or choice of one communication over another","$ref":"Preference"},"effectivePeriod":{"name":"effectivePeriod","description":"The segment of time when the communication is valid/available.\t\t\t\t\t","$ref":"TimePeriod"},"privacyProfile":{"name":"privacyProfile","description":"Privacy controls for this communication, indicating the circumstances in which this communication should be\nused.\n\t\t\t\t\t","type":"array","items":{"$ref":"PrivacyProfile"}},"collectionSource":{"name":"collectionSource","enum":["CUSTOMER","ACXIOM","CENSUS","DRG","FACEBOOK","LINKEDIN","OTHER","EMPLOYER","GOOGLEPLUS","TWITTER"],"type":"string"},"id":{"name":"id","type":"string"},"address":{"name":"address","$ref":"Address"},"usageContext":{"name":"usageContext","type":"array","items":{"name":"usageContext","enum":["HOME","WORK","MAILING","SHIPPING","BILLING","PHYSICAL","E911","PPU","SKIPTRACE"],"type":"string"}},"communicationStatus":{"name":"communicationStatus","$ref":"AddressCommunicationStatus"}}},"AddressCommunicationStatus":{"id":"AddressCommunicationStatus","name":"communicationStatus","properties":{"name":{"name":"name","description":"The user-friendly label that defines the state of the object, as the point in time expressed by effectivePeriod.","type":"string"},"description":{"name":"description","description":"An explanation of the status.","type":"array","items":{"$ref":"Description"}},"effectivePeriod":{"name":"effectivePeriod","description":"The time during which the object is/was in this Status.","$ref":"TimePeriod"},"reasonCode":{"name":"reasonCode","type":"string"},"statusCode":{"name":"statusCode","enum":["VALIDATED","NONVALIDATED","UNDELIVERABLE"],"description":"A short hand identifier for the state of the object, at the point in time specified by the effectivePeriod.","type":"string"},"subStatusCode":{"name":"subStatusCode","enum":["OVERWRITTEN"],"description":"A finer division of code.","type":"string"}}},"EmailCommunication":{"required":["emailAddress"],"id":"EmailCommunication","name":"emailCommunication","properties":{"preference":{"name":"preference","description":"Precedence, advantage, or choice of one communication over another","$ref":"Preference"},"effectivePeriod":{"name":"effectivePeriod","description":"The segment of time when the communication is valid/available.\t\t\t\t\t","$ref":"TimePeriod"},"privacyProfile":{"name":"privacyProfile","description":"Privacy controls for this communication, indicating the circumstances in which this communication should be\nused.\n\t\t\t\t\t","type":"array","items":{"$ref":"PrivacyProfile"}},"collectionSource":{"name":"collectionSource","enum":["CUSTOMER","ACXIOM","CENSUS","DRG","FACEBOOK","LINKEDIN","OTHER","EMPLOYER","GOOGLEPLUS","TWITTER"],"type":"string"},"id":{"name":"id","type":"string"},"emailAddress":{"name":"emailAddress","description":"URI in the case of email communication\n\t\t\t\t\t\t\t","type":"string"},"emailFormat":{"name":"emailFormat","enum":["HTML","PLAINTEXT","RICHTEXT"],"description":"Indicates that the communication is preferred\tin HTML format, Plain Text, Rich Text.\n\t\t\t\t\t\t\t","type":"string"},"usageContext":{"name":"usageContext","type":"array","items":{"name":"usageContext","enum":["PRIMARY","SECONDARY","BILLING","HOME","WORK","DATANOTIFY","OTHER","SECURITY"],"type":"string"}},"communicationStatus":{"name":"communicationStatus","$ref":"EmailCommunicationStatus"}}},"EmailCommunicationStatus":{"id":"EmailCommunicationStatus","name":"communicationStatus","properties":{"name":{"name":"name","description":"The user-friendly label that defines the state of the object, as the point in time expressed by effectivePeriod.","type":"string"},"description":{"name":"description","description":"An explanation of the status.","type":"array","items":{"$ref":"Description"}},"effectivePeriod":{"name":"effectivePeriod","description":"The time during which the object is/was in this Status.","$ref":"TimePeriod"},"reasonCode":{"name":"reasonCode","type":"string"},"statusCode":{"name":"statusCode","enum":["VALIDATED","NONVALIDATED","DELIVERED","UNDELIVERABLE"],"description":"A short hand identifier for the state of the object, at the point in time specified by the effectivePeriod.","type":"string"},"subStatusCode":{"name":"subStatusCode","enum":["OVERWRITTEN","HARDBOUNCE","SOFTBOUNCE"],"description":"A finer division of code.","type":"string"}}},"WebsiteCommunication":{"id":"WebsiteCommunication","name":"websiteCommunication","properties":{"preference":{"name":"preference","description":"Precedence, advantage, or choice of one communication over another","$ref":"Preference"},"effectivePeriod":{"name":"effectivePeriod","description":"The segment of time when the communication is valid/available.\t\t\t\t\t","$ref":"TimePeriod"},"privacyProfile":{"name":"privacyProfile","description":"Privacy controls for this communication, indicating the circumstances in which this communication should be\nused.\n\t\t\t\t\t","type":"array","items":{"$ref":"PrivacyProfile"}},"collectionSource":{"name":"collectionSource","enum":["CUSTOMER","ACXIOM","CENSUS","DRG","FACEBOOK","LINKEDIN","OTHER","EMPLOYER","GOOGLEPLUS","TWITTER"],"type":"string"},"id":{"name":"id","type":"string"},"websiteURI":{"name":"websiteURI","description":"URI or URL for the communication\n\t\t\t\t\t\t\t","type":"string"},"usageContext":{"name":"usageContext","type":"array","items":{"name":"usageContext","enum":["PERSONAL","BUSINESS"],"type":"string"}},"communicationStatus":{"name":"communicationStatus","$ref":"WebsiteCommunicationStatus"}}},"WebsiteCommunicationStatus":{"id":"WebsiteCommunicationStatus","name":"communicationStatus","properties":{"name":{"name":"name","description":"The user-friendly label that defines the state of the object, as the point in time expressed by effectivePeriod.","type":"string"},"description":{"name":"description","description":"An explanation of the status.","type":"array","items":{"$ref":"Description"}},"effectivePeriod":{"name":"effectivePeriod","description":"The time during which the object is/was in this Status.","$ref":"TimePeriod"},"reasonCode":{"name":"reasonCode","type":"string"},"statusCode":{"name":"statusCode","enum":["AVAILABLE","NOTFOUND"],"description":"A short hand identifier for the state of the object, at the point in time specified by the effectivePeriod.","type":"string"},"subStatusCode":{"name":"subStatusCode","enum":["UNDERCONSTRUCTION"],"description":"A finer division of code.","type":"string"}}},"PreferredLanguage":{"id":"PreferredLanguage","name":"preferredLanguage","description":"The preferred language of communication in the specified usage context. ISO 639-1 Code (en-US,en-CA,en-GB)","properties":{"usageContext":{"name":"usageContext","type":"string"}}},"PreferredCommunicationChannel":{"id":"PreferredCommunicationChannel","name":"preferredCommunicationChannel","description":"Precedence, advantage, or choice of one communication channel, for example  email vs phone","properties":{"communicationType":{"name":"communicationType","enum":["EMAIL","SMS","MAIL","PHONE"],"description":"The type of communication for example EmailCommunication or PhoneCommunication","type":"string"},"preference":{"name":"preference","$ref":"Preference"},"id":{"name":"id","description":"the Id of the communication channel","type":"string"},"usageContext":{"name":"usageContext","enum":["SECURITY","USAGE","ROAMING","MARKETING","ORDERING"],"type":"string"}}},"SocialCommunication":{"id":"SocialCommunication","name":"socialCommunication","properties":{"preference":{"name":"preference","description":"Precedence, advantage, or choice of one communication over another","$ref":"Preference"},"effectivePeriod":{"name":"effectivePeriod","description":"The segment of time when the communication is valid/available.\t\t\t\t\t","$ref":"TimePeriod"},"privacyProfile":{"name":"privacyProfile","description":"Privacy controls for this communication, indicating the circumstances in which this communication should be\nused.\n\t\t\t\t\t","type":"array","items":{"$ref":"PrivacyProfile"}},"collectionSource":{"name":"collectionSource","enum":["CUSTOMER","ACXIOM","CENSUS","DRG","FACEBOOK","LINKEDIN","OTHER","EMPLOYER","GOOGLEPLUS","TWITTER"],"type":"string"},"id":{"name":"id","type":"string"},"usageContext":{"name":"usageContext","type":"array","items":{"name":"usageContext","type":"string"}},"communicationStatus":{"name":"communicationStatus","$ref":"SocialCommunicationStatus"},"socialMediaType":{"name":"socialMediaType","enum":["FACEBOOK","TWITTER","GOOGLEPLUS","INSTAGRAM","YOUTUBE","FOURSQUARE","MYSPACE"],"description":"The social media type identifies the type of social media used by this communication channel.","type":"string"},"socialMediaHandle":{"name":"socialMediaHandle","type":"string"},"customerSentiment":{"name":"customerSentiment","enum":["POSITIVE","NEGATIVE","NEUTRAL"],"type":"string"}}},"SocialCommunicationStatus":{"id":"SocialCommunicationStatus","name":"communicationStatus","properties":{"name":{"name":"name","description":"The user-friendly label that defines the state of the object, as the point in time expressed by effectivePeriod.","type":"string"},"description":{"name":"description","description":"An explanation of the status.","type":"array","items":{"$ref":"Description"}},"effectivePeriod":{"name":"effectivePeriod","description":"The time during which the object is/was in this Status.","$ref":"TimePeriod"},"reasonCode":{"name":"reasonCode","type":"string"},"statusCode":{"name":"statusCode","description":"A short hand identifier for the state of the object, at the point in time specified by the effectivePeriod.","type":"string"},"subStatusCode":{"name":"subStatusCode","description":"A finer division of code.","type":"string"}}},"SecurityProfile":{"required":["emailAddress"],"id":"SecurityProfile","name":"securityProfile","properties":{"userName":{"name":"userName","description":"User name for logging into a software system.","type":"string"},"password":{"name":"password","description":"Password for logging into a software system.","type":"string"},"loginLocked":{"name":"loginLocked","description":"Indicates that the user login is currently locked.","$ref":"Indicator"},"lockType":{"name":"lockType","enum":["HARD","SOFT"],"description":"Type of locking currently in place for the user login.","type":"string"},"securityQuestionSet":{"name":"securityQuestionSet","type":"array","items":{"$ref":"SecurityQuestionSet"}},"emailAddress":{"name":"emailAddress","description":"URI in the case of email communication\n\t\t\t\t\t\t\t","type":"string"},"recoveryPhone":{"name":"recoveryPhone","type":"string"},"authenticationGroup":{"name":"authenticationGroup","type":"array","items":{"$ref":"AuthenticationGroup"}},"commissionsCode":{"name":"commissionsCode","description":"The commissions code may be a dealer code or a rep id, depending on the context.","type":"string"},"passwordResetCount":{"name":"passwordResetCount","$ref":"Quantity"},"loginFailureCount":{"name":"loginFailureCount","$ref":"Quantity"},"status":{"name":"status","type":"array","items":{"$ref":"status"}},"loginTime":{"name":"loginTime","type":"string","format":"date-time"},"activityHistory":{"name":"activityHistory","type":"array","items":{"$ref":"ActivityInstance"}},"msisdn":{"name":"msisdn","maxLength":15,"minLength":10,"type":"string","pattern":"[0-9]{10,15}"},"enhancementReminderDate":{"name":"enhancementReminderDate","type":"string","format":"date-time"},"resourceEntitlement":{"name":"resourceEntitlement","type":"array","items":{"$ref":"ResourceEntitlement"}},"pin":{"name":"pin","description":"Personal identification number. The pin is normally associated to the MSISDN, not the user.","type":"string"},"profileId":{"name":"profileId","type":"string"}}},"SecurityQuestionSet":{"id":"SecurityQuestionSet","name":"securityQuestionSet","properties":{"securityQuestion":{"name":"securityQuestion","description":"A question and answer pair. The answer would only be sent in a message when the customer is initially setting up their answers.","type":"array","items":{"$ref":"SecurityQuestion"}},"languageCode":{"name":"languageCode","maxLength":2,"minLength":2,"description":"The language selected by the customer for the set of security questions.","type":"string","pattern":"[a-z][a-z]"},"setName":{"name":"setName","description":"The name of the set of security questions. Different sets of questions are expected for self care and for assisted care.","type":"string"}}},"SecurityQuestion":{"id":"SecurityQuestion","name":"securityQuestion","description":"A question and answer pair. The answer would only be sent in a message when the customer is initially setting up their answers.","properties":{"question":{"name":"question","description":"The question to be answered by the customer in the chosen language.","$ref":"Text"},"answer":{"name":"answer","description":"The answer to the security question would only be sent in a message when the customer is initially setting up their answers.","$ref":"Text"},"ranking":{"name":"ranking","description":"Specifies the sequence in which the questions will be presented.","type":"string"},"id":{"name":"id","type":"string"},"name":{"name":"name","description":"A unique name identifying the question within the set. The name may be used for selecting the question from a list.","type":"string"}}},"Text":{"id":"Text","name":"question","description":"The question to be answered by the customer in the chosen language.","properties":{"languageCode":{"name":"languageCode","maxLength":2,"minLength":2,"type":"string","pattern":"[a-z][a-z]"}}},"AuthenticationGroup":{"id":"AuthenticationGroup","name":"authenticationGroup","properties":{"authenticationGroupName":{"name":"authenticationGroupName","type":"string"},"authenticationType":{"name":"authenticationType","type":"string"}}},"Quantity":{"id":"Quantity","name":"passwordResetCount","properties":{"measurementUnit":{"name":"measurementUnit","description":"Unit of quantity","type":"string"}}},"status":{"id":"status","name":"status","properties":{"name":{"name":"name","description":"The user-friendly label that defines the state of the object, as the point in time expressed by effectivePeriod.","type":"string"},"description":{"name":"description","description":"An explanation of the status.","type":"array","items":{"$ref":"Description"}},"effectivePeriod":{"name":"effectivePeriod","description":"The time during which the object is/was in this Status.","$ref":"TimePeriod"},"reasonCode":{"name":"reasonCode","type":"string"},"statusCode":{"name":"statusCode","type":"string"}}},"ActivityInstance":{"id":"ActivityInstance","name":"activityHistory","properties":{"activity":{"name":"activity","description":"Uniquely identifies the business activity definition.","$ref":"Activity"},"activityPeriod":{"name":"activityPeriod","description":"Time period that the activity occurred, is occurring or will occur.","$ref":"TimePeriod"},"reason":{"name":"reason","description":"Code identifying the reason for the activity","type":"string"},"activityInstanceStatus":{"name":"activityInstanceStatus","type":"array","items":{"$ref":"ActivityInstanceStatus"}},"performedBy":{"name":"performedBy","type":"string"},"id":{"name":"id","description":"Unique identifier assigned by the system of record for the occurrence of the business activity.","type":"string"}}},"Activity":{"id":"Activity","name":"activity","description":"Uniquely identifies the business activity definition.","properties":{"activityName":{"name":"activityName","enum":["ACTIVATION","CHANGEFEATURE","CHANGERATEPLAN","KITACTIVATION","VIEW"],"description":"The unique name of the business activity.  For example: Activation, ChangeRatePlan","type":"string"},"description":{"name":"description","description":"Description of the processing activity.","type":"array","items":{"$ref":"Description"}},"activityStatus":{"name":"activityStatus","type":"array","items":{"$ref":"ActivityStatus"}},"effectivePeriod":{"name":"effectivePeriod","description":"The time frame where the Activity is use (effective).","$ref":"EffectivePeriod"},"activityId":{"name":"activityId","description":"Uniquely identifies the business activity definition.","type":"string"}}},"ActivityStatus":{"id":"ActivityStatus","name":"activityStatus","properties":{"name":{"name":"name","description":"The user-friendly label that defines the state of the object, as the point in time expressed by effectivePeriod.","type":"string"},"description":{"name":"description","description":"An explanation of the status.","type":"array","items":{"$ref":"Description"}},"effectivePeriod":{"name":"effectivePeriod","description":"The time during which the object is/was in this Status.","$ref":"TimePeriod"},"reasonCode":{"name":"reasonCode","type":"string"},"statusCode":{"name":"statusCode","description":"A short hand identifier for the state of the object, at the point in time specified by the effectivePeriod.","type":"string"},"subStatusCode":{"name":"subStatusCode","description":"A finer division of code.","type":"string"}}},"ActivityInstanceStatus":{"id":"ActivityInstanceStatus","name":"activityInstanceStatus","properties":{"name":{"name":"name","description":"The user-friendly label that defines the state of the object, as the point in time expressed by effectivePeriod.","type":"string"},"description":{"name":"description","description":"An explanation of the status.","type":"array","items":{"$ref":"Description"}},"effectivePeriod":{"name":"effectivePeriod","description":"The time during which the object is/was in this Status.","$ref":"TimePeriod"},"reasonCode":{"name":"reasonCode","type":"string"},"statusCode":{"name":"statusCode","description":"A short hand identifier for the state of the object, at the point in time specified by the effectivePeriod.","type":"string"},"subStatusCode":{"name":"subStatusCode","description":"A finer division of code.","type":"string"}}},"ResourceEntitlement":{"id":"ResourceEntitlement","name":"resourceEntitlement","properties":{"resourceName":{"name":"resourceName","description":"The name of the application or other resource whose access is being controlled.","type":"string"},"actionName":{"name":"actionName","description":"The name of the action granted or denied on the resource. For example: view, modify, delete, etc.","type":"string"},"isAccessAllowed":{"name":"isAccessAllowed","description":"Boolean value which says whether access allowed or not.","type":"boolean"},"responseAttribute":{"name":"responseAttribute","description":"The name and value of a response attribute.\n","type":"array","items":{"$ref":"SpecificationValue"}}}},"OrganizationCreditRating":{"id":"OrganizationCreditRating","name":"organizationCreditRating","description":"Credit ratings of an organization","properties":{"description":{"name":"description","description":"A textual description of the rating effort","type":"array","items":{"$ref":"Description"}},"ratingCode":{"name":"ratingCode","description":"The rating company\u0027s rating number or code","type":"string"},"ratingDate":{"name":"ratingDate","description":"The date that the rating was acquired     ","type":"string","format":"date-time"},"debarmentIndicator":{"name":"debarmentIndicator","description":"Indicates whether the company is debarred from doing business with government agencies  ","type":"boolean"},"debarmentCount":{"name":"debarmentCount","description":"Count of filings by government agencies in the United States that prohibit the party from entering into contracts or transactions with those agencies  ","type":"integer","format":"int32"},"lastDebarmentDate":{"name":"lastDebarmentDate","description":"Date of most recent filing to prohibit the party from entering into contracts or transactions with a government agency in the United States","type":"string","format":"date-time"},"status":{"name":"status","description":"The state of the customer\u0027s credit rating, at the time in effectivePeriod.","$ref":"OrganizationCreditRatingStatus"},"creditRatingProvider":{"name":"creditRatingProvider","description":"Credit Rating provider organization name","$ref":"CreditRatingProvider"},"commercialCreditScore":{"name":"commercialCreditScore","description":"Commercial credit score of the credit rating               ","type":"integer","format":"int32"},"failureRiskScore":{"name":"failureRiskScore","description":"Failure risk score of the credit rating                    ","type":"integer","format":"int32"},"paydexScore":{"name":"paydexScore","description":"Paydex score of the credit rating             ","type":"integer","format":"int32"}}},"OrganizationCreditRatingStatus":{"id":"OrganizationCreditRatingStatus","name":"status","description":"The state of the customer\u0027s credit rating, at the time in effectivePeriod.","properties":{"name":{"name":"name","description":"The user-friendly label that defines the state of the object, as the point in time expressed by effectivePeriod.","type":"string"},"description":{"name":"description","description":"An explanation of the status.","type":"array","items":{"$ref":"Description"}},"effectivePeriod":{"name":"effectivePeriod","description":"The time during which the object is/was in this Status.","$ref":"TimePeriod"},"reasonCode":{"name":"reasonCode","type":"string"},"statusCode":{"name":"statusCode","description":"A short hand identifier for the state of the object, at the point in time specified by the effectivePeriod.","type":"string"},"subStatusCode":{"name":"subStatusCode","description":"A finer division of code.","type":"string"}}},"CreditRatingProvider":{"id":"CreditRatingProvider","name":"creditRatingProvider","description":"Credit Rating provider organization name","properties":{"name":{"name":"name","description":"The user-friendly label by which the credit rating provider is commonly known.","type":"string"},"description":{"name":"description","description":"An explanation of the credit rating provider.","$ref":"Description"},"effectivePeriod":{"name":"effectivePeriod","description":"The time during which the reference data value is valid.","$ref":"EffectivePeriod"},"creditRatingProviderCode":{"name":"creditRatingProviderCode","type":"string"},"creditRatingProviderId":{"name":"creditRatingProviderId","description":"Enterprise-wide unique identifier of the provider of credit rating services.","type":"string"}}},"Bank":{"id":"Bank","name":"bank","properties":{"bankName":{"name":"bankName","description":"Name of the bank","type":"array","items":{"name":"bankName","type":"string"}},"bankAddress":{"name":"bankAddress","description":"Address of the bank office that is pertinent in the context where the bank information is referenced.","$ref":"Address"},"contact":{"name":"contact","description":"Contact information for the bank staff to be used in the context where this bank information is referenced.","$ref":"Contact"},"swiftCode":{"name":"swiftCode","type":"string"},"routingNumber":{"name":"routingNumber","type":"string"}}},"OrganizationHistory":{"id":"OrganizationHistory","name":"organizationHistory","properties":{"controlYear":{"name":"controlYear","description":"Year when current ownership gained control","type":"integer","format":"int32"},"lineOfBusiness":{"name":"lineOfBusiness","description":"Type of business activities performed at this site    ","type":"array","items":{"name":"lineOfBusiness","type":"string"}},"outOfBusinessIndicator":{"name":"outOfBusinessIndicator","description":"Indicates if this organization is out of business   ","type":"boolean"}}},"OrganizationEmploymentStatistics":{"id":"OrganizationEmploymentStatistics","name":"organizationEmploymentStatistics","description":"Employment statistics of an organization                        ","properties":{"totalEmployment":{"name":"totalEmployment","$ref":"totalEmployment"},"primaryAddressEmployment":{"name":"primaryAddressEmployment","$ref":"primaryAddressEmployment"}}},"totalEmployment":{"id":"totalEmployment","name":"totalEmployment","properties":{"employeeCount":{"name":"employeeCount","description":"Total number of personnel employeed","type":"integer","format":"int32"},"subsidiaryCountIncludedIndicator":{"name":"subsidiaryCountIncludedIndicator","description":"Indicates whether subsidiaries are included in the calculation of total employees","type":"boolean"},"estimatedCountIndicator":{"name":"estimatedCountIndicator","description":"Indicates whether the employee total is estimated","type":"boolean"},"employmentCountCode":{"name":"employmentCountCode","description":"Indicates whether the number is a minimum, maximum, or average number of total employees","type":"string"}}},"primaryAddressEmployment":{"id":"primaryAddressEmployment","name":"primaryAddressEmployment","properties":{"employeeCount":{"name":"employeeCount","description":"Number of employees at the referenced address","type":"integer","format":"int32"},"estimatedCountIndicator":{"name":"estimatedCountIndicator","description":"Qualifies calculation of employees at the primary address as estimated","type":"boolean"},"minimumCountIndicator":{"name":"minimumCountIndicator","description":"Qualifies calculation of employees at the primary address as minimum","type":"boolean"}}},"Certification":{"id":"Certification","name":"organizationCertification","description":"Certifications of an organization","properties":{"name":{"name":"name","description":"Name of the certification","type":"array","items":{"name":"name","type":"string"}},"issuedDate":{"name":"issuedDate","description":"Date on which the certification was issued\n\t\t\t\t\t","type":"string","format":"date-time"},"expirationDate":{"name":"expirationDate","description":"Expiration Date for the certification if\n\t\t\t\t\t\tapplicable","type":"string","format":"date-time"},"issuingAuthorityID":{"name":"issuingAuthorityID","description":"Authority that issued the certification\n\t\t\t\t\t","type":"string"},"qualifyingGrade":{"name":"qualifyingGrade","description":"Grade applicable for the certification - e.g.\n\t\t\t\t\t\tFirst Class, Distinction etc","type":"string"}}},"organizationFuture":{"id":"organizationFuture","name":"organizationFuture","properties":{"missionStatement":{"name":"missionStatement","description":"Corporate charter of organization  ","type":"array","items":{"name":"missionStatement","type":"string"}},"growthStrategyDescription":{"name":"growthStrategyDescription","description":"Growth Strategy Description","type":"array","items":{"name":"growthStrategyDescription","type":"string"}},"fiscalYearEndMonth":{"name":"fiscalYearEndMonth","description":"Month that the fiscal year ends for organization","type":"integer","format":"int32"},"currentFiscalYearPotentitalRevenue":{"name":"currentFiscalYearPotentitalRevenue","description":"Organization\u0027s potential revenue for this fiscal year","type":"number","format":"double"},"nextFiscalYearPotentitalRevenue":{"name":"nextFiscalYearPotentitalRevenue","description":"Organization\u0027s potential revenue for next fiscal year ","type":"number","format":"double"},"financialAnalysisFiscalYear":{"name":"financialAnalysisFiscalYear","description":"Fiscal year used as the source for financial information     ","type":"integer","format":"int32"}}},"Person":{"required":["ssn"],"id":"Person","name":"person","description":"Populated when the Party is a Person.","properties":{"personName":{"name":"personName","description":"The name that the person is known by.","$ref":"PersonName"},"birthPlace":{"name":"birthPlace","description":"Place of birth for the person.","$ref":"birthPlace"},"ssn":{"name":"ssn","description":"Social Security Number for this person, used for tax identification.   When used in a request, it must only be sent by secure transport. When used in a response, it should be blank or contain at most the last four digits.","$ref":"ssn"},"preferredLanguage":{"name":"preferredLanguage","description":"The preferred language of communication. ISO 639-1 Code (en-US,en-CA,en-GB)\n\t\t\t\t\t","$ref":"PreferredLanguage"},"addressCommunication":{"name":"addressCommunication","description":"A person\u0027s addresses for residence or business, to be used for deliveries or postal mail.","type":"array","items":{"$ref":"AddressCommunication"}},"birthDate":{"name":"birthDate","description":"Date of birth of the person.","type":"string","format":"date-time"},"phoneCommunication":{"name":"phoneCommunication","description":"A person\u0027s Phone Numbers for voice, fax or text communication.","type":"array","items":{"$ref":"PhoneCommunication"}},"emailCommunication":{"name":"emailCommunication","description":"A person\u0027s email addresses.\n                               ","type":"array","items":{"$ref":"EmailCommunication"}},"websiteCommunication":{"name":"websiteCommunication","description":"A person\u0027s personal web sites.","type":"array","items":{"$ref":"WebsiteCommunication"}},"gender":{"name":"gender","description":"Identifies the gender of the person.","type":"string"},"motherMaidenName":{"name":"motherMaidenName","description":"Family name of the mother of the person, prior to any marriage.","$ref":"PersonName"},"maritalStatus":{"name":"maritalStatus","enum":["MARRIED","SINGLE","DIVORCED","WIDOWED"],"description":"Marital status of the person.","type":"string"},"ethnicity":{"name":"ethnicity","description":"Describe ethnic groups to which individuals belong, identify with, or belong in the eyes of the community.","type":"array","items":{"name":"ethnicity","enum":["HISPANIC","NATIVE AMERICAN","ALASKA NATIVE","ASIAN","AFRICAN AMERICAN","NATIVE HAWAIIAN","PACIFIC ISLANDER","WHITE","OTHER"],"type":"string"}},"socialCommunication":{"name":"socialCommunication","type":"array","items":{"$ref":"SocialCommunication"}},"activeDutyMilitary":{"name":"activeDutyMilitary","description":"Indicates whether the Person is an active duty military member. This would normally be supported by a military identification card.","$ref":"Indicator"},"personId":{"name":"personId","description":"Enterprise-wide unique identifier of the Person.","type":"string"}}},"birthPlace":{"id":"birthPlace","name":"birthPlace","description":"Place of birth for the person.","properties":{"birthCountryCode":{"name":"birthCountryCode","maxLength":3,"minLength":3,"description":" \nCountry of birth. Validate from lookup.\n                                ","type":"string","pattern":"[A-Z][A-Z][A-Z]"},"birthRegionName":{"name":"birthRegionName","description":"\n\t\t\t\t\t\tState/Province of the birth country.\n\t\t\t\t\t","type":"string"},"birthCityName":{"name":"birthCityName","description":" \nCity of birth. \n                                ","type":"string"}}},"ssn":{"id":"ssn","name":"ssn","description":"Social Security Number for this person, used for tax identification.   When used in a request, it must only be sent by secure transport. When used in a response, it should be blank or contain at most the last four digits.","properties":{"maskingType":{"name":"maskingType","enum":["Last4","Last6","First5","None","NA"],"type":"string"}}},"SubscriberStatus":{"id":"SubscriberStatus","name":"status","description":"The current state of the subscriber.  For example active, inactive.","properties":{"name":{"name":"name","description":"The user-friendly label that defines the state of the object, as the point in time expressed by effectivePeriod.","type":"string"},"description":{"name":"description","description":"An explanation of the status.","type":"array","items":{"$ref":"Description"}},"effectivePeriod":{"name":"effectivePeriod","description":"The time during which the object is/was in this Status.","$ref":"TimePeriod"},"reasonCode":{"name":"reasonCode","type":"string"},"statusCode":{"name":"statusCode","enum":["ACTIVE","REMOVED","DORMANT"],"type":"string"}}},"ServiceOffering":{"id":"ServiceOffering","name":"serviceOffering","properties":{"name":{"name":"name","type":"string"},"description":{"name":"description","type":"array","items":{"$ref":"Description"}},"shortDescription":{"name":"shortDescription","type":"array","items":{"$ref":"Description"}},"longDescription":{"name":"longDescription","type":"array","items":{"$ref":"Description"}},"offerType":{"name":"offerType","enum":["Base","AddOn"],"type":"string"},"offerSubType":{"name":"offerSubType","enum":["Plan","Ongoing","Limited","HardGood"],"type":"string"},"offerLevel":{"name":"offerLevel","enum":["Line","Account"],"description":"Level in the customer hierarchy to which the offer should be applied.","type":"string"},"productOfferingId":{"name":"productOfferingId","description":"Uniquely identifies a Product Offering in the Product Catalog.","type":"string"},"offeringPrice":{"name":"offeringPrice","type":"array","items":{"$ref":"PriceListLine"}},"serviceSpecification":{"name":"serviceSpecification","$ref":"ServiceSpecification"},"serviceOfferingStatus":{"name":"serviceOfferingStatus","$ref":"ServiceOfferingStatus"},"allowanceBucket":{"name":"allowanceBucket","type":"array","items":{"$ref":"AllowanceBucket"}},"minimumNumberOfLines":{"name":"minimumNumberOfLines","type":"integer","format":"int32"},"maximumNumberOfLines":{"name":"maximumNumberOfLines","type":"integer","format":"int32"},"minimumAccountQuantity":{"name":"minimumAccountQuantity","$ref":"Quantity"},"maximumAccountQuantity":{"name":"maximumAccountQuantity","$ref":"Quantity"},"accountLevel":{"name":"accountLevel","type":"boolean"},"pooledAccountLevel":{"name":"pooledAccountLevel","type":"boolean"},"promotional":{"name":"promotional","type":"boolean"},"serviceCapability":{"name":"serviceCapability","type":"array","items":{"$ref":"ProductCapability"}},"serviceCategory":{"name":"serviceCategory","$ref":"ServiceProductCategory"},"serviceGroup":{"name":"serviceGroup","$ref":"ServiceProductGroup"},"serviceClass":{"name":"serviceClass","$ref":"ServiceProductClass"},"notification":{"name":"notification","type":"array","items":{"$ref":"ProductNotification"}}}},"ServiceSpecification":{"id":"ServiceSpecification","name":"serviceSpecification","properties":{"name":{"name":"name","type":"string"},"shortName":{"name":"shortName","type":"string"},"displayName":{"name":"displayName","type":"string"},"description":{"name":"description","type":"array","items":{"$ref":"Description"}},"shortDescription":{"name":"shortDescription","type":"array","items":{"$ref":"Description"}},"longDescription":{"name":"longDescription","type":"array","items":{"$ref":"Description"}},"alternateDescription":{"name":"alternateDescription","type":"array","items":{"$ref":"Description"}},"keyword":{"name":"keyword","type":"array","items":{"$ref":"SpecificationValue"}},"productType":{"name":"productType","enum":["Service","Financial","Device","Accessory"],"description":"Categorizes the different types of product offered for sale: Service, Device, Accessory, or Financial.","type":"string"},"productSubType":{"name":"productSubType","enum":["Voice","Text","Data","3rdPartyContent","BillableContent","Insurance","Warranty","EarlyUpgrade","EquipmentInstallmentPlan","DeviceTradeIn","ElectronicPrepaidRefill","CardPrepaidRefill","Handset","OtherAccessory","ConnectedWearable","Tablet","SimCard"],"type":"string"},"productSpecificationId":{"name":"productSpecificationId","type":"string"},"additionalSpecification":{"name":"additionalSpecification","type":"array","items":{"$ref":"SpecificationGroup"}},"msrp":{"name":"msrp","$ref":"UnitPrice"},"productClassification":{"name":"productClassification","type":"array","items":{"$ref":"Classification"}},"links":{"name":"links","$ref":"links"},"includedFeatures":{"name":"includedFeatures","type":"array","items":{"$ref":"VoiceFeature"}},"serviceSpecificationStatus":{"name":"serviceSpecificationStatus","$ref":"ServiceSpecificationStatus"}}},"UnitPrice":{"id":"UnitPrice","name":"msrp","properties":{"amount":{"name":"amount","$ref":"Amount"},"quantity":{"name":"quantity","$ref":"Quantity"}}},"Classification":{"id":"Classification","name":"productClassification","properties":{"key":{"name":"key","$ref":"DomainKey"},"relatedClassification":{"name":"relatedClassification","description":"Other Classification objects related to this instance.  A Classification may be have many different types of relationships to other Classifications.  ","type":"array","items":{"$ref":"RelatedClassification"}},"classificationCode":{"name":"classificationCode","description":"The label that describes this category. For example the BillingArrangementType.  The  classificationCode is a governed value.  Recognized values of the classificationCode are specific to the object that uses the Classification.","type":"string"},"nameValue":{"name":"nameValue","description":"The classification attribute called Name.  Name is a user-friendly label for the classification value.","type":"string"},"descriptionValue":{"name":"descriptionValue","description":"The classification attribute called Description.  Description is an explanation of the classification value.","type":"array","items":{"$ref":"Description"}},"codeIdValue":{"name":"codeIdValue","description":"The classification attribute called Code.  Code is a short-hand unique identifier of the classification.  The code id is only guaranteed to be unique within the scope of  a classificationCode.","type":"string"},"classificationAttribute":{"name":"classificationAttribute","type":"array","items":{"$ref":"SpecificationValue"}},"id":{"name":"id","description":"Unique identifier assigned by the system of record.\n\t\t\t\t","type":"string"}}},"DomainKey":{"id":"DomainKey","name":"key","properties":{"keyName":{"name":"keyName","description":"The name of the key identifier, within the UsageContext. For example, if an object can be \nidentified by a field called code, then keyName \u003d \"code\".","type":"string"},"keyValue":{"name":"keyValue","description":"The value of the key identifier.  For example, if an object can be \nidentified by a field called code, then keyName \u003d \"code\".  The keyValue would be set to the value of the field called \"code\".","type":"string"},"additionalKeyPart":{"name":"additionalKeyPart","description":"Additional key values that are needed to uniquely identify the object within the UsageContext.  For example, if an object can be \nidentified by (code + effectiveDate), the keyName\u003d\"code\" and additionalKeyPart/keyName \u003d \"effectiveDate\".","type":"array","items":{"$ref":"KeyPart"}},"domainName":{"name":"domainName","description":"The system or business domain that is the source of the key. For example: PREPAIDBILLING, WEBCATALOG, SAMSON, SAP.\t\t\t","type":"string"}}},"KeyPart":{"id":"KeyPart","name":"additionalKeyPart","description":"Additional key values that are needed to uniquely identify the object within the UsageContext.  For example, if an object can be \nidentified by (code + effectiveDate), the keyName\u003d\"code\" and additionalKeyPart/keyName \u003d \"effectiveDate\".","properties":{"keyPartName":{"name":"keyPartName","type":"string"},"keyPartValue":{"name":"keyPartValue","type":"string"},"ordinal":{"name":"ordinal","type":"integer","format":"int32"}}},"RelatedClassification":{"id":"RelatedClassification","name":"relatedClassification","description":"Other Classification objects related to this instance.  A Classification may be have many different types of relationships to other Classifications.  ","properties":{"relatedClassificationId":{"name":"relatedClassificationId","description":"The Classification that this Classification is related to.","type":"array","items":{"name":"relatedClassificationId","type":"string"}},"relationshipEffectivePeriod":{"name":"relationshipEffectivePeriod","$ref":"EffectivePeriod"},"relationshipCode":{"name":"relationshipCode","description":"Describes the type of relationship between the classifications. ","type":"string"}}},"links":{"id":"links","name":"links","properties":{"self":{"name":"self","description":"Any list of links is assumed to include a self reference.","$ref":"Link"},"relatedProductSpecification":{"name":"relatedProductSpecification","type":"array","items":{"$ref":"Link"}},"resourceFacingSpecification":{"name":"resourceFacingSpecification","type":"array","items":{"$ref":"Link"}}}},"Link":{"id":"Link","name":"self","description":"Any list of links is assumed to include a self reference.","properties":{"rel":{"name":"rel","description":"The relationship that is embodied by the link.","type":"string"},"href":{"name":"href","description":"The HTML reference that provides access to the resource in the link.","type":"string"}}},"VoiceFeature":{"id":"VoiceFeature","name":"includedFeatures","properties":{"name":{"name":"name","description":"The name by which the voice feature is known.","type":"string"},"description":{"name":"description","description":"An explanation of the voice feature.","$ref":"Description"},"perUseFee":{"name":"perUseFee","description":"(TBD) The usage cost a customer incurs when using the feature.\nDo we need to specify different pricing for a feature for different offers??","type":"number","format":"double"}}},"ServiceSpecificationStatus":{"id":"ServiceSpecificationStatus","name":"serviceSpecificationStatus","properties":{"name":{"name":"name","description":"The user-friendly label that defines the state of the object, as the point in time expressed by effectivePeriod.","type":"string"},"description":{"name":"description","description":"An explanation of the status.","type":"array","items":{"$ref":"Description"}},"effectivePeriod":{"name":"effectivePeriod","description":"The time during which the object is/was in this Status.","$ref":"TimePeriod"},"reasonCode":{"name":"reasonCode","type":"string"},"serviceSpecificationStatusCode":{"name":"serviceSpecificationStatusCode","description":"values TBD.","type":"string"},"serviceSpecificationSubStatusCode":{"name":"serviceSpecificationSubStatusCode","type":"string"}}},"ServiceOfferingStatus":{"id":"ServiceOfferingStatus","name":"serviceOfferingStatus","properties":{"name":{"name":"name","description":"The user-friendly label that defines the state of the object, as the point in time expressed by effectivePeriod.","type":"string"},"description":{"name":"description","description":"An explanation of the status.","type":"array","items":{"$ref":"Description"}},"effectivePeriod":{"name":"effectivePeriod","description":"The time during which the object is/was in this Status.","$ref":"TimePeriod"},"reasonCode":{"name":"reasonCode","type":"string"},"serviceOfferingStatusCode":{"name":"serviceOfferingStatusCode","description":"values TBD.","type":"string"},"serviceOfferingStatusSubCode":{"name":"serviceOfferingStatusSubCode","type":"string"}}},"AllowanceBucket":{"id":"AllowanceBucket","name":"allowanceBucket","properties":{"productAllowance":{"name":"productAllowance","type":"array","items":{"$ref":"ProductAllowance"}},"name":{"name":"name","type":"string"}}},"ProductAllowance":{"id":"ProductAllowance","name":"productAllowance","properties":{"allowanceChargeType":{"name":"allowanceChargeType","enum":["DATA","ROAMING_DATA","SMS","ROAMING_SMS","MMS","ROAMING_MMS","TALK","ROAMING_TALK","TALK_TEXT","TALK_TEXT_WEB","TEXT_ALL","HIGH_SPEED_DATA","TALK_TEXTALL","TALK_TEXTALL_WEB"],"type":"string"},"measurementUnit":{"name":"measurementUnit","type":"string"},"minimum":{"name":"minimum","type":"number","format":"double"},"maximum":{"name":"maximum","type":"number","format":"double"},"unlimited":{"name":"unlimited","type":"boolean"}}},"ProductCapability":{"id":"ProductCapability","name":"serviceCapability","properties":{"name":{"name":"name","type":"string"},"code":{"name":"code","type":"string"},"description":{"name":"description","type":"string"},"effectivePeriod":{"name":"effectivePeriod","$ref":"EffectivePeriod"},"capabilityGroup":{"name":"capabilityGroup","type":"array","items":{"$ref":"ProductCapabilityGroup"}},"legacyCapability":{"name":"legacyCapability","type":"boolean"},"serviceProductsOnly":{"name":"serviceProductsOnly","type":"boolean"},"productCapabilityId":{"name":"productCapabilityId","type":"string"}}},"ProductCapabilityGroup":{"id":"ProductCapabilityGroup","name":"capabilityGroup","properties":{"name":{"name":"name","type":"string"},"code":{"name":"code","type":"string"},"description":{"name":"description","type":"string"},"effectivePeriod":{"name":"effectivePeriod","$ref":"EffectivePeriod"},"channelCharacteristics":{"name":"channelCharacteristics","type":"array","items":{"$ref":"ProductCapabilityGroupChannel"}},"productCapabilityGroupId":{"name":"productCapabilityGroupId","type":"string"}}},"ProductCapabilityGroupChannel":{"id":"ProductCapabilityGroupChannel","name":"channelCharacteristics","properties":{"applicableChannel":{"name":"applicableChannel","type":"array","items":{"$ref":"SalesChannelReference"}},"inDefaultList":{"name":"inDefaultList","type":"boolean"},"displaySequence":{"name":"displaySequence","description":"Numeric ranking controls the sequence in which objects are displayed.","type":"string"}}},"SalesChannelReference":{"id":"SalesChannelReference","name":"applicableChannel","properties":{"salesChannelCode":{"name":"salesChannelCode","enum":["WEB","IVR","RETAIL","NATIONALPARTNER","DEALER","CARE","MOBILE","TELESALES"],"description":"A short-hand unique identifier of the channel, for a specific usage.  For example codeKey\u003d\"CDC\" usageContext \u003d \"WEBCATALOG\"","type":"string"},"name":{"name":"name","description":"The label by which the channel is known. This is a user-friendly name, appropriate for display. This should always be populated if possible, as this is the place  \tapplications will look for a name to display to users.","type":"string"},"description":{"name":"description","description":"The primary description of the channel.  Note: only english description is needed here.","$ref":"Description"},"salesChannelId":{"name":"salesChannelId","type":"string"}}},"ServiceProductCategory":{"id":"ServiceProductCategory","name":"serviceCategory","properties":{"name":{"name":"name","type":"string"},"code":{"name":"code","type":"string"},"description":{"name":"description","type":"string"},"effectivePeriod":{"name":"effectivePeriod","$ref":"EffectivePeriod"},"displaySequence":{"name":"displaySequence","description":"Numeric ranking controls the sequence in which objects are displayed.","type":"string"},"isExclusive":{"name":"isExclusive","type":"string"},"serviceProductCategoryId":{"name":"serviceProductCategoryId","type":"string"}}},"ServiceProductGroup":{"id":"ServiceProductGroup","name":"serviceGroup","properties":{"name":{"name":"name","type":"string"},"code":{"name":"code","type":"string"},"description":{"name":"description","type":"string"},"effectivePeriod":{"name":"effectivePeriod","$ref":"EffectivePeriod"},"displaySequence":{"name":"displaySequence","description":"Numeric ranking controls the sequence in which objects are displayed.","type":"string"},"headerImagePath":{"name":"headerImagePath","type":"string"},"channelCharacteristics":{"name":"channelCharacteristics","type":"array","items":{"$ref":"ServiceProductGroupChannel"}},"serviceProductGroupId":{"name":"serviceProductGroupId","type":"string"}}},"ServiceProductGroupChannel":{"id":"ServiceProductGroupChannel","name":"channelCharacteristics","properties":{"applicableChannel":{"name":"applicableChannel","type":"array","items":{"$ref":"SalesChannelReference"}},"displaySequence":{"name":"displaySequence","description":"Numeric ranking controls the sequence in which objects are displayed.","type":"string"}}},"ServiceProductClass":{"id":"ServiceProductClass","name":"serviceClass","properties":{"name":{"name":"name","type":"string"},"code":{"name":"code","type":"string"},"effectivePeriod":{"name":"effectivePeriod","$ref":"EffectivePeriod"},"serviceProductClassId":{"name":"serviceProductClassId","type":"string"}}},"ProductNotification":{"id":"ProductNotification","name":"notification","properties":{"notificationEventType":{"name":"notificationEventType","type":"array","items":{"$ref":"ProductNotificationEventType"}},"notificationTemplate":{"name":"notificationTemplate","type":"array","items":{"$ref":"NotificationTemplate"}},"sequenceNumber":{"name":"sequenceNumber","type":"integer","format":"int32"},"accountNote":{"name":"accountNote","type":"string"},"effectivePeriod":{"name":"effectivePeriod","$ref":"EffectivePeriod"},"id":{"name":"id","type":"string"},"relationshipCode":{"name":"relationshipCode","type":"string"}}},"ProductNotificationEventType":{"id":"ProductNotificationEventType","name":"notificationEventType","properties":{"name":{"name":"name","type":"string"},"description":{"name":"description","$ref":"Description"},"communicationTypeRequired":{"name":"communicationTypeRequired","type":"array","items":{"name":"communicationTypeRequired","enum":["EMAIL","SMS","MAIL","PHONE"],"type":"string"}},"addAccountNote":{"name":"addAccountNote","type":"boolean"},"effectivePeriod":{"name":"effectivePeriod","$ref":"EffectivePeriod"},"id":{"name":"id","type":"string"}}},"NotificationTemplate":{"id":"NotificationTemplate","name":"notificationTemplate","properties":{"name":{"name":"name","description":"The label that describes this template, for easy reference.  A name suitable for display to a user.\n\t\t\t","type":"string"},"description":{"name":"description","description":"An explanation of the template.\n\t\t\t","type":"array","items":{"$ref":"Description"}},"effectivePeriod":{"name":"effectivePeriod","description":" The time frame where the notification is in effect.","$ref":"EffectivePeriod"},"category":{"name":"category","description":"FOR FUTURE USE.  The type of notification template.  ","type":"string"},"applicableCommunicationPreference":{"name":"applicableCommunicationPreference","description":"Communication preference that governs this type of customer interaction.  For example, an application would check a customer\u0027s email preferences before sending an email notification.","type":"array","items":{"name":"applicableCommunicationPreference","enum":["EMAIL","SMS","MAIL","PHONE"],"type":"string"}},"messageTemplate":{"name":"messageTemplate","description":"A model that is used to create a customized  message for use between parties.  This is a message that is generic; the consuming application will use the MessageTemplate to create a customer-specific notification message.","type":"array","items":{"$ref":"MessageTemplate"}},"id":{"name":"id","type":"string"}}},"MessageTemplate":{"id":"MessageTemplate","name":"messageTemplate","description":"A model that is used to create a customized  message for use between parties.  This is a message that is generic; the consuming application will use the MessageTemplate to create a customer-specific notification message.","properties":{"communicationType":{"name":"communicationType","description":"The method by which messages made from this template are delivered.","type":"string"},"message":{"name":"message","description":"The details of the text that is included in this message.","type":"array","items":{"$ref":"Message"}},"messageTemplateTag":{"name":"messageTemplateTag","description":"The message\u0027s parameters that are substiituted into the template tags.  For example MSISDN or ACCOUNT_BALANCE.","type":"array","items":{"$ref":"MessageTemplateTag"}},"blockedMessageTemplateTag":{"name":"blockedMessageTemplateTag","description":"When a customer receives a notification, a memo is recorded on the customer\u0027s account.  These are the message\u0027s parameters that are to be excluded from the recorded memo.  For example SSN or MSISDN.","type":"array","items":{"$ref":"MessageTemplateTag"}},"effectivePeriod":{"name":"effectivePeriod","description":" The time frame where the message tag is in effect.","$ref":"EffectivePeriod"},"id":{"name":"id","description":"Unique identifier assigned by the system of record.\n\t\t\t\t","type":"string"}}},"Message":{"id":"Message","name":"message","description":"The details of the text that is included in this message.","properties":{"messageString":{"name":"messageString","description":"The template that describes the text of the message. \t","type":"string"},"messageSubject":{"name":"messageSubject","description":"The subject that accompanies the message\t","type":"string"},"effectivePeriod":{"name":"effectivePeriod","description":" The time frame where the message is in effect.","$ref":"EffectivePeriod"},"id":{"name":"id","description":"Unique identifier assigned by the system of record.\n\t\t\t\t","type":"string"},"language":{"name":"language","maxLength":2,"minLength":2,"description":"Identifier for the language used in the description.  Value is the ISO 639-1 Code, a two letter code defined at http://ftp.ics.uci.edu/pub/ietf/http/related/iso639.txt","type":"string","pattern":"[a-z][a-z]"}}},"MessageTemplateTag":{"id":"MessageTemplateTag","name":"messageTemplateTag","description":"The message\u0027s parameters that are substiituted into the template tags.  For example MSISDN or ACCOUNT_BALANCE.","properties":{"messageTag":{"name":"messageTag","description":"A MessageTag used by the template.  The Message Tag is substituted into the message.  See the message element.","$ref":"MessageTag"},"tagSequenceNumber":{"name":"tagSequenceNumber","description":"The order in which this tag is substituted into the message.  See the message element.","type":"integer","format":"int32"},"effectivePeriod":{"name":"effectivePeriod","description":" The time frame where the message tag is in effect.","$ref":"EffectivePeriod"},"id":{"name":"id","description":"Unique identifier assigned by the system of record.\n\t\t\t\t","type":"string"}}},"MessageTag":{"id":"MessageTag","name":"messageTag","description":"A MessageTag used by the template.  The Message Tag is substituted into the message.  See the message element.","properties":{"name":{"name":"name","description":"The label by which the tag is known. This is a user-friendly name, appropriate for display. ","type":"string"},"description":{"name":"description","description":"An explanation of the purpose of the message tag.","$ref":"Description"},"effectivePeriod":{"name":"effectivePeriod","description":" The time frame where the message tag is in effect.","$ref":"EffectivePeriod"},"id":{"name":"id","description":"Unique identifier assigned by the system of record.\n\t\t\t\t","type":"string"}}},"manageProductOfferingDispositionRequest":{"required":["productOfferingId","offeringStatus"],"id":"manageProductOfferingDispositionRequest","name":"manageProductOfferingDispositionRequest","properties":{"productOfferingId":{"name":"productOfferingId","type":"string"},"offeringStatus":{"name":"offeringStatus","type":"string"}}},"manageProductOfferingDispositionResponse":{"id":"manageProductOfferingDispositionResponse","name":"manageProductOfferingDispositionResponse"}}}