{
	"apiVersion" : "1",
	"swaggerVersion" : "1.2",
	"basePath" : "api/payment",
	"resourcePath" : "api/payment",
	"apis" : [{
			"path" : "/schedulepayment",
			"description" : "Payment Schedule allows a customer to schedule a single one-time payment in future. The customer is allowed to edit the scheduled payment.",
			"operations" : [{
					"method" : "POST",
					"nickname" : "createScheduledPayment",
					"summary" : "createScheduledPayment",
					"notes" : "Allows \u003cspan style\u003d\"font-size:11.0pt;font-family:\u0026quot;Calibri\u0026quot;,sans-serif;\u003cbr /\u003emso-fareast-font-family:\u0026quot;Times New Roman\u0026quot;;mso-bidi-font-family:\u0026quot;Times New Roman\u0026quot;;\u003cbr /\u003emso-ansi-language:EN-US;mso-fareast-language:EN-US;mso-bidi-language:AR-SA\" id\u003d\"yui_3_6_0_3_1424998635842_23533\"\u003ecreation of a scheduled payment for a specific financial account number.\u003c/span\u003e",
					"parameters" : [{
							"paramType" : "body",
							"required" : true,
							"allowMultiple" : false,
							"name" : "schedulePayment",
							"type" : "schedulePayment"
						}
					],
					"type" : "ResponseStatus",
					"form" : false,
					"produces" : ["application/json", "application/xml"],
					"consumes" : ["application/json", "application/xml"]
				}
			]
		}, {
			"path" : "/schedulepayment",
			"description" : "Payment Schedule allows a customer to schedule a single one-time payment in future. The customer is allowed to edit the scheduled payment.",
			"operations" : [{
					"method" : "GET",
					"nickname" : "getScheduledPaymentDetails",
					"summary" : "getScheduledPaymentDetails",
					"notes" : "Retrieves the previously scheduled payment.",
					"parameters" : [{
							"paramType" : "query",
							"required" : true,
							"allowMultiple" : false,
							"name" : "financialAccountNumber",
							"type" : "token"
						}, {
							"paramType" : "query",
							"required" : false,
							"allowMultiple" : false,
							"name" : "MSISDN",
							"type" : "MSISDN"
						}
					],
					"type" : "schedulePayment",
					"form" : false,
					"produces" : ["application/json", "application/xml"],
					"consumes" : ["application/json", "application/xml"]
				}
			]
		}, {
			"path" : "/schedulepayment",
			"description" : "Payment Schedule allows a customer to schedule a single one-time payment in future. The customer is allowed to edit the scheduled payment.",
			"operations" : [{
					"method" : "DELETE",
					"nickname" : "deleteScheduledPayment",
					"summary" : "deleteScheduledPayment",
					"notes" : "allows for deletion of the scheduled one-time payment.",
					"parameters" : [{
							"paramType" : "query",
							"required" : true,
							"allowMultiple" : false,
							"name" : "financialAccountNumber",
							"type" : "token"
						}
					],
					"type" : "ResponseStatus",
					"form" : false,
					"produces" : ["application/json", "application/xml"],
					"consumes" : ["application/json", "application/xml"]
				}
			]
		}
	],
	"models" : {
		"schedulePayment" : {
			"required" : ["financialAccountNumber", "MSISDN", "paymentTransaction", "creditCard", "debitCard", "bankAccountPayment", "tokenization", "termsAndConditionsAgreementIndicator", "agreementTime", "paymentCardAlias", "accountName", "password", "storeCard", "clientId", "paymentTypeCode", "cardNumberType"],
			"id" : "schedulePayment",
			"name" : "schedulePayment",
			"type" : "object",
			"properties" : {
				"financialAccountNumber" : {
					"name" : "financialAccountNumber",
					"type" : "string"
				},
				"MSISDN" : {
					"name" : "MSISDN",
					"type" : "string"
				},
				"paymentTransaction" : {
					"name" : "paymentTransaction",
					"$ref" : "PaymentTransaction"
				},
				"creditCard" : {
					"name" : "creditCard",
					"$ref" : "CreditCard"
				},
				"debitCard" : {
					"name" : "debitCard",
					"$ref" : "DebitCard"
				},
				"bankAccountPayment" : {
					"name" : "bankAccountPayment",
					"$ref" : "FinancialInstrument"
				},
				"tokenization" : {
					"name" : "tokenization",
					"$ref" : "Tokenization"
				},
				"termsAndConditionsAgreementIndicator" : {
					"name" : "termsAndConditionsAgreementIndicator",
					"$ref" : "Indicator"
				},
				"agreementTime" : {
					"name" : "agreementTime",
					"type" : "string"
				},
				"paymentCardAlias" : {
					"name" : "paymentCardAlias",
					"type" : "string"
				},
				"accountName" : {
					"name" : "accountName",
					"type" : "string"
				},
				"password" : {
					"name" : "password",
					"type" : "string"
				},
				"storeCard" : {
					"name" : "storeCard",
					"type" : "string"
				},
				"clientId" : {
					"name" : "clientId",
					"type" : "string"
				},
				"paymentTypeCode" : {
					"name" : "paymentTypeCode",
					"type" : "string"
				},
				"cardNumberType" : {
					"name" : "cardNumberType",
					"type" : "string"
				}
			}
		},
		"PaymentTransaction" : {
			"id" : "PaymentTransaction",
			"name" : "paymentTransaction",
			"type" : "object",
			"properties" : {
				"paymentMethodCode" : {
					"name" : "paymentMethodCode",
					"enum" : ["Cash", "Credit", "Debit", "Check", "eCheck", "EBT", "Prepaid", "DelayPay", "PLDebit"],
					"description" : "This field represents the payment method of the transaction.",
					"type" : "string"
				},
				"transactionType" : {
					"name" : "transactionType",
					"enum" : ["Activation", "Authorization", "BalanceInquiry", "BalanceLock", "Cashout", "CashoutActiveStatus", "Completion", "FileDownload", "HostTotals", "Load", "Redemption", "RedemptionUnlock", "Refund", "Reload", "Sale", "TAKeyRequest", "TATokenRequest", "Verification"],
					"description" : "This field represents the type of transaction being performed.",
					"type" : "string"
				},
				"localTime" : {
					"name" : "localTime",
					"description" : "This field represents the local date and time in which the transaction was performed.",
					"type" : "string",
					"format" : "date-time"
				},
				"transmissionTime" : {
					"name" : "transmissionTime",
					"description" : "This field represents the transmission date and time of the transaction (in GMT/UTC).",
					"type" : "string",
					"format" : "date-time"
				},
				"systemTraceAuditNumber" : {
					"name" : "systemTraceAuditNumber",
					"maxLength" : 6,
					"minLength" : 6,
					"description" : "The System Trace Audit Number (STAN) is assigned by the merchant to uniquely reference the transaction. This number must be unique within a day per Merchant ID and Terminal ID.",
					"type" : "string",
					"pattern" : "[0-9]{6}"
				},
				"merchantId" : {
					"name" : "merchantId",
					"description" : "A unique ID used to identify the Merchant. The merchant must use the value assigned by payment gateway vendor. Each store is considered a separate merchant.",
					"type" : "string"
				},
				"accountNumberEntryMode" : {
					"name" : "accountNumberEntryMode",
					"enum" : ["Unspecified", "Manual", "Barcode", "OCR", "ICR", "CICR", "ManualChip", "MagneticChip", "CMC", "MagneticTrack", "ContactlessMagnetic", "ICRUnreliable"],
					"description" : "An code used to indicate how the account number was entered on the transaction at Point of Sale (POS).",
					"type" : "string"
				},
				"posConditionCode" : {
					"name" : "posConditionCode",
					"enum" : ["CardPresent", "UnattendedDevice", "SuspectFraud", "Recurring", "CardNotPresent", "IdentityVerified", "MOTO", "Ecommerce", "CouldNotRead"],
					"description" : "An identifier used to indicate the transaction condition at the Point-of-Sale (POS).",
					"type" : "string"
				},
				"terminalType" : {
					"name" : "terminalType",
					"enum" : ["Unspecified", "POS", "AFD", "Unattended", "Mobile", "NCR", "Ticket", "CSR"],
					"description" : "An identifier used to describe the type of terminal being used for the transaction.",
					"type" : "string"
				},
				"terminalEntryCapability" : {
					"name" : "terminalEntryCapability",
					"enum" : ["Unspecified", "None", "Magnetic", "MageneticKey", "MagneticKeyChip", "Barcode", "ProximityChip", "OCR", "Chip", "MagneticChip", "Manual", "ProximityMagnetic"],
					"description" : "An identifier used to indicate the entry mode capability of the terminal.",
					"type" : "string"
				},
				"transactionAmount" : {
					"name" : "transactionAmount",
					"description" : "This field represents the total amount of the transaction inclusive of all additional amounts. It is submitted in the currency represented by the currencyCode attribute. The transaction amount returned in the response will be different than the amount submitted in the request for an approved partial authorization.",
					"$ref" : "Amount"
				},
				"settlementIndicator" : {
					"name" : "settlementIndicator",
					"description" : "This field indicates a type of settlement other than Host Capture. This field is not applicable for Host Capture merchants. If this field is sent with a value of 1, then response messages will contain several fields that are normally not returned for host capture merchants, but are needed to build a PTS settlement file. These fields include the Merchant Category Code in COMMON Group for Debit, PINLess Debit, EBT, and Credit transactions. If the transaction is a MasterCard transaction, MasterCard POS Data in the MASTERCARD Group will also be returned.\nNote: Non host capture merchants are required to send the Settlement Indicator on all transactions, including transactions for which there will be no subsequent settlement, e.g. a Prepaid Closed Loop Load.",
					"$ref" : "Indicator"
				},
				"orderDate" : {
					"name" : "orderDate",
					"type" : "string"
				},
				"customerPresentIndicator" : {
					"name" : "customerPresentIndicator",
					"$ref" : "Indicator"
				},
				"trackData" : {
					"name" : "trackData",
					"description" : "This section contains the unaltered track data from the magnetic stripe of the card.",
					"$ref" : "TrackData"
				}
			}
		},
		"Amount" : {
			"id" : "Amount",
			"name" : "transactionAmount",
			"description" : "This field represents the total amount of the transaction inclusive of all additional amounts. It is submitted in the currency represented by the currencyCode attribute. The transaction amount returned in the response will be different than the amount submitted in the request for an approved partial authorization.",
			"type" : "object",
			"properties" : {
				"currencyCode" : {
					"name" : "currencyCode",
					"maxLength" : 3,
					"minLength" : 3,
					"type" : "string",
					"pattern" : "[A-Z][A-Z][A-Z]"
				}
			}
		},
		"Indicator" : {
			"id" : "Indicator",
			"name" : "settlementIndicator",
			"description" : "This field indicates a type of settlement other than Host Capture. This field is not applicable for Host Capture merchants. If this field is sent with a value of 1, then response messages will contain several fields that are normally not returned for host capture merchants, but are needed to build a PTS settlement file. These fields include the Merchant Category Code in COMMON Group for Debit, PINLess Debit, EBT, and Credit transactions. If the transaction is a MasterCard transaction, MasterCard POS Data in the MASTERCARD Group will also be returned.\nNote: Non host capture merchants are required to send the Settlement Indicator on all transactions, including transactions for which there will be no subsequent settlement, e.g. a Prepaid Closed Loop Load.",
			"type" : "object",
			"properties" : {
				"name" : {
					"name" : "name",
					"description" : "An Indicator is a property of an object that can be assigned a value.",
					"type" : "string"
				}
			}
		},
		"TrackData" : {
			"id" : "TrackData",
			"name" : "trackData",
			"description" : "This section contains the unaltered track data from the magnetic stripe of the card.",
			"type" : "object",
			"properties" : {
				"track1Data" : {
					"name" : "track1Data",
					"maxLength" : 76,
					"minLength" : 76,
					"description" : "This field contains the unaltered track 1 data from the magnetic stripe of the card.",
					"type" : "string"
				},
				"track2Data" : {
					"name" : "track2Data",
					"maxLength" : 37,
					"minLength" : 37,
					"description" : "This field contains the unaltered track 2 data from the magnetic stripe of the card.",
					"type" : "string"
				}
			}
		},
		"CreditCard" : {
			"id" : "CreditCard",
			"name" : "creditCard",
			"type" : "object",
			"properties" : {
				"typeCode" : {
					"name" : "typeCode",
					"enum" : ["MASTERCARD", "VISA", "AMERICANEXPRESS", "DISCOVER"],
					"description" : "Type of Credit Card. Examples are Visa, MasterCard etc",
					"type" : "string"
				},
				"cardHolderName" : {
					"name" : "cardHolderName",
					"description" : "Name of the Card Holder",
					"type" : "string"
				},
				"expirationDate" : {
					"name" : "expirationDate",
					"description" : "Expiration Date of the card",
					"type" : "string",
					"format" : "date-time"
				},
				"cardHolderAddress" : {
					"name" : "cardHolderAddress",
					"$ref" : "Address"
				},
				"cardHolderBillingAddress" : {
					"name" : "cardHolderBillingAddress",
					"$ref" : "Address"
				},
				"securityCode" : {
					"name" : "securityCode",
					"description" : "Security Code on the card",
					"type" : "string"
				}
			}
		},
		"Address" : {
			"required" : ["postalCode"],
			"id" : "Address",
			"name" : "cardHolderAddress",
			"type" : "object",
			"properties" : {
				"addressFormatType" : {
					"name" : "addressFormatType",
					"enum" : ["STREET", "POBOX", "MILITARY", "FOREIGN", "HIGHWAY", "RURALROUTE"],
					"description" : "A code specifying the format of this address(STREET_ADDRESS, POBOX_ADDRESS,MILITARY_ADDRESS,FOREIGN_ADDRESS,HWY_ADDRESS,RURALROUTE_ADDRESS)",
					"type" : "string"
				},
				"addressLine1" : {
					"name" : "addressLine1",
					"description" : "The first free form line, expressed as text, of an address",
					"type" : "string"
				},
				"addressLine2" : {
					"name" : "addressLine2",
					"description" : "The first second form line, expressed as text, of an address",
					"type" : "string"
				},
				"addressLine3" : {
					"name" : "addressLine3",
					"description" : "The third free form line, expressed as text, of an address",
					"type" : "string"
				},
				"addressLine4" : {
					"name" : "addressLine4",
					"description" : "The fourth free form line, expressed as text, of an address",
					"type" : "string"
				},
				"cityName" : {
					"name" : "cityName",
					"description" : "The name, expressed as text, of the city, town or village of this address",
					"type" : "string"
				},
				"stateName" : {
					"name" : "stateName",
					"description" : "Name of the state in which  the city falls, where applicable",
					"type" : "string"
				},
				"stateCode" : {
					"name" : "stateCode",
					"description" : "Code of the state in which  the city falls, where applicable(WA, TX, GA)",
					"type" : "string"
				},
				"provinceName" : {
					"name" : "provinceName",
					"description" : "Name of the province where the address is located, if applicable",
					"type" : "string"
				},
				"provinceCode" : {
					"name" : "provinceCode",
					"description" : "Code of the province where the address is located, if applicable(OX,PQ)",
					"type" : "string"
				},
				"countyName" : {
					"name" : "countyName",
					"description" : "County Name, if applicable",
					"type" : "string"
				},
				"countryCode" : {
					"name" : "countryCode",
					"maxLength" : 3,
					"minLength" : 3,
					"description" : "The unique identifier of a country for this address (Reference ISO 3166 and UN/ECE Rec 3)",
					"type" : "string",
					"pattern" : "[A-Z][A-Z][A-Z]"
				},
				"countryName" : {
					"name" : "countryName",
					"description" : "The name of a country for this address (Reference ISO 3166 and UN/ECE Rec 3)",
					"type" : "string"
				},
				"attentionOf" : {
					"name" : "attentionOf",
					"description" : "The name, expressed as text, of a person or department in the organization to whom incoming mail is marked with words such as \u0027for the attention of\u0027 or \u0027FAO\u0027 or \u0027ATTN\u0027 for this address",
					"type" : "string"
				},
				"careOf" : {
					"name" : "careOf",
					"description" : "The name, expressed as text, of a person or organization at this address to whom incoming mail is marked with words such as \u0027care of\u0027 or \u0027C/O\u0027",
					"type" : "string"
				},
				"postalCode" : {
					"name" : "postalCode",
					"maxLength" : 9,
					"minLength" : 5,
					"description" : "A code specifying the postal code of the address",
					"type" : "string"
				},
				"postalCodeExtension" : {
					"name" : "postalCodeExtension",
					"description" : "An extension to the postalcode of the address, e.g., in 94070-3541, the extension is 3541.",
					"type" : "string"
				},
				"geoCodeID" : {
					"name" : "geoCodeID",
					"description" : "A unique code that represents a geospatial coordinate measurement of an exact geographic location and time at, below, or above the surface of the earth",
					"type" : "string"
				},
				"uncertaintyIndicator" : {
					"name" : "uncertaintyIndicator",
					"description" : "Uncertainty code for geoCode: \u0027FULL\u0027-Full Address, \u0027ZIP\u0027-Rural Zip+4, \u0027E\u0027-Rural Zip+2, \u0027RURAL\u0027-Rural Zip, \u0027D\u0027-Street Zip+4, \u0027L\u0027-Street Zip+2, \u0027STREET\u0027-Street zip",
					"type" : "string"
				},
				"inCityLimitIndicator" : {
					"name" : "inCityLimitIndicator",
					"description" : "Indicates whether or not this address is within the taxing boundary of the jurisdiction that\u0027s provided in the address.",
					"type" : "boolean"
				},
				"geographicCoordinates" : {
					"name" : "geographicCoordinates",
					"$ref" : "geographicCoordinates"
				},
				"countyCode" : {
					"name" : "countyCode",
					"description" : "A numeric code identifying the county from the Federal Information Processing Standard (FIPS).",
					"type" : "string"
				}
			}
		},
		"geographicCoordinates" : {
			"id" : "geographicCoordinates",
			"name" : "geographicCoordinates",
			"type" : "object",
			"properties" : {
				"latitude" : {
					"name" : "latitude",
					"type" : "string"
				},
				"longitude" : {
					"name" : "longitude",
					"type" : "string"
				}
			}
		},
		"DebitCard" : {
			"id" : "DebitCard",
			"name" : "debitCard",
			"type" : "object",
			"properties" : {
				"typeCode" : {
					"name" : "typeCode",
					"enum" : ["MASTERCARD", "VISA", "AMERICANEXPRESS", "DISCOVER"],
					"description" : "Type of Credit Card. Examples are Visa, MasterCard etc",
					"type" : "string"
				},
				"cardHolderName" : {
					"name" : "cardHolderName",
					"description" : "Name of the Card Holder",
					"type" : "string"
				},
				"expirationDate" : {
					"name" : "expirationDate",
					"description" : "Expiration Date of the card",
					"type" : "string",
					"format" : "date-time"
				},
				"cardHolderAddress" : {
					"name" : "cardHolderAddress",
					"$ref" : "Address"
				},
				"PIN" : {
					"name" : "PIN",
					"description" : "PIN Code of the card",
					"type" : "string"
				}
			}
		},
		"FinancialInstrument" : {
			"id" : "FinancialInstrument",
			"name" : "bankAccountPayment",
			"type" : "object",
			"properties" : {
				"typeCode" : {
					"name" : "typeCode",
					"description" : "Code Type",
					"type" : "string"
				},
				"accountHolderName" : {
					"name" : "accountHolderName",
					"description" : "Account Holder\u0027s name on the payment instrument",
					"type" : "array",
					"items" : {
						"name" : "accountHolderName",
						"type" : "string"
					}
				},
				"bankName" : {
					"name" : "bankName",
					"description" : "Bank on wnich the payment instrument is drawn",
					"type" : "string"
				},
				"accountNumber" : {
					"name" : "accountNumber",
					"description" : "Number of payment  instrument",
					"type" : "string"
				},
				"routingNumber" : {
					"name" : "routingNumber",
					"description" : "Routing Number of the bank on whom the payment instrument is drawn",
					"type" : "string"
				},
				"accountHolderAddress" : {
					"name" : "accountHolderAddress",
					"$ref" : "Address"
				}
			}
		},
		"Tokenization" : {
			"id" : "Tokenization",
			"name" : "tokenization",
			"type" : "object",
			"properties" : {
				"securityLevel" : {
					"name" : "securityLevel",
					"enum" : ["Tknizatn", "EncrptTknizatn"],
					"description" : "This field indicates the security level used on a TransArmor transaction.",
					"type" : "string"
				},
				"tokenType" : {
					"name" : "tokenType",
					"description" : "This field indicates the Multi-pay token type identifier used in a transaction.",
					"type" : "string"
				},
				"token" : {
					"name" : "token",
					"description" : "This field contains the Multi-pay token which can be used to replace the PAN. The Multi-pay token is the same length as the card number and contains the same last four digits. Multi-pay tokens can be used to initiate subsequent transactions that would normally be submitted using a PAN (e.g. recurring transactions).",
					"type" : "string"
				},
				"encryptionType" : {
					"name" : "encryptionType",
					"enum" : ["RSA", "Verifone"],
					"description" : "This field indicates the type of encryption used when passing encrypted card data.",
					"type" : "string"
				},
				"securityKey" : {
					"name" : "securityKey",
					"description" : "This field applies to RSA only and specifies the public key used by the POS.",
					"type" : "string"
				}
			}
		},
		"ResponseStatus" : {
			"id" : "ResponseStatus",
			"name" : "ResponseStatus",
			"type" : "object",
			"properties" : {
				"detail" : {
					"name" : "detail",
					"description" : "\n\t\t\t\t\t\tStatus details that describe one or more contributions to the overall response code.\n\t\t\t\t\t",
					"type" : "array",
					"items" : {
						"$ref" : "detail"
					}
				},
				"code" : {
					"name" : "code",
					"enum" : ["100", "101", "102", "103", "104"],
					"type" : "integer",
					"format" : "int32"
				}
			}
		},
		"detail" : {
			"id" : "detail",
			"name" : "detail",
			"description" : "\n\t\t\t\t\t\tStatus details that describe one or more contributions to the overall response code.\n\t\t\t\t\t",
			"type" : "object",
			"properties" : {
				"definition" : {
					"name" : "definition",
					"description" : "\n\t\t\t\t\t\tThe generic definition of subStatusCode.\n                    ",
					"type" : "string"
				},
				"explanation" : {
					"name" : "explanation",
					"description" : "\n\t\t\t\t\t\tSpecific information about the data or circumstances that explains why this status detail is part of the response.\n\t\t\t\t\t\tIt should provide the details aid in troubleshooting and taking further action.\n\t\t\t\t\t",
					"type" : "string"
				},
				"subStatusCode" : {
					"name" : "subStatusCode",
					"description" : "\n\t\t\t\t\tA numeric value that defines the status detail, like an error code.\n\t\t\t\t\tThis code allows client systems to programmatically handle the status detail, if desired.\n\t\t        ",
					"type" : "string"
				}
			}
		},
		"MSISDN" : {
			"id" : "MSISDN",
			"name" : "MSISDN",
			"maxLength" : 15,
			"minLength" : 10,
			"type" : "object",
			"pattern" : "[0-9]{10,15}"
		}
	}
}
