{
	"apiVersion": "1",
	"swaggerVersion": "1.2",
	"basePath": "/api/payment",
	"resourcePath": "/api/payment",
	"apis": [
		{
			"path": "/easypay",
			"description": "Allows a line of service to create, update, get \u0026amp; delete an easyPay(PayChannel) setup based on the financialAccountNumber. This is a recurring form of payment. It captures the payment information i.e. either one of Credit Card, Debit Card \u0026amp; Electronic Funds Transfer can be used for easyPay setup.",
			"operations": [
				{
					"method": "POST",
					"nickname": "createEasyPay",
					"summary": "createEasyPay",
					"parameters": [
						{
							"paramType": "body",
							"required": true,
							"allowMultiple": false,
							"name": "easyPay",
							"type": "easyPay"
						}
					],
					"type": "ResponseStatus",
					"form": false,
					"produces": [
						"application/json", "application/xml"
					],
					"consumes": [
						"application/json", "application/xml"
					]
				}
			]
		}, {
			"path": "/easypay/{financialAccountNumber}",
			"description": "Allows a line of service to create, update, get \u0026amp; delete an easyPay(PayChannel) setup based on the financialAccountNumber. This is a recurring form of payment. It captures the payment information i.e. either one of Credit Card, Debit Card \u0026amp; Electronic Funds Transfer can be used for easyPay setup.",
			"operations": [
				{
					"method": "PUT",
					"nickname": "updateEasyPay",
					"summary": "updateEasyPay",
					"parameters": [
						{
							"paramType": "path",
							"required": true,
							"allowMultiple": false,
							"name": "financialAccountNumber",
							"type": "financialAccountNumber"
						}, {
							"paramType": "body",
							"required": true,
							"allowMultiple": false,
							"name": "easyPay",
							"type": "easyPay"
						}
					],
					"type": "ResponseStatus",
					"form": false,
					"produces": [
						"application/json", "application/xml"
					],
					"consumes": [
						"application/json", "application/xml"
					]
				}
			]
		}, {
			"path": "/easypay/{financialAccountNumber}",
			"description": "Allows a line of service to create, update, get \u0026amp; delete an easyPay(PayChannel) setup based on the financialAccountNumber. This is a recurring form of payment. It captures the payment information i.e. either one of Credit Card, Debit Card \u0026amp; Electronic Funds Transfer can be used for easyPay setup.",
			"operations": [
				{
					"method": "DELETE",
					"nickname": "deleteEasyPay",
					"summary": "deleteEasyPay",
					"notes": "Deletes EasyPay account by Financial Account ID.",
					"parameters": [
						{
							"paramType": "path",
							"required": true,
							"allowMultiple": false,
							"name": "financialAccountNumber",
							"type": "financialAccountNumber"
						}
					],
					"type": "integer",
					"form": false,
					"produces": [
						"application/json", "application/xml"
					],
					"consumes": [
						"application/json", "application/xml"
					]
				}
			]
		}, {
			"path": "/easypay/{financialAccountNumber}",
			"description": "Allows a line of service to create, update, get \u0026amp; delete an easyPay(PayChannel) setup based on the financialAccountNumber. This is a recurring form of payment. It captures the payment information i.e. either one of Credit Card, Debit Card \u0026amp; Electronic Funds Transfer can be used for easyPay setup.",
			"operations": [
				{
					"method": "GET",
					"nickname": "getEasyPay",
					"summary": "getEasyPay",
					"parameters": [
						{
							"paramType": "path",
							"required": true,
							"allowMultiple": false,
							"name": "financialAccountNumber",
							"type": "financialAccountNumber"
						}
					],
					"type": "easyPay",
					"form": false,
					"produces": [
						"application/json", "application/xml"
					],
					"consumes": [
						"application/json", "application/xml"
					]
				}
			]
		}
	],
	"models": {
		"easyPay": {
			"required": [
				"financialAccountNumber", "paymentMethodCode", "paymentInstrument", "termsAndConditionsDisposition"
			],
			"id": "easyPay",
			"name": "easyPay",
			"type": "object",
			"properties": {
				"financialAccountNumber": {
					"name": "financialAccountNumber",
					"description": "Customer Billing Account Number",
					"type": "string"
				},
				"paymentMethodCode": {
					"name": "paymentMethodCode",
					"type": "string"
				},
				"paymentInstrument": {
					"name": "paymentInstrument",
					"$ref": "paymentInstrument"
				},
				"termsAndConditionsDisposition": {
					"name": "termsAndConditionsDisposition",
					"$ref": "TermsAndConditionsDisposition"
				}
			}
		},
		"paymentInstrument": {
			"required": [
				"electronicFundsTransfer", "creditCard", "debitCard"
			],
			"id": "paymentInstrument",
			"name": "paymentInstrument",
			"type": "object",
			"properties": {
				"electronicFundsTransfer": {
					"name": "electronicFundsTransfer",
					"$ref": "ElectronicFundsTransfer"
				},
				"creditCard": {
					"name": "creditCard",
					"$ref": "CreditCard"
				},
				"debitCard": {
					"name": "debitCard",
					"$ref": "DebitCard"
				}
			}
		},
		"ElectronicFundsTransfer": {
			"id": "ElectronicFundsTransfer",
			"name": "electronicFundsTransfer",
			"type": "object",
			"properties": {
				"typeCode": {
					"name": "typeCode",
					"description": "Code Type",
					"type": "string"
				},
				"accountHolderName": {
					"name": "accountHolderName",
					"description": "Account Holder\u0027s name on the payment instrument",
					"type": "array",
					"items": {
						"name": "accountHolderName",
						"type": "string"
					}
				},
				"bankName": {
					"name": "bankName",
					"description": "Bank on wnich the payment instrument is drawn",
					"type": "string"
				},
				"accountNumber": {
					"name": "accountNumber",
					"description": "Number of payment  instrument",
					"type": "string"
				},
				"routingNumber": {
					"name": "routingNumber",
					"description": "Routing Number of the bank on whom the payment instrument is drawn",
					"type": "string"
				}
			}
		},
		"CreditCard": {
			"id": "CreditCard",
			"name": "creditCard",
			"type": "object",
			"properties": {
				"typeCode": {
					"name": "typeCode",
					"enum": [
						"MASTERCARD", "VISA", "AMERICANEXPRESS", "DISCOVER"
					],
					"description": "Type of Credit Card. Examples are Visa, MasterCard etc",
					"type": "string"
				},
				"cardNumber": {
					"name": "cardNumber",
					"description": "Payment card number",
					"$ref": "cardNumber"
				},
				"cardHolderName": {
					"name": "cardHolderName",
					"description": "Name of the Card Holder",
					"type": "string"
				},
				"expirationDate": {
					"name": "expirationDate",
					"description": "Expiration Date of the card",
					"type": "string",
					"format": "date-time"
				},
				"cardHolderBillingAddress": {
					"name": "cardHolderBillingAddress",
					"$ref": "Address"
				},
				"securityCode": {
					"name": "securityCode",
					"description": "Security Code on the card",
					"type": "string"
				}
			}
		},
		"cardNumber": {
			"id": "cardNumber",
			"name": "cardNumber",
			"description": "Payment card number",
			"type": "object",
			"properties": {
				"maskingType": {
					"name": "maskingType",
					"enum": [
						"Last4", "Last6", "First5", "None", "NA"
					],
					"type": "string"
				}
			}
		},
		"Address": {
			"required": [
				"postalCode"
			],
			"id": "Address",
			"name": "cardHolderBillingAddress",
			"type": "object",
			"properties": {
				"postalCode": {
					"name": "postalCode",
					"maxLength": 9,
					"minLength": 5,
					"description": "A code specifying the postal code of the address",
					"type": "string"
				}
			}
		},
		"DebitCard": {
			"id": "DebitCard",
			"name": "debitCard",
			"type": "object",
			"properties": {
				"typeCode": {
					"name": "typeCode",
					"enum": [
						"MASTERCARD", "VISA", "AMERICANEXPRESS", "DISCOVER"
					],
					"description": "Type of Credit Card. Examples are Visa, MasterCard etc",
					"type": "string"
				},
				"cardNumber": {
					"name": "cardNumber",
					"description": "Payment card number",
					"$ref": "cardNumber"
				},
				"cardHolderName": {
					"name": "cardHolderName",
					"description": "Name of the Card Holder",
					"type": "string"
				},
				"expirationDate": {
					"name": "expirationDate",
					"description": "Expiration Date of the card",
					"type": "string",
					"format": "date-time"
				},
				"PIN": {
					"name": "PIN",
					"description": "PIN Code of the card",
					"type": "string"
				}
			}
		},
		"TermsAndConditionsDisposition": {
			"id": "TermsAndConditionsDisposition",
			"name": "termsAndConditionsDisposition",
			"type": "object",
			"properties": {
				"acceptanceIndicator": {
					"name": "acceptanceIndicator",
					"description": "Indicates whether the terms and conditions were accepted.",
					"$ref": "Indicator"
				},
				"acceptanceTime": {
					"name": "acceptanceTime",
					"description": "Date and time that the terms and conditions were accepted.",
					"type": "string",
					"format": "date-time"
				}
			}
		},
		"Indicator": {
			"id": "Indicator",
			"name": "acceptanceIndicator",
			"description": "Indicates whether the terms and conditions were accepted.",
			"type": "object",
			"properties": {
				"name": {
					"name": "name",
					"description": "An Indicator is a property of an object that can be assigned a value.",
					"type": "string"
				}
			}
		},
		"ResponseStatus": {
			"id": "ResponseStatus",
			"name": "ResponseStatus",
			"type": "object",
			"properties": {
				"detail": {
					"name": "detail",
					"description": "\n\t\t\t\t\t\tStatus details that describe one or more contributions to the overall response code.\n\t\t\t\t\t",
					"type": "array",
					"items": {
						"$ref": "detail"
					}
				},
				"code": {
					"name": "code",
					"enum": [
						"100", "101", "102", "103", "104"
					],
					"type": "integer",
					"format": "int32"
				}
			}
		},
		"detail": {
			"id": "detail",
			"name": "detail",
			"description": "\n\t\t\t\t\t\tStatus details that describe one or more contributions to the overall response code.\n\t\t\t\t\t",
			"type": "object",
			"properties": {
				"definition": {
					"name": "definition",
					"description": "\n\t\t\t\t\t\tThe generic definition of subStatusCode.\n                    ",
					"type": "string"
				},
				"explanation": {
					"name": "explanation",
					"description": "\n\t\t\t\t\t\tSpecific information about the data or circumstances that explains why this status detail is part of the response.\n\t\t\t\t\t\tIt should provide the details aid in troubleshooting and taking further action.\n\t\t\t\t\t",
					"type": "string"
				},
				"subStatusCode": {
					"name": "subStatusCode",
					"description": "\n\t\t\t\t\tA numeric value that defines the status detail, like an error code.\n\t\t\t\t\tThis code allows client systems to programmatically handle the status detail, if desired.\n\t\t        ",
					"type": "string"
				}
			}
		},
		"financialAccountNumber": {
			"id": "financialAccountNumber",
			"name": "financialAccountNumber",
			"type": "object"
		}
	}
}