{"apiVersion":"1","swaggerVersion":"1.2","basePath":"/v1/port","resourcePath":"/v1/port","apis":[{"path":"/{portRequestId}","operations":[{"method":"DELETE","nickname":"cancelPortIn","summary":"cancelPortIn","notes":"\u003cspan lang\u003d\"EN-US\" style\u003d\"font-size:11.0pt;font-family:\u003cbr /\u003e\u0026quot;Calibri\u0026quot;,sans-serif;mso-ascii-theme-font:minor-latin;mso-fareast-font-family:\u003cbr /\u003e\u0026quot;Times New Roman\u0026quot;;mso-hansi-theme-font:minor-latin;mso-bidi-font-family:\u0026quot;Times New Roman\u0026quot;;\u003cbr /\u003emso-ansi-language:EN-US;mso-fareast-language:EN-US;mso-bidi-language:AR-SA\" id\u003d\"yui_3_6_0_3_1424083149167_9162\"\u003eThis\u003cbr /\u003eoperation describes the REST API service to perform cancellation of the PortIn request\u003cbr /\u003eby using port request Id as input.\u0026nbsp;\u003c/span\u003e","parameters":[{"paramType":"path","required":true,"allowMultiple":false,"name":"portRequestId","type":"string"},{"paramType":"body","required":false,"allowMultiple":false,"name":"cancelPortInRequest","type":"cancelPortInRequest"}],"type":"void","form":false,"produces":["application/json","application/xml"],"consumes":["application/json","application/xml"]}]},{"path":"/","operations":[{"method":"POST","nickname":"createPortIn","summary":"createPortIn","notes":"\u003cspan lang\u003d\"EN-US\" style\u003d\"font-size:11.0pt;font-family:\u003cbr /\u003e\u0026quot;Calibri\u0026quot;,sans-serif;mso-ascii-theme-font:minor-latin;mso-fareast-font-family:\u003cbr /\u003e\u0026quot;Times New Roman\u0026quot;;mso-hansi-theme-font:minor-latin;mso-bidi-font-family:\u0026quot;Times New Roman\u0026quot;;\u003cbr /\u003emso-ansi-language:EN-US;mso-fareast-language:EN-US;mso-bidi-language:AR-SA\" id\u003d\"yui_3_6_0_3_1424087292525_14306\"\u003eThis\u003cbr /\u003eoperation describes the REST API service to \u003c/span\u003e\u003cspan lang\u003d\"EN-US\" style\u003d\"font-size:11.0pt;font-family:\u0026quot;Calibri\u0026quot;,sans-serif;mso-ascii-theme-font:\u003cbr /\u003eminor-latin;mso-fareast-font-family:\u0026quot;Times New Roman\u0026quot;;mso-hansi-theme-font:\u003cbr /\u003eminor-latin;mso-bidi-font-family:Arial;color:#545454;mso-ansi-language:EN-US;\u003cbr /\u003emso-fareast-language:EN-US;mso-bidi-language:AR-SA\"\u003ecreate the PortIn request\u003c/span\u003e\u003cspan lang\u003d\"EN-US\" style\u003d\"font-size:11.0pt;font-family:\u0026quot;Calibri\u0026quot;,sans-serif;mso-ascii-theme-font:\u003cbr /\u003eminor-latin;mso-fareast-font-family:\u0026quot;Times New Roman\u0026quot;;mso-hansi-theme-font:\u003cbr /\u003eminor-latin;mso-bidi-font-family:\u0026quot;Times New Roman\u0026quot;;mso-ansi-language:EN-US;\u003cbr /\u003emso-fareast-language:EN-US;mso-bidi-language:AR-SA\"\u003e.\u0026nbsp;\u003c/span\u003e","parameters":[{"paramType":"body","required":false,"allowMultiple":false,"name":"createPortInRequest","type":"createPortInRequest"}],"type":"createPortInResponse","form":false,"produces":["application/json","application/xml"],"consumes":["application/json","application/xml"]}]},{"path":"/{portRequestId}","operations":[{"method":"GET","nickname":"getPortIn","summary":"getPortIn","notes":"\u003cspan lang\u003d\"EN-US\" style\u003d\"font-size:11.0pt;font-family:\u003cbr /\u003e\u0026quot;Calibri\u0026quot;,sans-serif;mso-ascii-theme-font:minor-latin;mso-fareast-font-family:\u003cbr /\u003e\u0026quot;Times New Roman\u0026quot;;mso-hansi-theme-font:minor-latin;mso-bidi-font-family:\u0026quot;Times New Roman\u0026quot;;\u003cbr /\u003emso-ansi-language:EN-US;mso-fareast-language:EN-US;mso-bidi-language:AR-SA\" id\u003d\"yui_3_6_0_3_1424087292525_13334\"\u003eThis\u003cbr /\u003eoperation describes the REST API service to retrieve the PortIn status of a port\u003cbr /\u003erequest by port request Id.\u0026nbsp;\u003c/span\u003e","parameters":[{"paramType":"path","required":true,"allowMultiple":false,"name":"portRequestId","type":"string"},{"paramType":"query","required":true,"allowMultiple":false,"name":"requestorbillingsystem","type":"token"}],"type":"getPortInResponse","form":false,"produces":["application/json","application/xml"],"consumes":["application/json","application/xml"]}]},{"path":"/eligibility","operations":[{"method":"GET","nickname":"getPortInEligibility","summary":"getPortInEligibility","notes":"\u003cspan lang\u003d\"EN-US\" style\u003d\"font-size:11.0pt;font-family:\u003cbr /\u003e\u0026quot;Calibri\u0026quot;,sans-serif;mso-ascii-theme-font:minor-latin;mso-fareast-font-family:\u003cbr /\u003e\u0026quot;Times New Roman\u0026quot;;mso-hansi-theme-font:minor-latin;mso-bidi-font-family:\u0026quot;Times New Roman\u0026quot;;\u003cbr /\u003emso-ansi-language:EN-US;mso-fareast-language:EN-US;mso-bidi-language:AR-SA\" id\u003d\"yui_3_6_0_3_1424087292525_12318\"\u003eThis\u003cbr /\u003eoperation describes the REST API service to retrieve the Port In Eligibility for\u003cbr /\u003ea MSISDN when customer coming to T-Mobile from a different service provider.\u0026nbsp;\u003c/span\u003e","parameters":[{"paramType":"query","required":true,"allowMultiple":false,"name":"msisdn","type":"token"},{"paramType":"query","required":true,"allowMultiple":false,"name":"requestorbillingsystem","type":"token"}],"type":"getPortInEligibilityResponse","form":false,"produces":["application/json","application/xml"],"consumes":["application/json","application/xml"]}]},{"path":"/","operations":[{"method":"GET","nickname":"searchPortIn","summary":"searchPortIn","notes":"\u003cspan lang\u003d\"EN-US\" style\u003d\"font-size:11.0pt;font-family:\u003cbr /\u003e\u0026quot;Calibri\u0026quot;,sans-serif;mso-ascii-theme-font:minor-latin;mso-fareast-font-family:\u003cbr /\u003e\u0026quot;Times New Roman\u0026quot;;mso-hansi-theme-font:minor-latin;mso-bidi-font-family:\u0026quot;Times New Roman\u0026quot;;\u003cbr /\u003emso-ansi-language:EN-US;mso-fareast-language:EN-US;mso-bidi-language:AR-SA\" id\u003d\"yui_3_6_0_3_1424087292525_11300\"\u003eThis\u003cbr /\u003eoperation describes the REST API service to retrieve the PortIn status of a port\u003cbr /\u003erequest by MSISDN.\u0026nbsp;\u003c/span\u003e","parameters":[{"paramType":"query","required":true,"allowMultiple":false,"name":"msisdn","type":"token"},{"paramType":"query","required":true,"allowMultiple":false,"name":"requestorbillingsystem","type":"token"}],"type":"searchPortInResponse","form":false,"produces":["application/json","application/xml"],"consumes":["application/json","application/xml"]}]},{"path":"/{portRequestId}","operations":[{"method":"PUT","nickname":"updatePortIn","summary":"updatePortIn","notes":"\u003cspan style\u003d\"-webkit-text-stroke-width: 0.100000001490116px;\"\u003eUpdates portin\u003c/span\u003e","parameters":[{"paramType":"path","required":true,"allowMultiple":false,"name":"portRequestId","type":"string"},{"paramType":"body","required":false,"allowMultiple":false,"name":"updatePortInRequest","type":"updatePortInRequest"}],"type":"updatePortInResponse","form":false,"produces":["application/json","application/xml"],"consumes":["application/json","application/xml"]}]}],"models":{"cancelPortInRequest":{"required":["requestorBillingSystem"],"id":"cancelPortInRequest","name":"cancelPortInRequest","type":"object","properties":{"requestorBillingSystem":{"name":"requestorBillingSystem","type":"string"}}},"createPortInRequest":{"required":["port","immediateActivation"],"id":"createPortInRequest","name":"createPortInRequest","type":"object","properties":{"port":{"name":"port","$ref":"Port"},"immediateActivation":{"name":"immediateActivation","type":"boolean"}}},"Port":{"id":"Port","name":"port","type":"object","properties":{"portRequestId":{"name":"portRequestId","description":"The unique identifier generated by the Samson daemon for this port request.","type":"string"},"MSISDN":{"name":"MSISDN","maxLength":15,"minLength":10,"description":"The MSISDN being ported.","type":"string","pattern":"[0-9]{10,15}"},"requestorBillingSystem":{"name":"requestorBillingSystem","enum":["RPX","WHOLESALE","SAMSON","ACC","MVNEACC","METROPCS","TBILL"],"description":"The billing system that initiated the port in request. This billing system is requesting the right to use the MSISDN.","type":"string"},"donorBillingSystem":{"name":"donorBillingSystem","enum":["RPX","WHOLESALE","SAMSON","ACC","MVNEACC","METROPCS","TBILL"],"description":"The billing system that is being asked to release the MSISDN for porting.","type":"string"},"donorAccountNumber":{"name":"donorAccountNumber","description":"The account number in the billing system that will be donating the MSISDN.","type":"string"},"donorAccountPassword":{"name":"donorAccountPassword","description":"The security password or PIN that will be used to validate the port request at the donor billing system.","type":"string"},"oldServiceProvider":{"name":"oldServiceProvider","description":"The service provider code of the tier 1 service provider being asked to release the MSISDN.","type":"string"},"oldVirtualServiceProvider":{"name":"oldVirtualServiceProvider","description":"MVNO or other service partner previously using the MSISDN, if applicable.","type":"string"},"newServiceProvider":{"name":"newServiceProvider","description":"The service provider code of the tier 1 service provider asking to receive the MSISDN.","type":"string"},"newVirtualServiceProvider":{"name":"newVirtualServiceProvider","description":"MVNO or other service partner requesting to use the MSISDN, if applicable.","type":"string"},"portDueTime":{"name":"portDueTime","description":"The due date for completion of the port.","type":"string","format":"date-time"},"portRequestedTime":{"name":"portRequestedTime","description":"The date requested  for completion of the port.","type":"string","format":"date-time"},"portSubmittedTime":{"name":"portSubmittedTime","description":"Date when the port was submitted.","type":"string","format":"date-time"},"portCompletedTime":{"name":"portCompletedTime","description":"Date and time when the port was completed.","type":"string","format":"date-time"},"address":{"name":"address","description":"The billing address of the porting MSISDN\u0027s account in the donor billing system.","$ref":"Address"},"status":{"name":"status","type":"array","items":{"$ref":"PortStatus"}},"personProfile":{"name":"personProfile","description":"The identifying attributes of the responsible person supplying the MSISDN from the donor billing system.","$ref":"personProfile"},"organization":{"name":"organization","description":"The identifying attributes of the responsible organization supplying the MSISDN from the donor billing system.","$ref":"Organization"},"actionCode":{"name":"actionCode","enum":["SUBMIT","COMPLETE","CANCEL","FALLOUTUPDATE","CUSTOMERUPDATE","PORTDUEDATEUPDATE","RESOLVE","NOTIFY","CONFIRM","VALIDATE"],"description":"Specifies the action to be taken with the request.","type":"string"}}},"Address":{"required":["postalCode"],"id":"Address","name":"address","description":"The billing address of the porting MSISDN\u0027s account in the donor billing system.","type":"object","properties":{"addressFormatType":{"name":"addressFormatType","enum":["STREET","POBOX","MILITARY","FOREIGN","HIGHWAY","RURALROUTE"],"description":"A code specifying the format of this address(STREET_ADDRESS, POBOX_ADDRESS,MILITARY_ADDRESS,FOREIGN_ADDRESS,HWY_ADDRESS,RURALROUTE_ADDRESS)","type":"string"},"addressLine1":{"name":"addressLine1","description":"The first free form line, expressed as text, of an address","type":"string"},"cityName":{"name":"cityName","description":"The name, expressed as text, of the city, town or village of this address","type":"string"},"stateCode":{"name":"stateCode","description":"Code of the state in which  the city falls, where applicable(WA, TX, GA)","type":"string"},"postalCode":{"name":"postalCode","maxLength":9,"minLength":5,"description":"A code specifying the postal code of the address","type":"string"}}},"PortStatus":{"id":"PortStatus","name":"status","type":"object","properties":{"statusCode":{"name":"statusCode","enum":["New","InProgress","Error","Cancelled","Complete"],"type":"string"}}},"personProfile":{"required":["ssn"],"id":"personProfile","name":"personProfile","description":"The identifying attributes of the responsible person supplying the MSISDN from the donor billing system.","type":"object","properties":{"personName":{"name":"personName","description":"Name of the person to be contacted.","type":"array","items":{"$ref":"PersonName"}},"ssn":{"name":"ssn","description":"Social Security Number for this person, used for tax identification.   When used in a request, it must only be sent by secure transport. When used in a response, it should be blank or contain at most the last four digits.","$ref":"ssn"}}},"PersonName":{"id":"PersonName","name":"personName","description":"Name of the person to be contacted.","type":"object","properties":{"firstName":{"name":"firstName","description":"Is the Persons given name or first name","type":"string"},"middleName":{"name":"middleName","description":"Is the persons middle name or initial.","type":"array","items":{"name":"middleName","type":"string"}},"familyName":{"name":"familyName","description":"Is the persons family name","type":"array","items":{"name":"familyName","type":"string"}}}},"ssn":{"id":"ssn","name":"ssn","description":"Social Security Number for this person, used for tax identification.   When used in a request, it must only be sent by secure transport. When used in a response, it should be blank or contain at most the last four digits.","type":"object","properties":{"maskingType":{"name":"maskingType","enum":["Last4","Last6","First5","None","NA"],"type":"string"}}},"Organization":{"id":"Organization","name":"organization","description":"The identifying attributes of the responsible organization supplying the MSISDN from the donor billing system.","type":"object","properties":{"fullName":{"name":"fullName","description":"Name of the organization","type":"string"},"fein":{"name":"fein","maxLength":9,"minLength":4,"description":"Federal Employer Identification Number","type":"string","pattern":"([0-9])*"}}},"createPortInResponse":{"required":["port"],"id":"createPortInResponse","name":"createPortInResponse","type":"object","properties":{"port":{"name":"port","$ref":"Port"}}},"getPortInResponse":{"required":["port"],"id":"getPortInResponse","name":"getPortInResponse","type":"object","properties":{"port":{"name":"port","$ref":"Port"}}},"getPortInEligibilityResponse":{"required":["port","eligibilityInfo"],"id":"getPortInEligibilityResponse","name":"getPortInEligibilityResponse","type":"object","properties":{"port":{"name":"port","$ref":"Port"},"eligibilityInfo":{"name":"eligibilityInfo","$ref":"eligibilityInfo"}}},"eligibilityInfo":{"required":["result","reasonCode","reasonDescription"],"id":"eligibilityInfo","name":"eligibilityInfo","type":"object","properties":{"result":{"name":"result","type":"boolean"},"reasonCode":{"name":"reasonCode","type":"string"},"reasonDescription":{"name":"reasonDescription","type":"string"}}},"searchPortInResponse":{"required":["port"],"id":"searchPortInResponse","name":"searchPortInResponse","type":"object","properties":{"port":{"name":"port","$ref":"Port"}}},"updatePortInRequest":{"required":["port"],"id":"updatePortInRequest","name":"updatePortInRequest","type":"object","properties":{"port":{"name":"port","$ref":"Port"}}},"updatePortInResponse":{"required":["port"],"id":"updatePortInResponse","name":"updatePortInResponse","type":"object","properties":{"port":{"name":"port","$ref":"Port"}}}}}