{
  "apiVersion": "1",
  "swaggerVersion": "1.2",
  "basePath": "/v1",
  "resourcePath": "/v1",
  "apis": [
    {
      "path": "/msisdn/availability",
      "operations": [
        {
          "method": "GET",
          "nickname": "getAvailableNumbers",
          "summary": "getAvailableNumbers",
          "notes": "API will return available phone numbers based on NPA and NXX OR zip code OR NGP",
          "responseMessages": [
            {
              "code": 200,
              "message": "Success"
            },
            {
              "code": 404,
              "message": "resource not found"
            }
          ],
          "parameters": [
            {
              "paramType": "query",
              "required": false,
              "allowMultiple": false,
              "name": "limit",
              "type": "decimal"
            },
            {
              "paramType": "query",
              "required": true,
              "allowMultiple": false,
              "name": "billingsystem",
              "type": "token"
            },
            {
              "paramType": "query",
              "required": true,
              "allowMultiple": false,
              "name": "businessunit",
              "type": "normalizedString"
            },
            {
              "paramType": "query",
              "required": false,
              "allowMultiple": false,
              "name": "postalcode",
              "type": "token"
            },
            {
              "paramType": "query",
              "required": false,
              "allowMultiple": false,
              "name": "ngp",
              "type": "normalizedString"
            },
            {
              "paramType": "query",
              "required": false,
              "allowMultiple": false,
              "name": "npa",
              "type": "token"
            },
            {
              "paramType": "query",
              "required": false,
              "allowMultiple": false,
              "name": "nxx",
              "type": "token"
            }
          ],
          "type": "getAvailableNumbersResponse",
          "form": false,
          "produces": [
            "application/json",
            "application/xml"
          ],
          "consumes": [
            "application/json",
            "application/xml"
          ]
        }
      ]
    },
    {
      "path": "/product/imei/{imeiNumber}/unlockcode",
      "operations": [
        {
          "method": "GET",
          "nickname": "getDeviceUnlockcode",
          "summary": "getDeviceUnlockcode",
          "notes": "\u003cspan\u003eRetrieves the Device UnlockCode.\u003c/span\u003e",
          "responseMessages": [
            {
              "code": 404,
              "message": "resource not found"
            }
          ],
          "parameters": [
            {
              "paramType": "path",
              "required": true,
              "allowMultiple": false,
              "name": "imeiNumber",
              "type": "normalizedString"
            }
          ],
          "type": "getDeviceUnlockcodeResponse",
          "form": false,
          "produces": [
            "application/json",
            "application/xml"
          ],
          "consumes": [
            "application/json",
            "application/xml"
          ]
        }
      ]
    },
    {
      "path": "/product/{productid}/promotioneligibility?mobilenumber\u003d{MSDN}\u0026financialaccount\u003d{financialaccountnumber}",
      "operations": [
        {
          "method": "GET",
          "nickname": "getProductPromotionEligibility",
          "summary": "getProductPromotionEligibility",
          "notes": "Retrieves the product eligibility flag for the specified product ID, mobile number and financial account.",
          "parameters": [
            {
              "paramType": "query",
              "required": true,
              "allowMultiple": false,
              "name": "financialAccountNumber",
              "type": "financialAccountNumber"
            }
          ],
          "type": "getProductPromotionEligibilityResponse",
          "form": false,
          "produces": [
            "application/json",
            "application/xml"
          ],
          "consumes": [
            "application/json",
            "application/xml"
          ]
        }
      ]
    },
    {
      "path": "/product/voucher/{voucherid}/financialaccountnumber/{financialaccountnumber}",
      "operations": [
        {
          "method": "POST",
          "nickname": "redeemVoucher",
          "summary": "redeemVoucher",
          "notes": "Redeems the voucher specified by voucher ID and Financial Account.",
          "parameters": [
            {
              "paramType": "body",
              "required": true,
              "allowMultiple": false,
              "name": "redeemVoucherRequest",
              "type": "redeemVoucherRequest"
            }
          ],
          "type": "redeemVoucherResponse",
          "form": false,
          "produces": [
            "application/json",
            "application/xml"
          ],
          "consumes": [
            "application/json",
            "application/xml"
          ]
        }
      ]
    },
    {
      "path": "/product/voucher/{voucherid}/void",
      "operations": [
        {
          "method": "PUT",
          "nickname": "voidVoucher",
          "summary": "voidVoucher",
          "notes": "Voids the voucher specified by the voucher ID.",
          "parameters": [
            {
              "paramType": "body",
              "required": true,
              "allowMultiple": false,
              "name": "voidVoucherRequest",
              "type": "voidVoucherRequest"
            }
          ],
          "type": "voidVoucherResponse",
          "form": false,
          "produces": [
            "application/json",
            "application/xml"
          ],
          "consumes": [
            "application/json",
            "application/xml"
          ]
        }
      ]
    },
    {
      "path": "/product/voucher/{voucherid}/validate",
      "operations": [
        {
          "method": "GET",
          "nickname": "validateVoucher",
          "summary": "validateVoucher",
          "notes": "Validates the voucher specified by voucher ID.",
          "parameters": [
            {
              "paramType": "query",
              "required": true,
              "allowMultiple": false,
              "name": "productOfferingId",
              "type": "normalizedString"
            }
          ],
          "type": "validateVoucherResponse",
          "form": false,
          "produces": [
            "application/json",
            "application/xml"
          ],
          "consumes": [
            "application/json",
            "application/xml"
          ]
        }
      ]
    },
    {
      "path": "/msisdn/npanxx",
      "description": "This service will perform the MSISDN details in operations like getting available phone numbers, area code details and release the reserved MSISDNs etc.",
      "operations": [
        {
          "method": "GET",
          "nickname": "getNpaNxx",
          "summary": "getNpaNxx",
          "notes": "This operation is used to get the NPA (area code) , NXX and City Name based on input Zip code or NPA (area Code)",
          "parameters": [
            {
              "paramType": "body",
              "required": false,
              "allowMultiple": false,
              "name": "npa",
              "type": "token"
            },
            {
              "paramType": "body",
              "required": false,
              "allowMultiple": false,
              "name": "postalcode",
              "type": "token"
            }
          ],
          "type": "getNpaNxxResponse",
          "form": false,
          "produces": [
            "application/json",
            "application/xml"
          ],
          "consumes": [
            "application/json",
            "application/xml"
          ]
        }
      ]
    },
    {
      "path": "/msisdn/release",
      "operations": [
        {
          "method": "POST",
          "nickname": "releaseMsisdn",
          "summary": "releaseMsisdn",
          "notes": "API will be used to release the reserved or held MSISDNs",
          "responseMessages": [
            {
              "code": 200,
              "message": "Success"
            }
          ],
          "parameters": [
            {
              "paramType": "body",
              "required": false,
              "allowMultiple": false,
              "name": "releaseMsisdnRequest",
              "type": "releaseMsisdnRequest"
            }
          ],
          "type": "releaseMsisdnResponse",
          "form": false,
          "produces": [
            "application/json",
            "application/xml"
          ],
          "consumes": [
            "application/json",
            "application/xml"
          ]
        }
      ]
    },
    {
      "path": "/msisdn/allocation",
      "operations": [
        {
          "method": "POST",
          "nickname": "reserveMsisdn",
          "summary": "reserveMsisdn",
          "notes": "API will be used to reserve a resource (MSISDN).",
          "responseMessages": [
            {
              "code": 200,
              "message": "Success"
            },
            {
              "code": 500,
              "message": "BackendError"
            }
          ],
          "parameters": [
            {
              "paramType": "body",
              "required": true,
              "allowMultiple": false,
              "name": "reserveMsisdnRequest",
              "type": "reserveMsisdnRequest"
            }
          ],
          "type": "reserveMsisdnResponse",
          "form": false,
          "produces": [
            "application/json",
            "application/xml"
          ],
          "consumes": [
            "application/json",
            "application/xml"
          ]
        }
      ]
    }
  ],
  "models": {
    "getAvailableNumbersResponse": {
      "required": [
        "MSISDN"
      ],
      "id": "getAvailableNumbersResponse",
      "name": "getAvailableNumbersResponse",
      "properties": {
        "MSISDN": {
          "name": "MSISDN",
          "maxLength": 15,
          "minLength": 10,
          "type": "string",
          "pattern": "[0-9]{10,15}"
        }
      }
    },
    "getDeviceUnlockcodeResponse": {
      "required": [
        "DeviceUnlockCode"
      ],
      "id": "getDeviceUnlockcodeResponse",
      "name": "getDeviceUnlockcodeResponse",
      "properties": {
        "DeviceUnlockCode": {
          "name": "DeviceUnlockCode",
          "$ref": "SIM"
        }
      }
    },
    "SIM": {
      "required": [
        "simNumber"
      ],
      "id": "SIM",
      "name": "DeviceUnlockCode",
      "properties": {
        "simNumber": {
          "name": "simNumber",
          "maxLength": 19,
          "minLength": 19,
          "type": "string",
          "pattern": "[0-9]{19}"
        },
        "imsi": {
          "name": "imsi",
          "maxLength": 15,
          "minLength": 15,
          "type": "string"
        },
        "simType": {
          "name": "simType",
          "description": "Code identifying the type of SIM, such as GBA or ISIS. The type of SIM implies enabling a type of service. GBA sims are required to enable wifi calling.",
          "type": "array",
          "items": {
            "name": "simType",
            "enum": [
              "GBA",
              "ISIS",
              "2G",
              "UICC",
              "GSM",
              "MBB"
            ],
            "type": "string"
          }
        },
        "pinUnlockKey1": {
          "name": "pinUnlockKey1",
          "maxLength": 8,
          "minLength": 8,
          "type": "string"
        },
        "pinUnlockKey2": {
          "name": "pinUnlockKey2",
          "maxLength": 8,
          "minLength": 8,
          "description": "Second PIN Unlock Key, used in the case of a dual SIM.",
          "type": "string"
        }
      }
    },
    "financialAccountNumber": {
      "id": "financialAccountNumber",
      "name": "financialAccountNumber",
      "description": "Customer Billing Account Number"
    },
    "getProductPromotionEligibilityResponse": {
      "required": [
        "productOfferingId",
        "promotion"
      ],
      "id": "getProductPromotionEligibilityResponse",
      "name": "getProductPromotionEligibilityResponse",
      "properties": {
        "productOfferingId": {
          "name": "productOfferingId",
          "type": "string"
        },
        "promotion": {
          "name": "promotion",
          "$ref": "Promotion"
        }
      }
    },
 "NPANXX": {
      "id": "NPANXX",
      "name": "NPANXX",
      "type": "object",
      "properties": {
        "NPA": {
          "name": "NPA",
          "maxLength": 3,
          "minLength": 3,
          "description": "The first three digits of a ten digit phone number. Commonly called the area code in the United States.",
          "type": "string",
          "pattern": "[0-9]{3}"
        },
        "NXX": {
          "name": "NXX",
          "maxLength": 3,
          "minLength": 3,
          "description": "The first three digits of a seven digit phone number. Commonly called the exchange in the United States.",
          "type": "string",
          "pattern": "[0-9]{3}"
        }
      }
    },
    "Promotion": {
      "id": "Promotion",
      "name": "promotion",
      "properties": {
        "promotionName": {
          "name": "promotionName",
          "type": "string"
        },
        "promotionDescription": {
          "name": "promotionDescription",
          "$ref": "Description"
        },
        "promotionEffectivePeriod": {
          "name": "promotionEffectivePeriod",
          "$ref": "EffectivePeriod"
        },
        "promotionId": {
          "name": "promotionId",
          "type": "string"
        }
      }
    },
    "Description": {
      "id": "Description",
      "name": "promotionDescription",
      "properties": {
        "languageCode": {
          "name": "languageCode",
          "maxLength": 2,
          "minLength": 2,
          "type": "string",
          "pattern": "[a-z][a-z]"
        },
        "usageContext": {
          "name": "usageContext",
          "description": "The frame of reference where the description is applicable. For example WEB, MOBILE DEVICE.\n\t\t\t\t\t\t",
          "type": "string"
        }
      }
    },
    "EffectivePeriod": {
      "id": "EffectivePeriod",
      "name": "promotionEffectivePeriod",
      "properties": {
        "startTime": {
          "name": "startTime",
          "description": "Start DateTime of the Time Period",
          "type": "string",
          "format": "date-time"
        },
        "duration": {
          "name": "duration",
          "description": "Duration of the Time Period. For additional information on the duration data type see:  http://www.w3schools.com/schema/schema_dtypes_date.asp",
          "type": "string"
        },
        "endTime": {
          "name": "endTime",
          "description": "End Date Time of the Time Period",
          "type": "string",
          "format": "date-time"
        },
        "usageContext": {
          "name": "usageContext",
          "type": "string"
        }
      }
    },
    "redeemVoucherRequest": {
      "required": [
        "productOfferingId",
        "financialAccountNumber"
      ],
      "id": "redeemVoucherRequest",
      "name": "redeemVoucherRequest",
      "properties": {
        "productOfferingId": {
          "name": "productOfferingId",
          "type": "string"
        },
        "financialAccountNumber": {
          "name": "financialAccountNumber",
          "description": "Customer Billing Account Number",
          "type": "string"
        }
      }
    },
    "redeemVoucherResponse": {
      "id": "redeemVoucherResponse",
      "name": "redeemVoucherResponse"
    },
    "voidVoucherRequest": {
      "id": "voidVoucherRequest",
      "name": "voidVoucherRequest"
    },
    "voidVoucherResponse": {
      "id": "voidVoucherResponse",
      "name": "voidVoucherResponse"
    },
    "validateVoucherResponse": {
      "required": [
        "productOfferingId",
        "valid"
      ],
      "id": "validateVoucherResponse",
      "name": "validateVoucherResponse",
      "properties": {
        "productOfferingId": {
          "name": "productOfferingId",
          "type": "string"
        },
        "valid": {
          "name": "valid",
          "type": "string"
        }
      }
    },
    "getNpaNxxResponse": {
      "required": [
        "npaNxxList"
      ],
      "id": "getNpaNxxResponse",
      "name": "getNpaNxxResponse",
      "type": "object",
      "properties": {
        "npaNxxList": {
          "name": "npaNxxList",
          "$ref": "npaNxxList"
        }
      }
    },
    "npaNxxList": {
      "required": [
        "npa",
        "nxx",
        "postalCode",
        "cityName",
        "stateCode",
        "availableMsisdnCount"
      ],
      "id": "npaNxxList",
      "name": "npaNxxList",
      "type": "object",
      "properties": {
        "npa": {
          "name": "npa",
          "maxLength": 3,
          "minLength": 3,
          "type": "string",
          "pattern": "[0-9]{3}"
        },
        "nxx": {
          "name": "nxx",
          "maxLength": 3,
          "minLength": 3,
          "type": "string",
          "pattern": "[0-9]{3}"
        },
        "postalCode": {
          "name": "postalCode",
          "maxLength": 9,
          "minLength": 5,
          "description": "A code specifying the postal code of the address",
          "type": "string"
        },
        "cityName": {
          "name": "cityName",
          "type": "string"
        },
        "stateCode": {
          "name": "stateCode",
          "type": "string"
        },
        "availableMsisdnCount": {
          "name": "availableMsisdnCount",
          "type": "integer",
          "format": "int32"
        }
      }
    },
    "releaseMsisdnRequest": {
      "required": [
        "reasonCode",
        "MSISDN"
      ],
      "id": "releaseMsisdnRequest",
      "name": "releaseMsisdnRequest",
      "properties": {
        "reasonCode": {
          "name": "reasonCode",
          "type": "string"
        },
        "MSISDN": {
          "name": "MSISDN",
          "maxLength": 15,
          "minLength": 10,
          "type": "string",
          "pattern": "[0-9]{10,15}"
        }
      }
    },
    "releaseMsisdnResponse": {
      "required": [
        "responseStatus"
      ],
      "id": "releaseMsisdnResponse",
      "name": "releaseMsisdnResponse",
      "properties": {
        "responseStatus": {
          "name": "responseStatus",
          "$ref": "ResponseStatus"
        }
      }
    },
    "ResponseStatus": {
      "id": "ResponseStatus",
      "name": "responseStatus",
      "properties": {
        "code": {
          "name": "code",
          "enum": [
            "100",
            "101",
            "102",
            "103",
            "104"
          ],
          "type": "string"
        }
      }
    },
    "reserveMsisdnRequest": {
      "required": [
        "brandId",
        "billingSystem",
        "reasonCode",
        "ngp",
        "npa",
        "npanxx",
        "MSISDN"
      ],
      "id": "reserveMsisdnRequest",
      "name": "reserveMsisdnRequest",
      "properties": {
        "brandId": {
          "name": "brandId",
          "type": "string"
        },
        "billingSystem": {
          "name": "billingSystem",
          "enum": [
            "RPX",
            "WHOLESALE",
            "SAMSON",
            "ACC",
            "MVNEACC",
            "METROPCS",
            "TBILL"
          ],
          "description": "The T-Mobile billing system that is involved in the transaction.",
          "type": "string"
        },
        "reasonCode": {
          "name": "reasonCode",
          "type": "string"
        },
        "ngp": {
          "name": "ngp",
          "type": "string"
        },
               "npanxx": {
          "name": "npanxx",
          "$ref": "NPANXX"
        },
        "MSISDN": {
          "name": "MSISDN",
          "maxLength": 15,
          "minLength": 10,
          "type": "string",
          "pattern": "[0-9]{10,15}"
        }
      }
    },
    "reserveMsisdnResponse": {
      "required": [
        "responseStatus",
        "MSISDN"
      ],
      "id": "reserveMsisdnResponse",
      "name": "reserveMsisdnResponse",
      "properties": {
        "responseStatus": {
          "name": "responseStatus",
          "$ref": "ResponseStatus"
        },
        "MSISDN": {
          "name": "MSISDN",
          "type": "string"
        }
      }
    }
  }
}