{"apiVersion":"1","swaggerVersion":"1.2","basePath":"/ordermanagement/v1","resourcePath":"/ordermanagement/v1","apis":[{"path":"/quotation/tradeinquestions","operations":[{"method":"GET","nickname":"getQuotationQuestions","summary":"getQuotationQuestions","notes":"gets the Quotation questions for Trade In\u0026#160;","responseMessages":[{"code":404,"message":"resource not found"}],"parameters":[{"paramType":"query","required":false,"allowMultiple":false,"name":"programType","type":"programType"},{"paramType":"query","required":false,"allowMultiple":false,"name":"deviceManufacturer","type":"deviceManufacturer"},{"paramType":"query","required":false,"allowMultiple":false,"name":"deviceModel","type":"deviceModel"},{"paramType":"query","required":false,"allowMultiple":false,"name":"serviceProvider","type":"serviceProvider"}],"type":"getQuotationQuestionsResponse","form":false,"produces":["application/json","application/xml"],"consumes":["application/json","application/xml"]}]},{"path":"/quotation","operations":[{"method":"POST","nickname":"createQuotation","summary":"createQuotation","notes":"Creates Trade In \u0026#160;Quotation\u0026#160;","responseMessages":[{"code":400,"message":"Bad Request"},{"code":409,"message":"Invalid Data"},{"code":412,"message":"Stale Data"}],"parameters":[{"paramType":"body","required":true,"allowMultiple":false,"name":"createQuotationRequest","type":"createQuotationRequest"}],"type":"createQuotationResponse","form":false,"produces":["application/json","application/xml"],"consumes":["application/json","application/xml"]}]},{"path":"/quotation/{quotationid}","operations":[{"method":"GET","nickname":"getQuotation","summary":"getQuotation","notes":"\u003cspan\u003eGets the Quotation TradeIn information.\u003c/span\u003e","responseMessages":[{"code":404,"message":"resource not found"}],"parameters":[{"paramType":"path","required":true,"allowMultiple":false,"name":"quotationid","type":"token"}],"type":"getQuotationResponse","form":false,"produces":["application/json","application/xml"],"consumes":["application/json","application/xml"]}]},{"path":"/quotation/rejectionreasons","operations":[{"method":"GET","nickname":"getQuotationRejectReasons","summary":"getQuotationRejectReasons","notes":"gets the reject reasons \u0026#160;for Trade In.","responseMessages":[{"code":200,"message":"Succes"},{"code":404,"message":"resource not found"}],"parameters":[{"paramType":"query","required":false,"allowMultiple":false,"name":"programType","type":"programType"}],"type":"getQuotationRejectReasonsResponse","form":false,"produces":["application/json","application/xml"],"consumes":["application/json","application/xml"]}]},{"path":"/quotation/{quotationid}","operations":[{"method":"PUT","nickname":"updateQuotation","summary":"updateQuotation","notes":"Updates Quotation by accepting/rejecting the quote","responseMessages":[{"code":412,"message":"Stale Data"},{"code":409,"message":"Invalid Data"},{"code":400,"message":"Bad Request"}],"parameters":[{"paramType":"path","required":false,"allowMultiple":false,"name":"quotationid","type":"token"}],"type":"updateQuotationResponse","form":false,"produces":["application/json","application/xml"],"consumes":["application/json","application/xml"]}]},{"path":"/quotation/cancelreasons","operations":[{"method":"GET","nickname":"getTradeInCancelReasons","summary":"getTradeInCancelReasons","notes":"gets the Trade In Cancel reasons for Trade In","responseMessages":[{"code":404,"message":"resource not found"},{"code":200,"message":"Succes"}],"parameters":[{"paramType":"query","required":false,"allowMultiple":false,"name":"programType","type":"programType"}],"type":"getTradeInCancelReasonsResponse","form":false,"produces":["application/json","application/xml"],"consumes":["application/json","application/xml"]}]},{"path":"/quotation/{quotationid}","operations":[{"method":"DELETE","nickname":"deleteQuotation","summary":"deleteQuotation","notes":"Cancel the Trade In","responseMessages":[{"code":409,"message":"Invalid Data"},{"code":404,"message":"resource not found"}],"parameters":[{"paramType":"path","required":false,"allowMultiple":false,"name":"quotationid","type":"token"}],"type":"deleteQuotationResponse","form":false,"produces":["application/json","application/xml"],"consumes":["application/json","application/xml"]}]},{"path":"/quotation/optoutreasons","operations":[{"method":"GET","nickname":"getTradeInOptOutReasons","summary":"getTradeInOptOutReasons","notes":"gets the opt out reasons \u0026#160;for Trade In","responseMessages":[{"code":200,"message":"Succes"},{"code":400,"message":"Bad Request"}],"parameters":[{"paramType":"query","required":false,"allowMultiple":false,"name":"programType","type":"programType"}],"type":"getTradeInOptOutReasonsResponse","form":false,"produces":["application/json","application/xml"],"consumes":["application/json","application/xml"]}]},{"path":"/quotation/{quotationId}/status","operations":[{"method":"POST","nickname":"updateQuotationStatus","summary":"updateQuotationStatus","responseMessages":[{"code":200,"message":"Succes"},{"code":404,"message":"resource not found"},{"code":400,"message":"Bad Request"}],"parameters":[{"paramType":"body","required":true,"allowMultiple":false,"name":"updateQuotationStatusRequest","type":"updateQuotationStatusRequest"}],"type":"void","form":false,"produces":["application/json","application/xml"],"consumes":["application/json","application/xml"]}]},{"path":"/quotation","operations":[{"method":"POST","nickname":"submitTradeInOrder","summary":"submitTradeInOrder","responseMessages":[{"code":500,"message":"Unknown Error"},{"code":404,"message":"resource not found"},{"code":401,"message":"Unauthorized Access\u003cbr /\u003e"}],"parameters":[{"paramType":"body","required":true,"allowMultiple":false,"name":"submitTradeInOrderRequest","type":"submitTradeInOrderRequest"}],"type":"void","form":false,"produces":["application/json","application/xml"],"consumes":["application/json","application/xml"]}]}],"models":{"programType":{"id":"programType","name":"programType"},"deviceManufacturer":{"id":"deviceManufacturer","name":"deviceManufacturer"},"deviceModel":{"id":"deviceModel","name":"deviceModel"},"serviceProvider":{"id":"serviceProvider","name":"serviceProvider"},"getQuotationQuestionsResponse":{"required":["programType","verificationQuestionSet"],"id":"getQuotationQuestionsResponse","name":"getQuotationQuestionsResponse","properties":{"programType":{"name":"programType","type":"string"},"verificationQuestionSet":{"name":"verificationQuestionSet","description":"Question set with mutliple choice answers and help text.","$ref":"VerificationQuestionSet"}}},"VerificationQuestionSet":{"id":"VerificationQuestionSet","name":"verificationQuestionSet","description":"Question set with mutliple choice answers and help text.","properties":{"verificationQuestion":{"name":"verificationQuestion","description":"A question and list of possible answers for the user to choose from.","type":"array","items":{"$ref":"VerificationQuestion"}},"languageCode":{"name":"languageCode","maxLength":2,"minLength":2,"type":"string","pattern":"[a-z][a-z]"},"setId":{"name":"setId","type":"string"}}},"VerificationQuestion":{"id":"VerificationQuestion","name":"verificationQuestion","description":"A question and list of possible answers for the user to choose from.","properties":{"answerSelectionType":{"name":"answerSelectionType","enum":["SINGLE","MULTIPLE"],"description":"Indicates if this is a single selection or multiple selection answer type","type":"string"},"questionText":{"name":"questionText","description":"Text for the question that is to be presented to the end-user","$ref":"Text"},"verificationAnswer":{"name":"verificationAnswer","description":"One of the choices of an answer for a given question. It includes the id of the choice and the text to present to the end-user.","type":"array","items":{"$ref":"VerificationAnswer"}},"helpText":{"name":"helpText","description":"Help text that is associated with the question","type":"array","items":{"$ref":"Text"}},"questionId":{"name":"questionId","type":"string"}}},"Text":{"id":"Text","name":"questionText","description":"Text for the question that is to be presented to the end-user","properties":{"languageCode":{"name":"languageCode","maxLength":2,"minLength":2,"type":"string","pattern":"[a-z][a-z]"}}},"VerificationAnswer":{"id":"VerificationAnswer","name":"verificationAnswer","description":"One of the choices of an answer for a given question. It includes the id of the choice and the text to present to the end-user.","properties":{"answerText":{"name":"answerText","description":"Answer text for this choice to be displayed to the user","$ref":"Text"},"answerId":{"name":"answerId","type":"string"}}},"createQuotationRequest":{"required":["quotation"],"id":"createQuotationRequest","name":"createQuotationRequest","properties":{"quotation":{"name":"quotation","description":"Sales quotation with validated configuration and revised pricing.","$ref":"Quotation"}}},"Quotation":{"id":"Quotation","name":"quotation","description":"Sales quotation with validated configuration and revised pricing.","properties":{"quotationCharge":{"name":"quotationCharge","description":"Details about the Charge applicable on the sales quote.","type":"array","items":{"$ref":"Charge"}},"quotationTax":{"name":"quotationTax","description":"Details about the Tax applicable on the sales quote.","type":"array","items":{"$ref":"Tax"}},"quotationDeduction":{"name":"quotationDeduction","description":"Details about the Deduction applied to reduce the total amount on the sales quote. Examples are discount for Early Payment, Coupons etc.","type":"array","items":{"$ref":"Deduction"}},"approvedByUserId":{"name":"approvedByUserId","description":"Reference to the user who approved this quote before it is sent to the customer.","type":"string"},"creditVerificationSuccess":{"name":"creditVerificationSuccess","description":"Flag to indicate whether Customer\u0027s Credit Check passed or not.","$ref":"Indicator"},"note":{"name":"note","description":"Comments or Notes about the quote.","type":"array","items":{"$ref":"Note"}},"quotationType":{"name":"quotationType","description":"Quotation type to display to the user based on internal quote type.","type":"string"},"dueDate":{"name":"dueDate","description":"The quotation deadline that is specified by the customer or prospect.","type":"string","format":"date-time"},"quotationName":{"name":"quotationName","description":"A unique name, entered by the user, to help identify a quote.","type":"string"},"pricingDate":{"name":"pricingDate","description":"The date and time used to determine the appropriate pricing for this quotation.","type":"string","format":"date-time"},"pricedByUserId":{"name":"pricedByUserId","description":"The user who entered the base prices for the quote. This field should be used only when price list information is not used or overridden, and price information is manually entered.","type":"string"},"substitutionAllowedIndicator":{"name":"substitutionAllowedIndicator","description":"Indicates whether the customer allows product substitutions on the quote.","$ref":"Indicator"},"backOrderAllowedIndicator":{"name":"backOrderAllowedIndicator","description":"Indicates whether the customer allows backorders in the event of shortages.","$ref":"Indicator"},"earliestShipDate":{"name":"earliestShipDate","description":"Indicates the Earliest Ship Date for the order.","type":"string","format":"date-time"},"totalAmount":{"name":"totalAmount","description":"The total amount of the order, including all charges, deductions, and taxes, if applicable.","$ref":"Amount"},"extendedAmount":{"name":"extendedAmount","description":"The extended amount is the amount obtained by summing all the quotation lines included in the quotation .","$ref":"Amount"},"description":{"name":"description","description":"A description of the sales quotation as entered by the user.","type":"array","items":{"$ref":"Description"}},"currencyCode":{"name":"currencyCode","maxLength":3,"minLength":3,"description":"Identifies the default currency used for the sales quotation.","type":"string","pattern":"[A-Z][A-Z][A-Z]"},"quotationDate":{"name":"quotationDate","description":"Specifies the date and time when the sales quotation was created.","type":"string","format":"date-time"},"effectivePeriod":{"name":"effectivePeriod","description":"Specifies the time period during which the quotation is valid.","$ref":"EffectivePeriod"},"paymentTerm":{"name":"paymentTerm","description":"Specifies the default payment terms under which the sales quotation is applicable.","type":"string"},"quotationStatus":{"name":"quotationStatus","description":"The status of the quote, for example, In Progress, Approved, Sent to Customer, Accepted, or Rejected by Customer.","$ref":"QuotationStatus"},"promotion":{"name":"promotion","description":"Refers to the Promotion attached to the quote.","type":"array","items":{"$ref":"Promotion"}},"salesperson":{"name":"salesperson","description":"The sales representative who requested or created this quote.","type":"string"},"contract":{"name":"contract","description":"Reference to the agreement or contract for this customer which may not be tied to a particular product or order.","$ref":"Attachment"},"freightCarrier":{"name":"freightCarrier","enum":["DHL","FEDEX","USPS","UPS"],"description":"Freight Carrier responsible for the transporation of goods from the supplier to the customer for the purposes of the quotation.","type":"string"},"pricingAgreement":{"name":"pricingAgreement","description":"Reference to a Pricing Agreement. A Pricing Agreement is a document that identifies a price for a set of items in the quote. Typically only used for commercial customers.","$ref":"Attachment"},"shipToParty":{"name":"shipToParty","description":"Details about the default Party to whom the line items on the Sales Quote are shipped or the services on the Sales Quote are provided.","$ref":"Contact"},"businessUnit":{"name":"businessUnit","description":"Business Unit within the context of which Sales Quote is created. (e.g. Magenta, MetroPCS, Wholesale)","type":"string"},"salesCommission":{"name":"salesCommission","description":"Default Salesperson(s) associated with the quote and the commission amount allocated to each person.","type":"array","items":{"$ref":"SalesCommission"}},"quotationStatusHistory":{"name":"quotationStatusHistory","description":"Capture the status history for sales quote including simple approval information.","type":"array","items":{"$ref":"QuotationStatus"}},"quotationSpecification":{"name":"quotationSpecification","description":"Name value pairs for additional quotation information, such as for fraud check.","type":"array","items":{"$ref":"SpecificationGroup"}},"freightCharge":{"name":"freightCharge","description":"Freight charge associated with this quotation.","$ref":"Charge"},"links":{"name":"links","$ref":"links"},"quotationId":{"name":"quotationId","type":"string"}}},"Charge":{"id":"Charge","name":"quotationCharge","description":"Details about the Charge applicable on the sales quote.","properties":{"typeCode":{"name":"typeCode","enum":["FEE","USAGE","PERIODIC","DOWNPAYMENT","INITIAL","FINAL","FULLPRICE","DEPOSIT"],"description":"Type of Charge","type":"string"},"chargeFrequencyCode":{"name":"chargeFrequencyCode","enum":["RECURRING","INSTALLMENT","REGULAR"],"description":"Frequency of Charge. Example monthly,yearly,quarterly","type":"string"},"basisAmount":{"name":"basisAmount","description":"The amount on which the charge is calculated. This may be different from the line amount","$ref":"Amount"},"basisQuantity":{"name":"basisQuantity","description":"The quantity used for calculating the charge. This may be different from the line quantity","$ref":"Quantity"},"amount":{"name":"amount","description":"Charge Amount in the transactional currency","$ref":"Amount"},"calculationPercent":{"name":"calculationPercent","description":"The percentage applied to the Basis Amount or Basis Quantity to calculate the charge. Either the CalculationPercent or the CalculationNumericRate can be specified","type":"number","format":"float"},"calculation":{"name":"calculation","description":"Formula used to calculate the charge described as text","type":"array","items":{"name":"calculation","type":"string"}},"discountAmount":{"name":"discountAmount","description":"The Amount by which the price is discounted","$ref":"Amount"},"discountPercent":{"name":"discountPercent","description":"The percentage by which the price is discounted","type":"number","format":"float"},"reason":{"name":"reason","description":"Reason for applying the charge, if any","type":"string"},"effectivePeriod":{"name":"effectivePeriod","$ref":"TimePeriod"},"prePaidIndicator":{"name":"prePaidIndicator","description":"An indication of whether or not the deduction is prepaid","type":"boolean"},"description":{"name":"description","description":"Description of the charge","type":"array","items":{"$ref":"Description"}},"unitListPrice":{"name":"unitListPrice","$ref":"Amount"},"unitSalePrice":{"name":"unitSalePrice","$ref":"Amount"},"dynamicPricingIndicator":{"name":"dynamicPricingIndicator","description":"Indicates whether the pricing is Committed or Dynamic.","type":"boolean"},"discountMethodCode":{"name":"discountMethodCode","description":"The type of Discount Method. Example Amount or Percent","type":"string"},"actionCode":{"name":"actionCode","description":"Specifies the action to be taken with the charge data.","type":"string"},"chargeId":{"name":"chargeId","description":"Uniquely identifies the charge.","type":"string"}}},"Amount":{"id":"Amount","name":"basisAmount","description":"The amount on which the charge is calculated. This may be different from the line amount","properties":{"currencyCode":{"name":"currencyCode","maxLength":3,"minLength":3,"type":"string","pattern":"[A-Z][A-Z][A-Z]"}}},"Quantity":{"id":"Quantity","name":"basisQuantity","description":"The quantity used for calculating the charge. This may be different from the line quantity","properties":{"measurementUnit":{"name":"measurementUnit","description":"Unit of quantity","type":"string"}}},"TimePeriod":{"id":"TimePeriod","name":"effectivePeriod","properties":{"startTime":{"name":"startTime","description":"Start DateTime of the Time Period","type":"string","format":"date-time"},"duration":{"name":"duration","description":"Duration of the Time Period. For additional information on the duration data type see:  http://www.w3schools.com/schema/schema_dtypes_date.asp","type":"string"},"endTime":{"name":"endTime","description":"End Date Time of the Time Period","type":"string","format":"date-time"}}},"Description":{"id":"Description","name":"description","description":"Description of the charge","properties":{"languageCode":{"name":"languageCode","maxLength":2,"minLength":2,"type":"string","pattern":"[a-z][a-z]"},"usageContext":{"name":"usageContext","description":"The frame of reference where the description is applicable. For example WEB, MOBILE DEVICE.\n\t\t\t\t\t\t","type":"string"}}},"Tax":{"id":"Tax","name":"quotationTax","description":"Details about the Tax applicable on the sales quote.","properties":{"code":{"name":"code","description":"Tax Code","type":"string"},"taxJurisdiction":{"name":"taxJurisdiction","description":"Code used to identify the taxing authority that is applicable for a specific location","type":"string"},"taxAuthorityAmount":{"name":"taxAuthorityAmount","description":"Represents the tax amount in the currency of the taxing authority in addition to the transactional tax amount which may be in a different currency","$ref":"Amount"},"amount":{"name":"amount","description":"Tax Amount in the transactional currency","$ref":"Amount"},"declarationTime":{"name":"declarationTime","description":"DateTime at which the tax value was computed","type":"string","format":"date-time"},"typeCode":{"name":"typeCode","enum":["SALES","VAT","USE","RESORT","PROPERTY","INCOME"],"description":"Identify the type of Tax. An example is type State, with ID as MA","type":"string"},"basisAmount":{"name":"basisAmount","description":"The amount on which the tax is calculated. This may be different from the line amount","$ref":"Amount"},"basisQuantity":{"name":"basisQuantity","description":"The quantity used for calculating the tax. This may be different from the line quantity","$ref":"Quantity"},"taxExemption":{"name":"taxExemption","description":"Indicates whether the","$ref":"taxExemption"},"description":{"name":"description","description":"Description of the tax","type":"array","items":{"$ref":"Description"}},"note":{"name":"note","type":"array","items":{"name":"note","type":"string"}},"taxRate":{"name":"taxRate","$ref":"Rate"},"actionCode":{"name":"actionCode","description":"Specifies the action to be taken with the tax data.","type":"string"},"id":{"name":"id","description":"Uniquely identifies the tax record.","type":"string"}}},"taxExemption":{"id":"taxExemption","name":"taxExemption","description":"Indicates whether the","properties":{"id":{"name":"id","description":"Unique identifier for the specific tax exemption that applies to the tax.","type":"string"}}},"Rate":{"id":"Rate","name":"taxRate","properties":{"measurementUnit":{"name":"measurementUnit","description":"Unit of quantity","type":"string"},"baseMeasurementUnit":{"name":"baseMeasurementUnit","description":"The measurement unit of the denominator of the definition of the rate.","type":"string"},"baseValue":{"name":"baseValue","description":"The value of the denominator of the defintion of the rate.","type":"number","format":"double"}}},"Deduction":{"id":"Deduction","name":"quotationDeduction","description":"Details about the Deduction applied to reduce the total amount on the sales quote. Examples are discount for Early Payment, Coupons etc.","properties":{"typeCode":{"name":"typeCode","enum":["RECURRING","ONETIME"],"description":"Identify the type of deduction","type":"string"},"basisAmount":{"name":"basisAmount","description":"The amount on which the deduction is calculated. This may be different from the line amount","$ref":"Amount"},"basisQuantity":{"name":"basisQuantity","description":"The quantity used for calculating the deduction This may be different from the line quantity","$ref":"Quantity"},"amount":{"name":"amount","description":"Deduction Amount in the transactional currency","$ref":"Amount"},"calculationPercent":{"name":"calculationPercent","description":"The percentage applied to the Basis Amount or Basis Quantity to calculate the deduction. Either the CalculationPercent or the CalculationNumericRate can be specified","type":"number","format":"float"},"calculation":{"name":"calculation","description":"Formula used to calculate the deduction described as text","type":"array","items":{"name":"calculation","type":"string"}},"reason":{"name":"reason","enum":["OVERRIDE","PROMOTION","VOLUME","GOODWILL","CORRECTION"],"description":"Reason for applying the deduction","type":"string"},"effectivePeriod":{"name":"effectivePeriod","$ref":"TimePeriod"},"prePaidIndicator":{"name":"prePaidIndicator","description":"An indication of whether or not the deduction is prepaid","type":"boolean"},"description":{"name":"description","type":"array","items":{"$ref":"Description"}},"actionCode":{"name":"actionCode","description":"Specifies the action to be taken with the deduction.","type":"string"},"deductionId":{"name":"deductionId","description":"Uniquely identifies the deduction.","type":"string"}}},"Indicator":{"id":"Indicator","name":"creditVerificationSuccess","description":"Flag to indicate whether Customer\u0027s Credit Check passed or not.","properties":{"name":{"name":"name","description":"An Indicator is a property of an object that can be assigned a value.","type":"string"}}},"Note":{"id":"Note","name":"note","description":"Comments or Notes about the quote.","properties":{"entryTime":{"name":"entryTime","description":"Date and time when the note was entered/created.","type":"string","format":"date-time"},"noteType":{"name":"noteType","description":"An extensive list of note types (500+) are defined for systematic use. Business rules determine which note to apply in a given situation.","type":"string"},"content":{"name":"content","description":"Addiitonal descriptive information entered by the author to supplement the system text.","type":"string"},"author":{"name":"author","description":"Identifies the author of the note.","type":"string"},"id":{"name":"id","description":"Unique identifier assigned by the system of record.","type":"string"},"language":{"name":"language","maxLength":2,"minLength":2,"description":"Identifier for the language used in the description.  Value is the ISO 639-1 Code, a two letter code such as   (en-US,en-CA,en-GB)defined at www.w3.org/standards ","type":"string","pattern":"[a-z][a-z]"}}},"EffectivePeriod":{"id":"EffectivePeriod","name":"effectivePeriod","description":"Specifies the time period during which the quotation is valid.","properties":{"startTime":{"name":"startTime","description":"Start DateTime of the Time Period","type":"string","format":"date-time"},"duration":{"name":"duration","description":"Duration of the Time Period. For additional information on the duration data type see:  http://www.w3schools.com/schema/schema_dtypes_date.asp","type":"string"},"endTime":{"name":"endTime","description":"End Date Time of the Time Period","type":"string","format":"date-time"},"usageContext":{"name":"usageContext","type":"string"}}},"QuotationStatus":{"id":"QuotationStatus","name":"quotationStatus","description":"The status of the quote, for example, In Progress, Approved, Sent to Customer, Accepted, or Rejected by Customer.","properties":{"name":{"name":"name","description":"The user-friendly label that defines the state of the object, as the point in time expressed by effectivePeriod.","type":"string"},"description":{"name":"description","description":"An explanation of the status.","type":"array","items":{"$ref":"Description"}},"effectivePeriod":{"name":"effectivePeriod","description":"The time during which the object is/was in this Status.","$ref":"TimePeriod"},"reasonCode":{"name":"reasonCode","type":"string"},"statusCode":{"name":"statusCode","enum":["Offered","Cancelled","Deferred","Accepted","Rejected"],"type":"string"},"subStatusCode":{"name":"subStatusCode","type":"string"}}},"Promotion":{"id":"Promotion","name":"promotion","description":"Refers to the Promotion attached to the quote.","properties":{"promotionName":{"name":"promotionName","type":"string"},"promotionDescription":{"name":"promotionDescription","type":"array","items":{"$ref":"Description"}},"promotionShortDescription":{"name":"promotionShortDescription","type":"array","items":{"name":"promotionShortDescription","type":"string"}},"promotionEffectivePeriod":{"name":"promotionEffectivePeriod","$ref":"EffectivePeriod"},"promotionId":{"name":"promotionId","type":"string"}}},"Attachment":{"id":"Attachment","name":"contract","description":"Reference to the agreement or contract for this customer which may not be tied to a particular product or order.","properties":{"typeCode":{"name":"typeCode","enum":["URL","TEXT","JPG","PDF","HTML","PNG","XML"],"description":"Type of attachment, e.g., URL, TEXT, JPG, PNG, HTML, PDF","type":"string"},"purposeCode":{"name":"purposeCode","description":"Primary purpose of the attachment, e.g., Shipping, Manufacturing, Invoicing.","type":"string"},"name":{"name":"name","description":"Name of the attachment","type":"array","items":{"name":"name","type":"string"}},"title":{"name":"title","description":"Title of the attachment. This is not the file name e.g. the title of a document is different from the file name of the document","type":"array","items":{"name":"title","type":"string"}},"sizeQuantity":{"name":"sizeQuantity","description":"Size of the attachment","$ref":"Quantity"},"creationTime":{"name":"creationTime","description":"Date Time of creation of the document in the system of record","type":"string","format":"date-time"},"embeddedData":{"name":"embeddedData","description":"Element holding data embedded directly in the BOD instance","$ref":"BinaryObject"},"URI":{"name":"URI","description":"URI indicating where the attachment is located","type":"string"},"description":{"name":"description","description":"Description of the attachment","type":"array","items":{"$ref":"Description"}},"note":{"name":"note","type":"array","items":{"$ref":"Note"}},"version":{"name":"version","type":"string"},"id":{"name":"id","description":"Uniquely identifies the attachment record.","type":"string"}}},"BinaryObject":{"id":"BinaryObject","name":"embeddedData","description":"Element holding data embedded directly in the BOD instance","properties":{"characterSetCode":{"name":"characterSetCode","type":"string"},"fileName":{"name":"fileName","type":"string"},"mimeCode":{"name":"mimeCode","type":"string"}}},"Contact":{"id":"Contact","name":"shipToParty","description":"Details about the default Party to whom the line items on the Sales Quote are shipped or the services on the Sales Quote are provided.","properties":{"personName":{"name":"personName","description":"Name of the person to be contacted.","type":"array","items":{"$ref":"PersonName"}},"jobTitle":{"name":"jobTitle","description":"Job title or role of the person to be contacted.","type":"array","items":{"name":"jobTitle","type":"string"}},"companyName":{"name":"companyName","description":"Name of the company where the person can be contacted","type":"string"},"status":{"name":"status","type":"array","items":{"$ref":"ContactStatus"}},"preference":{"name":"preference","description":"Precedence, advantage, or choice of one contact over another","$ref":"Preference"},"addressCommunication":{"name":"addressCommunication","type":"array","items":{"$ref":"AddressCommunication"}},"phoneCommunication":{"name":"phoneCommunication","type":"array","items":{"$ref":"PhoneCommunication"}},"emailCommunication":{"name":"emailCommunication","type":"array","items":{"$ref":"EmailCommunication"}},"websiteCommunication":{"name":"websiteCommunication","type":"array","items":{"$ref":"WebsiteCommunication"}},"preferredLanguage":{"name":"preferredLanguage","description":"The preferred language of communication in the specified usage context. ISO 639-1 Code (en-US,en-CA,en-GB)","type":"array","items":{"$ref":"PreferredLanguage"}},"preferredCommunicationChannel":{"name":"preferredCommunicationChannel","description":"Precedence, advantage, or choice of one communication channel, for example  email vs phone","type":"array","items":{"$ref":"PreferredCommunicationChannel"}},"socialCommunication":{"name":"socialCommunication","type":"array","items":{"$ref":"SocialCommunication"}},"securityProfile":{"name":"securityProfile","$ref":"SecurityProfile"},"id":{"name":"id","description":"Uniquely identifies the Contact.","type":"string"}}},"PersonName":{"id":"PersonName","name":"personName","description":"Name of the person to be contacted.","properties":{"nameType":{"name":"nameType","description":"Type of name such as Legal name, official name and so on.","type":"string"},"fullName":{"name":"fullName","description":"The person\u0027s full name.","type":"string"},"firstName":{"name":"firstName","description":"Is the Persons given name or first name","type":"string"},"middleName":{"name":"middleName","description":"Is the persons middle name or initial.","type":"array","items":{"name":"middleName","type":"string"}},"familyName":{"name":"familyName","description":"Is the persons family name","type":"array","items":{"name":"familyName","type":"string"}},"maidenName":{"name":"maidenName","description":"A married name is the family name adopted by a person upon marriage, and in speaking of the many cultures where the practice is traditional for women, the maiden name is the family name that the married name replaces.","type":"string"},"title":{"name":"title","description":"Is the title of the person. For example Dr, Senator, Mr..","type":"array","items":{"name":"title","type":"string"}},"salutation":{"name":"salutation","description":"Way the person is addressed e.g. Honorable etc?","type":"array","items":{"name":"salutation","type":"string"}},"prefix":{"name":"prefix","description":"Prefix to the last name that is not considered part of the last name, such as German von or French dela, etc.","type":"string"},"suffix":{"name":"suffix","description":"Suffix to the last name, such as Senior, III, the Third etc. \n","type":"string"},"militaryRank":{"name":"militaryRank","description":"Military Rank \n","type":"string"},"preferredName":{"name":"preferredName","description":"Name by which the person prefers to be addressed","type":"string"},"aliasName":{"name":"aliasName","description":"Alias by which the person is known","type":"array","items":{"name":"aliasName","type":"string"}},"effectivePeriod":{"name":"effectivePeriod","description":"A period of time for which the name is effective.","$ref":"TimePeriod"},"id":{"name":"id","type":"string"}}},"ContactStatus":{"id":"ContactStatus","name":"status","properties":{"name":{"name":"name","description":"The user-friendly label that defines the state of the object, as the point in time expressed by effectivePeriod.","type":"string"},"description":{"name":"description","description":"An explanation of the status.","type":"array","items":{"$ref":"Description"}},"effectivePeriod":{"name":"effectivePeriod","description":"The time during which the object is/was in this Status.","$ref":"TimePeriod"},"reasonCode":{"name":"reasonCode","type":"string"},"statusCode":{"name":"statusCode","enum":["VALIDATED","NONVALIDATED"],"description":"A short hand identifier for the state of the object, at the point in time specified by the effectivePeriod.","type":"string"},"subStatusCode":{"name":"subStatusCode","description":"A finer division of code.","type":"string"}}},"Preference":{"id":"Preference","name":"preference","description":"Precedence, advantage, or choice of one contact over another","properties":{"preferred":{"name":"preferred","description":"Indicator if this is a preferred communication. If false, this communication should be less used.\n\t\t\t\t\t","type":"boolean"},"ranking":{"name":"ranking","description":"Priority of ranking of the associated object or component. The lower the number, the higher the priority.\n\t\t\t\t\t","type":"string"}}},"AddressCommunication":{"id":"AddressCommunication","name":"addressCommunication","properties":{"preference":{"name":"preference","description":"Precedence, advantage, or choice of one communication over another","$ref":"Preference"},"effectivePeriod":{"name":"effectivePeriod","description":"The segment of time when the communication is valid/available.\t\t\t\t\t","$ref":"TimePeriod"},"privacyProfile":{"name":"privacyProfile","description":"Privacy controls for this communication, indicating the circumstances in which this communication should be\nused.\n\t\t\t\t\t","type":"array","items":{"$ref":"PrivacyProfile"}},"collectionSource":{"name":"collectionSource","enum":["CUSTOMER","ACXIOM","CENSUS","DRG","FACEBOOK","LINKEDIN","OTHER","EMPLOYER","GOOGLEPLUS","TWITTER"],"type":"string"},"id":{"name":"id","type":"string"},"address":{"name":"address","description":"A place where a person or organization may be communicated with. Usually a mailing (postal) or physical address.","$ref":"Address"},"usageContext":{"name":"usageContext","description":"Usage context specifies a way in which an address should be used.","type":"array","items":{"name":"usageContext","enum":["HOME","WORK","MAILING","SHIPPING","BILLING","PHYSICAL","E911","PPU","SKIPTRACE","HOME","WORK","MAILING","SHIPPING","BILLING","PHYSICAL","E911","PPU","SKIPTRACE"],"type":"string"}},"communicationStatus":{"name":"communicationStatus","description":"Status of communication for this address.","$ref":"AddressCommunicationStatus"}}},"PrivacyProfile":{"id":"PrivacyProfile","name":"privacyProfile","description":"Privacy controls for this communication, indicating the circumstances in which this communication should be\nused.\n\t\t\t\t\t","properties":{"optOut":{"name":"optOut","enum":["DEFAULT","OPTIN","OPTOUT"],"description":"Indicates the opt out option.\nIf true, this communication cannot be used for telemarketing calls, mails, emails...etc. ","type":"string"},"reason":{"name":"reason","description":"Indicates the reason for applying the Opt Out, if any.\n\t\t\t\t\t","type":"string"},"activityType":{"name":"activityType","enum":["BILLING","MARKETING"],"description":"Indicates the type of marketing activity that the customer has opted out from. If no value is provided, it is assumed that the customer has opted out from all marketing activity through this communication channel. ","type":"string"}}},"Address":{"required":["postalCode"],"id":"Address","name":"address","description":"A place where a person or organization may be communicated with. Usually a mailing (postal) or physical address.","properties":{"addressFormatType":{"name":"addressFormatType","enum":["STREET","POBOX","MILITARY","FOREIGN","HIGHWAY","RURALROUTE"],"description":"A code specifying the format of this address(STREET_ADDRESS, POBOX_ADDRESS,MILITARY_ADDRESS,FOREIGN_ADDRESS,HWY_ADDRESS,RURALROUTE_ADDRESS)","type":"string"},"addressLine1":{"name":"addressLine1","description":"The first free form line, expressed as text, of an address","type":"string"},"addressLine2":{"name":"addressLine2","description":"The first second form line, expressed as text, of an address","type":"string"},"addressLine3":{"name":"addressLine3","description":"The third free form line, expressed as text, of an address","type":"string"},"addressLine4":{"name":"addressLine4","description":"The fourth free form line, expressed as text, of an address","type":"string"},"cityName":{"name":"cityName","description":"The name, expressed as text, of the city, town or village of this address","type":"string"},"stateName":{"name":"stateName","description":"Name of the state in which  the city falls, where applicable","type":"string"},"stateCode":{"name":"stateCode","description":"Code of the state in which  the city falls, where applicable(WA, TX, GA)","type":"string"},"provinceName":{"name":"provinceName","description":"Name of the province where the address is located, if applicable","type":"string"},"provinceCode":{"name":"provinceCode","description":"Code of the province where the address is located, if applicable(OX,PQ)","type":"string"},"countyName":{"name":"countyName","description":"County Name, if applicable","type":"string"},"countryCode":{"name":"countryCode","maxLength":3,"minLength":3,"description":"The unique identifier of a country for this address (Reference ISO 3166 and UN/ECE Rec 3)","type":"string","pattern":"[A-Z][A-Z][A-Z]"},"countryName":{"name":"countryName","description":"The name of a country for this address (Reference ISO 3166 and UN/ECE Rec 3)","type":"string"},"attentionOf":{"name":"attentionOf","description":"The name, expressed as text, of a person or department in the organization to whom incoming mail is marked with words such as \u0027for the attention of\u0027 or \u0027FAO\u0027 or \u0027ATTN\u0027 for this address","type":"string"},"careOf":{"name":"careOf","description":"The name, expressed as text, of a person or organization at this address to whom incoming mail is marked with words such as \u0027care of\u0027 or \u0027C/O\u0027","type":"string"},"postalCode":{"name":"postalCode","maxLength":9,"minLength":5,"description":"A code specifying the postal code of the address","type":"string"},"postalCodeExtension":{"name":"postalCodeExtension","description":"An extension to the postalcode of the address, e.g., in 94070-3541, the extension is 3541.","type":"string"},"geoCodeID":{"name":"geoCodeID","description":"A unique code that represents a geospatial coordinate measurement of an exact geographic location and time at, below, or above the surface of the earth","type":"string"},"uncertaintyIndicator":{"name":"uncertaintyIndicator","description":"Uncertainty code for geoCode: \u0027FULL\u0027-Full Address, \u0027ZIP\u0027-Rural Zip+4, \u0027E\u0027-Rural Zip+2, \u0027RURAL\u0027-Rural Zip, \u0027D\u0027-Street Zip+4, \u0027L\u0027-Street Zip+2, \u0027STREET\u0027-Street zip","type":"string"},"inCityLimitIndicator":{"name":"inCityLimitIndicator","description":"Indicates whether or not this address is within the taxing boundary of the jurisdiction that\u0027s provided in the address.","type":"boolean"},"geographicCoordinates":{"name":"geographicCoordinates","$ref":"geographicCoordinates"},"countyCode":{"name":"countyCode","description":"A numeric code identifying the county from the Federal Information Processing Standard (FIPS).","type":"string"}}},"geographicCoordinates":{"id":"geographicCoordinates","name":"geographicCoordinates","properties":{"latitude":{"name":"latitude","type":"string"},"longitude":{"name":"longitude","type":"string"}}},"AddressCommunicationStatus":{"id":"AddressCommunicationStatus","name":"communicationStatus","description":"Status of communication for this address.","properties":{"name":{"name":"name","description":"The user-friendly label that defines the state of the object, as the point in time expressed by effectivePeriod.","type":"string"},"description":{"name":"description","description":"An explanation of the status.","type":"array","items":{"$ref":"Description"}},"effectivePeriod":{"name":"effectivePeriod","description":"The time during which the object is/was in this Status.","$ref":"TimePeriod"},"reasonCode":{"name":"reasonCode","type":"string"},"statusCode":{"name":"statusCode","enum":["VALIDATED","NONVALIDATED","UNDELIVERABLE"],"description":"A short hand identifier for the state of the object, at the point in time specified by the effectivePeriod.","type":"string"},"subStatusCode":{"name":"subStatusCode","enum":["OVERWRITTEN"],"description":"A finer division of code.","type":"string"}}},"PhoneCommunication":{"required":["phoneNumber"],"id":"PhoneCommunication","name":"phoneCommunication","properties":{"preference":{"name":"preference","description":"Precedence, advantage, or choice of one communication over another","$ref":"Preference"},"effectivePeriod":{"name":"effectivePeriod","description":"The segment of time when the communication is valid/available.\t\t\t\t\t","$ref":"TimePeriod"},"privacyProfile":{"name":"privacyProfile","description":"Privacy controls for this communication, indicating the circumstances in which this communication should be\nused.\n\t\t\t\t\t","type":"array","items":{"$ref":"PrivacyProfile"}},"collectionSource":{"name":"collectionSource","enum":["CUSTOMER","ACXIOM","CENSUS","DRG","FACEBOOK","LINKEDIN","OTHER","EMPLOYER","GOOGLEPLUS","TWITTER"],"type":"string"},"id":{"name":"id","type":"string"},"phoneType":{"name":"phoneType","enum":["LANDLINE","MOBILE","FAX","SATELLITE"],"description":"Indicates the type of Phone Communication. ","type":"string"},"phoneNumber":{"name":"phoneNumber","description":"The complete number without separation between \tcountry code, area code etc\n\t\t\t\t\t\t\t","type":"string"},"countryDialingCode":{"name":"countryDialingCode","description":"The country dialing code for a telephone communication number.\n\t\t\t\t\t\t\t","type":"string"},"areaCode":{"name":"areaCode","description":"The area dialing code for a communication number\n\t\t\t\t\t\t\t","type":"string"},"localNumber":{"name":"localNumber","description":"The communication number, not including country dialing or area dialing codes\n\t\t\t\t\t\t\t","type":"string"},"phoneExtension":{"name":"phoneExtension","description":"The extension of the associated communication\nnumber\n\t\t\t\t\t\t\t","type":"string"},"accessCode":{"name":"accessCode","description":"The text that permits access to the electronic network of the associated ommunication number such as telephone network, for example 9, *70.\n\t\t\t\t\t\t\t","type":"string"},"serviceUsageType":{"name":"serviceUsageType","description":"Indicates what type of phone service is governed by this Communication. Example, SMS, MMS ","type":"array","items":{"name":"serviceUsageType","enum":["SMS","VOICE","VOICE","SMS","MMS","DATA","APP","FAX","VOICEMAIL"],"type":"string"}},"usageContext":{"name":"usageContext","type":"array","items":{"name":"usageContext","enum":["PRIMARY","SECONDARY","BILLING","HOME","WORK","DATANOTIFY","OTHER","SECURITY","SKIPTRACE"],"type":"string"}},"communicationStatus":{"name":"communicationStatus","$ref":"PhoneCommunicationStatus"}}},"PhoneCommunicationStatus":{"id":"PhoneCommunicationStatus","name":"communicationStatus","properties":{"name":{"name":"name","description":"The user-friendly label that defines the state of the object, as the point in time expressed by effectivePeriod.","type":"string"},"description":{"name":"description","description":"An explanation of the status.","type":"array","items":{"$ref":"Description"}},"effectivePeriod":{"name":"effectivePeriod","description":"The time during which the object is/was in this Status.","$ref":"TimePeriod"},"reasonCode":{"name":"reasonCode","type":"string"},"statusCode":{"name":"statusCode","enum":["INSERVICE","FORWARDED","DISCONNECTED"],"description":"A short hand identifier for the state of the object, at the point in time specified by the effectivePeriod.","type":"string"},"subStatusCode":{"name":"subStatusCode","description":"A finer division of code.","type":"string"}}},"EmailCommunication":{"required":["emailAddress"],"id":"EmailCommunication","name":"emailCommunication","properties":{"preference":{"name":"preference","description":"Precedence, advantage, or choice of one communication over another","$ref":"Preference"},"effectivePeriod":{"name":"effectivePeriod","description":"The segment of time when the communication is valid/available.\t\t\t\t\t","$ref":"TimePeriod"},"privacyProfile":{"name":"privacyProfile","description":"Privacy controls for this communication, indicating the circumstances in which this communication should be\nused.\n\t\t\t\t\t","type":"array","items":{"$ref":"PrivacyProfile"}},"collectionSource":{"name":"collectionSource","enum":["CUSTOMER","ACXIOM","CENSUS","DRG","FACEBOOK","LINKEDIN","OTHER","EMPLOYER","GOOGLEPLUS","TWITTER"],"type":"string"},"id":{"name":"id","type":"string"},"emailAddress":{"name":"emailAddress","description":"URI in the case of email communication\n\t\t\t\t\t\t\t","type":"string"},"emailFormat":{"name":"emailFormat","enum":["HTML","PLAINTEXT","RICHTEXT"],"description":"Indicates that the communication is preferred\tin HTML format, Plain Text, Rich Text.\n\t\t\t\t\t\t\t","type":"string"},"usageContext":{"name":"usageContext","type":"array","items":{"name":"usageContext","enum":["PRIMARY","SECONDARY","BILLING","HOME","WORK","DATANOTIFY","OTHER","SECURITY"],"type":"string"}},"communicationStatus":{"name":"communicationStatus","$ref":"EmailCommunicationStatus"}}},"EmailCommunicationStatus":{"id":"EmailCommunicationStatus","name":"communicationStatus","properties":{"name":{"name":"name","description":"The user-friendly label that defines the state of the object, as the point in time expressed by effectivePeriod.","type":"string"},"description":{"name":"description","description":"An explanation of the status.","type":"array","items":{"$ref":"Description"}},"effectivePeriod":{"name":"effectivePeriod","description":"The time during which the object is/was in this Status.","$ref":"TimePeriod"},"reasonCode":{"name":"reasonCode","type":"string"},"statusCode":{"name":"statusCode","enum":["VALIDATED","NONVALIDATED","DELIVERED","UNDELIVERABLE"],"description":"A short hand identifier for the state of the object, at the point in time specified by the effectivePeriod.","type":"string"},"subStatusCode":{"name":"subStatusCode","enum":["OVERWRITTEN","HARDBOUNCE","SOFTBOUNCE"],"description":"A finer division of code.","type":"string"}}},"WebsiteCommunication":{"id":"WebsiteCommunication","name":"websiteCommunication","properties":{"preference":{"name":"preference","description":"Precedence, advantage, or choice of one communication over another","$ref":"Preference"},"effectivePeriod":{"name":"effectivePeriod","description":"The segment of time when the communication is valid/available.\t\t\t\t\t","$ref":"TimePeriod"},"privacyProfile":{"name":"privacyProfile","description":"Privacy controls for this communication, indicating the circumstances in which this communication should be\nused.\n\t\t\t\t\t","type":"array","items":{"$ref":"PrivacyProfile"}},"collectionSource":{"name":"collectionSource","enum":["CUSTOMER","ACXIOM","CENSUS","DRG","FACEBOOK","LINKEDIN","OTHER","EMPLOYER","GOOGLEPLUS","TWITTER"],"type":"string"},"id":{"name":"id","type":"string"},"websiteURI":{"name":"websiteURI","description":"URI or URL for the communication\n\t\t\t\t\t\t\t","type":"string"},"usageContext":{"name":"usageContext","type":"array","items":{"name":"usageContext","enum":["PERSONAL","BUSINESS"],"type":"string"}},"communicationStatus":{"name":"communicationStatus","$ref":"WebsiteCommunicationStatus"}}},"WebsiteCommunicationStatus":{"id":"WebsiteCommunicationStatus","name":"communicationStatus","properties":{"name":{"name":"name","description":"The user-friendly label that defines the state of the object, as the point in time expressed by effectivePeriod.","type":"string"},"description":{"name":"description","description":"An explanation of the status.","type":"array","items":{"$ref":"Description"}},"effectivePeriod":{"name":"effectivePeriod","description":"The time during which the object is/was in this Status.","$ref":"TimePeriod"},"reasonCode":{"name":"reasonCode","type":"string"},"statusCode":{"name":"statusCode","enum":["AVAILABLE","NOTFOUND"],"description":"A short hand identifier for the state of the object, at the point in time specified by the effectivePeriod.","type":"string"},"subStatusCode":{"name":"subStatusCode","enum":["UNDERCONSTRUCTION"],"description":"A finer division of code.","type":"string"}}},"PreferredLanguage":{"id":"PreferredLanguage","name":"preferredLanguage","description":"The preferred language of communication in the specified usage context. ISO 639-1 Code (en-US,en-CA,en-GB)","properties":{"usageContext":{"name":"usageContext","type":"string"}}},"PreferredCommunicationChannel":{"id":"PreferredCommunicationChannel","name":"preferredCommunicationChannel","description":"Precedence, advantage, or choice of one communication channel, for example  email vs phone","properties":{"communicationType":{"name":"communicationType","enum":["EMAIL","SMS","MAIL","PHONE"],"description":"The type of communication for example EmailCommunication or PhoneCommunication","type":"string"},"preference":{"name":"preference","$ref":"Preference"},"id":{"name":"id","description":"the Id of the communication channel","type":"string"},"usageContext":{"name":"usageContext","enum":["SECURITY","USAGE","ROAMING","MARKETING","ORDERING"],"type":"string"}}},"SocialCommunication":{"id":"SocialCommunication","name":"socialCommunication","properties":{"preference":{"name":"preference","description":"Precedence, advantage, or choice of one communication over another","$ref":"Preference"},"effectivePeriod":{"name":"effectivePeriod","description":"The segment of time when the communication is valid/available.\t\t\t\t\t","$ref":"TimePeriod"},"privacyProfile":{"name":"privacyProfile","description":"Privacy controls for this communication, indicating the circumstances in which this communication should be\nused.\n\t\t\t\t\t","type":"array","items":{"$ref":"PrivacyProfile"}},"collectionSource":{"name":"collectionSource","enum":["CUSTOMER","ACXIOM","CENSUS","DRG","FACEBOOK","LINKEDIN","OTHER","EMPLOYER","GOOGLEPLUS","TWITTER"],"type":"string"},"id":{"name":"id","type":"string"},"usageContext":{"name":"usageContext","type":"array","items":{"name":"usageContext","type":"string"}},"communicationStatus":{"name":"communicationStatus","$ref":"SocialCommunicationStatus"},"socialMediaType":{"name":"socialMediaType","enum":["FACEBOOK","TWITTER","GOOGLEPLUS","INSTAGRAM","YOUTUBE","FOURSQUARE","MYSPACE"],"description":"The social media type identifies the type of social media used by this communication channel.","type":"string"},"socialMediaHandle":{"name":"socialMediaHandle","type":"string"},"customerSentiment":{"name":"customerSentiment","enum":["POSITIVE","NEGATIVE","NEUTRAL"],"type":"string"}}},"SocialCommunicationStatus":{"id":"SocialCommunicationStatus","name":"communicationStatus","properties":{"name":{"name":"name","description":"The user-friendly label that defines the state of the object, as the point in time expressed by effectivePeriod.","type":"string"},"description":{"name":"description","description":"An explanation of the status.","type":"array","items":{"$ref":"Description"}},"effectivePeriod":{"name":"effectivePeriod","description":"The time during which the object is/was in this Status.","$ref":"TimePeriod"},"reasonCode":{"name":"reasonCode","type":"string"},"statusCode":{"name":"statusCode","description":"A short hand identifier for the state of the object, at the point in time specified by the effectivePeriod.","type":"string"},"subStatusCode":{"name":"subStatusCode","description":"A finer division of code.","type":"string"}}},"SecurityProfile":{"required":["emailAddress"],"id":"SecurityProfile","name":"securityProfile","properties":{"userName":{"name":"userName","description":"User name for logging into a software system.","type":"string"},"password":{"name":"password","description":"Password for logging into a software system.","type":"string"},"loginLocked":{"name":"loginLocked","description":"Indicates that the user login is currently locked.","$ref":"Indicator"},"lockType":{"name":"lockType","enum":["HARD","SOFT"],"description":"Type of locking currently in place for the user login.","type":"string"},"securityQuestionSet":{"name":"securityQuestionSet","type":"array","items":{"$ref":"SecurityQuestionSet"}},"emailAddress":{"name":"emailAddress","description":"URI in the case of email communication\n\t\t\t\t\t\t\t","type":"string"},"recoveryPhone":{"name":"recoveryPhone","type":"string"},"authenticationGroup":{"name":"authenticationGroup","type":"array","items":{"$ref":"AuthenticationGroup"}},"commissionsCode":{"name":"commissionsCode","description":"The commissions code may be a dealer code or a rep id, depending on the context.","type":"string"},"passwordResetCount":{"name":"passwordResetCount","$ref":"Quantity"},"loginFailureCount":{"name":"loginFailureCount","$ref":"Quantity"},"status":{"name":"status","type":"array","items":{"$ref":"status"}},"loginTime":{"name":"loginTime","type":"string","format":"date-time"},"activityHistory":{"name":"activityHistory","type":"array","items":{"$ref":"ActivityInstance"}},"msisdn":{"name":"msisdn","maxLength":15,"minLength":10,"type":"string","pattern":"[0-9]{10,15}"},"enhancementReminderDate":{"name":"enhancementReminderDate","type":"string","format":"date-time"},"resourceEntitlement":{"name":"resourceEntitlement","type":"array","items":{"$ref":"ResourceEntitlement"}},"pin":{"name":"pin","description":"Personal identification number. The pin is normally associated to the MSISDN, not the user.","type":"string"},"profileId":{"name":"profileId","type":"string"}}},"SecurityQuestionSet":{"id":"SecurityQuestionSet","name":"securityQuestionSet","properties":{"securityQuestion":{"name":"securityQuestion","description":"A question and answer pair. The answer would only be sent in a message when the customer is initially setting up their answers.","type":"array","items":{"$ref":"SecurityQuestion"}},"languageCode":{"name":"languageCode","maxLength":2,"minLength":2,"description":"The language selected by the customer for the set of security questions.","type":"string","pattern":"[a-z][a-z]"},"setName":{"name":"setName","description":"The name of the set of security questions. Different sets of questions are expected for self care and for assisted care.","type":"string"}}},"SecurityQuestion":{"id":"SecurityQuestion","name":"securityQuestion","description":"A question and answer pair. The answer would only be sent in a message when the customer is initially setting up their answers.","properties":{"question":{"name":"question","description":"The question to be answered by the customer in the chosen language.","$ref":"Text"},"answer":{"name":"answer","description":"The answer to the security question would only be sent in a message when the customer is initially setting up their answers.","$ref":"Text"},"ranking":{"name":"ranking","description":"Specifies the sequence in which the questions will be presented.","type":"string"},"id":{"name":"id","type":"string"},"name":{"name":"name","description":"A unique name identifying the question within the set. The name may be used for selecting the question from a list.","type":"string"}}},"AuthenticationGroup":{"id":"AuthenticationGroup","name":"authenticationGroup","properties":{"authenticationGroupName":{"name":"authenticationGroupName","type":"string"},"authenticationType":{"name":"authenticationType","type":"string"}}},"status":{"id":"status","name":"status","properties":{"name":{"name":"name","description":"The user-friendly label that defines the state of the object, as the point in time expressed by effectivePeriod.","type":"string"},"description":{"name":"description","description":"An explanation of the status.","type":"array","items":{"$ref":"Description"}},"effectivePeriod":{"name":"effectivePeriod","description":"The time during which the object is/was in this Status.","$ref":"TimePeriod"},"reasonCode":{"name":"reasonCode","type":"string"},"statusCode":{"name":"statusCode","type":"string"}}},"ActivityInstance":{"id":"ActivityInstance","name":"activityHistory","properties":{"activity":{"name":"activity","description":"Uniquely identifies the business activity definition.","$ref":"Activity"},"activityPeriod":{"name":"activityPeriod","description":"Time period that the activity occurred, is occurring or will occur.","$ref":"TimePeriod"},"reason":{"name":"reason","description":"Code identifying the reason for the activity","type":"string"},"activityInstanceStatus":{"name":"activityInstanceStatus","type":"array","items":{"$ref":"ActivityInstanceStatus"}},"performedBy":{"name":"performedBy","type":"string"},"id":{"name":"id","description":"Unique identifier assigned by the system of record for the occurrence of the business activity.","type":"string"}}},"Activity":{"id":"Activity","name":"activity","description":"Uniquely identifies the business activity definition.","properties":{"activityName":{"name":"activityName","enum":["ACTIVATION","CHANGEFEATURE","CHANGERATEPLAN","KITACTIVATION","VIEW"],"description":"The unique name of the business activity.  For example: Activation, ChangeRatePlan","type":"string"},"description":{"name":"description","description":"Description of the processing activity.","type":"array","items":{"$ref":"Description"}},"activityStatus":{"name":"activityStatus","type":"array","items":{"$ref":"ActivityStatus"}},"effectivePeriod":{"name":"effectivePeriod","description":"The time frame where the Activity is use (effective).","$ref":"EffectivePeriod"},"activityId":{"name":"activityId","description":"Uniquely identifies the business activity definition.","type":"string"}}},"ActivityStatus":{"id":"ActivityStatus","name":"activityStatus","properties":{"name":{"name":"name","description":"The user-friendly label that defines the state of the object, as the point in time expressed by effectivePeriod.","type":"string"},"description":{"name":"description","description":"An explanation of the status.","type":"array","items":{"$ref":"Description"}},"effectivePeriod":{"name":"effectivePeriod","description":"The time during which the object is/was in this Status.","$ref":"TimePeriod"},"reasonCode":{"name":"reasonCode","type":"string"},"statusCode":{"name":"statusCode","description":"A short hand identifier for the state of the object, at the point in time specified by the effectivePeriod.","type":"string"},"subStatusCode":{"name":"subStatusCode","description":"A finer division of code.","type":"string"}}},"ActivityInstanceStatus":{"id":"ActivityInstanceStatus","name":"activityInstanceStatus","properties":{"name":{"name":"name","description":"The user-friendly label that defines the state of the object, as the point in time expressed by effectivePeriod.","type":"string"},"description":{"name":"description","description":"An explanation of the status.","type":"array","items":{"$ref":"Description"}},"effectivePeriod":{"name":"effectivePeriod","description":"The time during which the object is/was in this Status.","$ref":"TimePeriod"},"reasonCode":{"name":"reasonCode","type":"string"},"statusCode":{"name":"statusCode","description":"A short hand identifier for the state of the object, at the point in time specified by the effectivePeriod.","type":"string"},"subStatusCode":{"name":"subStatusCode","description":"A finer division of code.","type":"string"}}},"ResourceEntitlement":{"id":"ResourceEntitlement","name":"resourceEntitlement","properties":{"resourceName":{"name":"resourceName","description":"The name of the application or other resource whose access is being controlled.","type":"string"},"actionName":{"name":"actionName","description":"The name of the action granted or denied on the resource. For example: view, modify, delete, etc.","type":"string"},"isAccessAllowed":{"name":"isAccessAllowed","description":"Boolean value which says whether access allowed or not.","type":"boolean"},"responseAttribute":{"name":"responseAttribute","description":"The name and value of a response attribute.\n","type":"array","items":{"$ref":"SpecificationValue"}}}},"SpecificationValue":{"id":"SpecificationValue","name":"responseAttribute","description":"The name and value of a response attribute.\n","properties":{"name":{"name":"name","description":"The name of the Specification value; a label by which the value is commonly known.  For example a name \u003d \"LongDescription\" for a value that contains a long description.","type":"string"},"value":{"name":"value","type":"string"},"currencyCode":{"name":"currencyCode","maxLength":3,"minLength":3,"description":"The currency of the SpecificationValue, if the dataType is curency.","type":"string","pattern":"[A-Z][A-Z][A-Z]"},"dataType":{"name":"dataType","description":"The data type of the value.  This is a required attribute.  The recognized data types are specified by the xml w3c standard, minus the namespace prefix.  For example xsd:boolean would be expressed as boolean.","type":"string"},"measurementUnit":{"name":"measurementUnit","description":"The unit of measure of the value, if applicable.","type":"string"},"precision":{"name":"precision","description":"For a numeric value, how many total digits are allowed.","type":"integer","format":"int32"},"scale":{"name":"scale","description":"For a numeric value,the number of digits to the right of the decimal point.","type":"integer","format":"int32"}}},"SalesCommission":{"id":"SalesCommission","name":"salesCommission","description":"Default Salesperson(s) associated with the quote and the commission amount allocated to each person.","properties":{"typeCode":{"name":"typeCode","type":"string"},"percentage":{"name":"percentage","description":"Percentage used to calculate the commission amount","type":"number","format":"float"},"quantity":{"name":"quantity","description":"Commission quantity which could be in monetary, points, etc.","$ref":"Quantity"},"amount":{"name":"amount","description":"Commission amount, this field is deprecated in FP2.5 in order to be consistent with other related concepts such as SalesQuota which uses a quantity field to capture the commission or quota either it is in monetary amount, points, or others.","$ref":"Amount"},"quotaCreditQuantity":{"name":"quotaCreditQuantity","description":"Quantity of quota relief or quota credit calculated in the processing currency, points, etc.","$ref":"Quantity"},"salesperson":{"name":"salesperson","description":"Identifies the salesperson being credited with this commission allocation.","type":"string"},"commissionsCode":{"name":"commissionsCode","description":"The commissions code may be a dealer code or a rep id, depending on the context.","type":"string"}}},"SpecificationGroup":{"id":"SpecificationGroup","name":"quotationSpecification","description":"Name value pairs for additional quotation information, such as for fraud check.","properties":{"specificationValue":{"name":"specificationValue","description":"A specification is a property of an object that can be assigned a value.  SpecificationValue provides a structure to contain   additional details about an object, beyond the attributes that are already defined as concrete, named elements.","type":"array","items":{"$ref":"SpecificationValue"}},"name":{"name":"name","description":"The name of the group of specifications.","type":"string"}}},"links":{"id":"links","name":"links","properties":{"self":{"name":"self","description":"Any list of links is assumed to include a self reference.","$ref":"Link"},"quotationLine":{"name":"quotationLine","description":"A quote line item defines a specific offer that a customer has the option of purchasing at a particular price. A quote line item will typically contain a product offering and a list price. ","type":"array","items":{"$ref":"Link"}},"attachment":{"name":"attachment","description":"Binary, URI or other attachments that apply to the Sales Quote","type":"array","items":{"$ref":"Link"}},"customer":{"name":"customer","$ref":"Link"},"customerAccount":{"name":"customerAccount","$ref":"Link"},"priceListId":{"name":"priceListId","description":"Identifies to the default Price list used for this quote.","$ref":"Link"},"payment":{"name":"payment","description":"Reference to the primary payment associated with this quote, if any.","$ref":"Link"},"financialAccount":{"name":"financialAccount","$ref":"Link"},"lineOfService":{"name":"lineOfService","type":"array","items":{"$ref":"Link"}},"order":{"name":"order","$ref":"Link"}}},"Link":{"id":"Link","name":"self","description":"Any list of links is assumed to include a self reference.","properties":{"rel":{"name":"rel","description":"The relationship that is embodied by the link.","type":"string"},"href":{"name":"href","description":"The HTML reference that provides access to the resource in the link.","type":"string"}}},"createQuotationResponse":{"required":["quotation"],"id":"createQuotationResponse","name":"createQuotationResponse","properties":{"quotation":{"name":"quotation","description":"Sales quotation with validated configuration and revised pricing.","$ref":"Quotation"}}},"getQuotationResponse":{"required":["quotation"],"id":"getQuotationResponse","name":"getQuotationResponse","properties":{"quotation":{"name":"quotation","description":"Sales quotation with validated configuration and revised pricing.","$ref":"Quotation"}}},"getQuotationRejectReasonsResponse":{"required":["programType","quotationRejectReasonId","quotationRejectReason"],"id":"getQuotationRejectReasonsResponse","name":"getQuotationRejectReasonsResponse","properties":{"programType":{"name":"programType","type":"string"},"quotationRejectReasonId":{"name":"quotationRejectReasonId","type":"string"},"quotationRejectReason":{"name":"quotationRejectReason","$ref":"Text"}}},"updateQuotationResponse":{"required":["quotation"],"id":"updateQuotationResponse","name":"updateQuotationResponse","properties":{"quotation":{"name":"quotation","description":"Sales quotation with validated configuration and revised pricing.","$ref":"Quotation"}}},"getTradeInCancelReasonsResponse":{"required":["programType","tradeInCancelReasonId","tradeInCancelReason"],"id":"getTradeInCancelReasonsResponse","name":"getTradeInCancelReasonsResponse","properties":{"programType":{"name":"programType","type":"string"},"tradeInCancelReasonId":{"name":"tradeInCancelReasonId","type":"string"},"tradeInCancelReason":{"name":"tradeInCancelReason","$ref":"Text"}}},"deleteQuotationResponse":{"required":["quotation","quotationLine"],"id":"deleteQuotationResponse","name":"deleteQuotationResponse","properties":{"quotation":{"name":"quotation","description":"Sales quotation with validated configuration and revised pricing.","$ref":"Quotation"},"quotationLine":{"name":"quotationLine","description":"A quote line item defines a specific offer that a customer has the option of purchasing at a particular price. A quote line item will typically contain a product offering and a list price. ","$ref":"QuotationLine"}}},"QuotationLine":{"id":"QuotationLine","name":"quotationLine","description":"A quote line item defines a specific offer that a customer has the option of purchasing at a particular price. A quote line item will typically contain a product offering and a list price. ","properties":{"description":{"name":"description","description":"Description of the quotation line.","type":"array","items":{"$ref":"Description"}},"quotationLineStatus":{"name":"quotationLineStatus","description":"Status of the quotation line.","$ref":"QuotationLineStatus"},"quoteType":{"name":"quoteType","type":"string"},"effectivePeriod":{"name":"effectivePeriod","description":"The time period during which the quotation line if effective, if different from the effective period of the quotation as a whole.","$ref":"EffectivePeriod"},"quotationLineId":{"name":"quotationLineId","type":"string"},"note":{"name":"note","description":"Notes about the quotation line","type":"array","items":{"$ref":"Note"}},"overridePriceAllowedIndicator":{"name":"overridePriceAllowedIndicator","description":"Indicates whether price override is allowed for this quoatation line.","$ref":"Indicator"},"currencyCode":{"name":"currencyCode","maxLength":3,"minLength":3,"description":"Currency used for this quotation line. Applies to all quotation schedules associated with this line unless specified within the schedule.","type":"string","pattern":"[A-Z][A-Z][A-Z]"},"contractReference":{"name":"contractReference","description":"References a contract associated with the quotation line, if applicable. Usually only used for commercial accounts.","type":"string"},"specificationGroup":{"name":"specificationGroup","description":"The specification group allows for extended attributes defined for a particular quotation line. It can be used to capture the configurated definition of the particular product being quoted.","type":"array","items":{"$ref":"SpecificationGroup"}},"quantity":{"name":"quantity","description":"Quantity of the product offering quoted in the quotation line.","$ref":"Quantity"},"promotion":{"name":"promotion","type":"array","items":{"$ref":"Promotion"}},"transactionType":{"name":"transactionType","enum":["HandsetOrder","Exchange","Upgrade","SimOnly"],"description":"This field categorizes the type of order transaction being performed on the quotation line.","type":"string"},"links":{"name":"links","$ref":"links"}}},"QuotationLineStatus":{"id":"QuotationLineStatus","name":"quotationLineStatus","description":"Status of the quotation line.","properties":{"name":{"name":"name","description":"The user-friendly label that defines the state of the object, as the point in time expressed by effectivePeriod.","type":"string"},"description":{"name":"description","description":"An explanation of the status.","type":"array","items":{"$ref":"Description"}},"effectivePeriod":{"name":"effectivePeriod","description":"The time during which the object is/was in this Status.","$ref":"TimePeriod"},"reasonCode":{"name":"reasonCode","type":"string"},"statusCode":{"name":"statusCode","enum":["Offered","Accepted","Deferred","Rejected","Cancelled"],"type":"string"}}},"getTradeInOptOutReasonsResponse":{"required":["programType","tradeInOptOutReasonId","tradeInOptOutReason"],"id":"getTradeInOptOutReasonsResponse","name":"getTradeInOptOutReasonsResponse","properties":{"programType":{"name":"programType","type":"string"},"tradeInOptOutReasonId":{"name":"tradeInOptOutReasonId","type":"string"},"tradeInOptOutReason":{"name":"tradeInOptOutReason","$ref":"Text"}}},"updateQuotationStatusRequest":{"required":["quotationStatus"],"id":"updateQuotationStatusRequest","name":"updateQuotationStatusRequest","properties":{"quotationStatus":{"name":"quotationStatus","$ref":"QuotationStatus"}}},"submitTradeInOrderRequest":{"required":["order"],"id":"submitTradeInOrderRequest","name":"submitTradeInOrderRequest","properties":{"order":{"name":"order","$ref":"Order"}}},"Order":{"id":"Order","name":"order","properties":{"totalAmount":{"name":"totalAmount","description":"Total value of the items on this sales order including taxes or charges.","$ref":"Amount"},"totalTaxAmount":{"name":"totalTaxAmount","description":"Total tax of the items on this sales order. This is the sum of all the line item Tax Amounts","$ref":"Amount"},"extendedAmount":{"name":"extendedAmount","description":"Total value of the items on this sales order not including taxes or charges. This is the sum of all the line item Extended Amounts\n                                ","$ref":"Amount"},"orderTime":{"name":"orderTime","description":"Identifies the date the order was submitted.\n                                ","type":"string","format":"date-time"},"orderLocation":{"name":"orderLocation","description":"The geographic location where the order was placed. May be needed for tax purposes.","$ref":"Store"},"paymentMethodCode":{"name":"paymentMethodCode","enum":["Cash","Credit","Debit","Check","eCheck","EBT","Prepaid","PLDebit"],"description":"Identifies the default payment method applicable for the sales order This is not the actual payment information. It is just information about how the sales order will be paid. \n                                ","type":"string"},"priceList":{"name":"priceList","description":"Identifies the default price list used to determine prices for this order.\n                               ","$ref":"PriceListReference"},"pricingTime":{"name":"pricingTime","description":"Identifies the default date used for pricing. \n                                ","type":"string","format":"date-time"},"paymentTerm":{"name":"paymentTerm","description":"Details about the payment terms for the sales order.  The period allowed for a customer to pay off the amount due on an Order.  For example 0, 5, 30, 180 days.\n                               ","type":"string"},"reason":{"name":"reason","description":"Reason for changing the order. For cancelling the order, the reason will be identified in Status.","type":"string"},"orderType":{"name":"orderType","enum":["ACTIVATION","ADDALINE","CHANGEMSISDN","CHANGESIM","MISCELLANEOUS","ACCESSORY","UPDATECUSTOMER","CHANGEBILLCYCLE","SUSPENDLINE","RESUMELINE","CANCELACCOUNT","CHANGEOFRESPONSIBILITY","CANCELLINE","ADDFEATURE","MODIFYFEATURE","MODIFYLINE","RESETVMPASSWORD","CHANGEDEVICE","CHANGEOFFER","POSTPAYMENT"],"description":"Identifies the type of this Order.","type":"string"},"salesChannel":{"name":"salesChannel","description":"This indicates the channel of the order: Web, Call Center, Distributor A, Retail.\n                                ","$ref":"SalesChannelReference"},"note":{"name":"note","description":" \nNotes about the order.\n                               ","type":"array","items":{"$ref":"Note"}},"creditVerificationSuccess":{"name":"creditVerificationSuccess","description":"Flag to indicate whether Customer\u0027s Credit Check passed or not\n                                ","$ref":"Indicator"},"customerPurchaseOrder":{"name":"customerPurchaseOrder","description":"Identifies the default customer purchase order associated with this order. Primarily used for B2B.","type":"string"},"key":{"name":"key","type":"array","items":{"$ref":"DomainKey"}},"applicationName":{"name":"applicationName","$ref":"Application"},"statusHistory":{"name":"statusHistory","description":"A record of the status changes that have occurred during the life of the order.","$ref":"statusHistory"},"effectivePeriod":{"name":"effectivePeriod","description":"The effective period of the Order allows future dating, or an expiration date after which the order is no longer valid for submission.","$ref":"EffectivePeriod"},"promotion":{"name":"promotion","type":"array","items":{"$ref":"Promotion"}},"orderSpecification":{"name":"orderSpecification","description":"Name value pairs for additional order information, such as for fraud check.","type":"array","items":{"$ref":"SpecificationGroup"}},"relatedOrder":{"name":"relatedOrder","type":"array","items":{"$ref":"RelatedOrder"}},"marketCode":{"name":"marketCode","type":"string"},"ipAddress":{"name":"ipAddress","description":"Internet protocol address where the order was submitted online.","type":"string"},"deviceFingerprintId":{"name":"deviceFingerprintId","description":"Uniquely identifies the device that was used to submit the order.","type":"string"},"backOrderAllowedIndicator":{"name":"backOrderAllowedIndicator","$ref":"Indicator"},"termsAndConditionsDisposition":{"name":"termsAndConditionsDisposition","description":"Disposition of the terms and conditions: whether they were accepted, how, and when.","$ref":"TermsAndConditionsDisposition"},"bypassPaymentProcessing":{"name":"bypassPaymentProcessing","$ref":"Indicator"},"customerPurchaseOrderDate":{"name":"customerPurchaseOrderDate","description":"The date when the customer purchase order was approved.","type":"string","format":"date-time"},"totalAmountExcludingTax":{"name":"totalAmountExcludingTax","description":"Total monetary amount of the order excluding taxes.","$ref":"Amount"},"deliveryBlockIndicator":{"name":"deliveryBlockIndicator","description":"Inidcates that delivery is being blocked, as in the case of a pre-order or backorder scenario.","$ref":"Indicator"},"freightCharge":{"name":"freightCharge","description":"Freight charge associated with this order.","$ref":"Charge"},"businessUnitName":{"name":"businessUnitName","description":"The business unit within the context of which the Customer Order is defined, e.g. B2B, wholesale, etc.","type":"string"},"salesperson":{"name":"salesperson","description":"Identifies the saesperson credited with the order. Normally, the salesperson who entered it.","type":"string"},"orderCharge":{"name":"orderCharge","description":"Charges and fees applied at the order level, not based on a specific line item.","type":"array","items":{"$ref":"Charge"}},"orderDeduction":{"name":"orderDeduction","description":"Discounts and rebates applied at the order level, not based on a specific line item.","type":"array","items":{"$ref":"Deduction"}},"orderTax":{"name":"orderTax","description":"Taxes applied at the order level, not based on a specific line item.","type":"array","items":{"$ref":"Tax"}},"orderTypeVersionID":{"name":"orderTypeVersionID","type":"string"},"versionName":{"name":"versionName","type":"string"},"orderTypeID":{"name":"orderTypeID","type":"string"},"lastUpdateDate":{"name":"lastUpdateDate","type":"string","format":"date-time"},"orderStatus":{"name":"orderStatus","description":"Details about the status of the Customer Order.","$ref":"OrderStatus"},"links":{"name":"links","$ref":"links"},"actionCode":{"name":"actionCode","enum":["SUBMIT","COMPLETE","CANCEL","UPDATE"],"description":"The action to be taken with the order data.","type":"string"},"orderId":{"name":"orderId","description":"Uniquely identifies this order. ","type":"string"}}},"Store":{"id":"Store","name":"orderLocation","description":"The geographic location where the order was placed. May be needed for tax purposes.","properties":{"key":{"name":"key","description":"Alternate identifiers for the store.  For example a partner organization might have their own internal store location identifiers.","type":"array","items":{"$ref":"DomainKey"}},"location":{"name":"location","description":"Information about where the store is physically located.","$ref":"Location"},"dealerCode":{"name":"dealerCode","description":"The Dealer that owns this store.","type":"string"},"partnerId":{"name":"partnerId","description":"The Partner that owns this store.","type":"string"},"relativeDistance":{"name":"relativeDistance","description":"Distance from the store to the point of inquiry.","$ref":"Measure"},"parentStoreId":{"name":"parentStoreId","description":"Uniquely identifies the primary store that this child store is associated with.","type":"string"},"specificationGroup":{"name":"specificationGroup","type":"array","items":{"$ref":"SpecificationGroup"}},"storeType":{"name":"storeType","enum":["RETAIL","TPR","DEALER","MPCS"],"type":"string"},"marketCode":{"name":"marketCode","description":"The three-letter code that uniquely identifies the market.","type":"string"},"id":{"name":"id","description":"The unique  identifier of the store, as defined by the T-Mobile system of record.","type":"string"}}},"DomainKey":{"id":"DomainKey","name":"key","description":"Alternate identifiers for the store.  For example a partner organization might have their own internal store location identifiers.","properties":{"keyName":{"name":"keyName","description":"The name of the key identifier, within the UsageContext. For example, if an object can be \nidentified by a field called code, then keyName \u003d \"code\".","type":"string"},"keyValue":{"name":"keyValue","description":"The value of the key identifier.  For example, if an object can be \nidentified by a field called code, then keyName \u003d \"code\".  The keyValue would be set to the value of the field called \"code\".","type":"string"},"additionalKeyPart":{"name":"additionalKeyPart","description":"Additional key values that are needed to uniquely identify the object within the UsageContext.  For example, if an object can be \nidentified by (code + effectiveDate), the keyName\u003d\"code\" and additionalKeyPart/keyName \u003d \"effectiveDate\".","type":"array","items":{"$ref":"KeyPart"}},"domainName":{"name":"domainName","description":"The system or business domain that is the source of the key. For example: PREPAIDBILLING, WEBCATALOG, SAMSON, SAP.\t\t\t","type":"string"}}},"KeyPart":{"id":"KeyPart","name":"additionalKeyPart","description":"Additional key values that are needed to uniquely identify the object within the UsageContext.  For example, if an object can be \nidentified by (code + effectiveDate), the keyName\u003d\"code\" and additionalKeyPart/keyName \u003d \"effectiveDate\".","properties":{"keyPartName":{"name":"keyPartName","type":"string"},"keyPartValue":{"name":"keyPartValue","type":"string"},"ordinal":{"name":"ordinal","type":"integer","format":"int32"}}},"Location":{"id":"Location","name":"location","description":"Information about where the store is physically located.","properties":{"locationName":{"name":"locationName","description":"The name of the entity located at the given address.","type":"string"},"locationType":{"name":"locationType","description":"The type of entity at this location.","type":"string"},"address":{"name":"address","description":"The physical address of the entity.","$ref":"Address"},"phoneCommunication":{"name":"phoneCommunication","description":"Phone numbers associated with the location, possibly including fax numbers as well as voice lines.","type":"array","items":{"$ref":"PhoneCommunication"}},"id":{"name":"id","description":"The unique  identifier of the location.","type":"string"}}},"Measure":{"id":"Measure","name":"relativeDistance","description":"Distance from the store to the point of inquiry.","properties":{"measurementUnit":{"name":"measurementUnit","description":"Unit of measure.","type":"string"}}},"PriceListReference":{"id":"PriceListReference","name":"priceList","description":"Identifies the default price list used to determine prices for this order.\n                               ","properties":{"name":{"name":"name","type":"string"},"defaultCurrencyCode":{"name":"defaultCurrencyCode","maxLength":3,"minLength":3,"type":"string","pattern":"[A-Z][A-Z][A-Z]"},"priceListId":{"name":"priceListId","type":"string"}}},"SalesChannelReference":{"id":"SalesChannelReference","name":"salesChannel","description":"This indicates the channel of the order: Web, Call Center, Distributor A, Retail.\n                                ","properties":{"salesChannelCode":{"name":"salesChannelCode","enum":["WEB","IVR","RETAIL","NATIONALPARTNER","DEALER","CARE","MOBILE","TELESALES"],"description":"A short-hand unique identifier of the channel, for a specific usage.  For example codeKey\u003d\"CDC\" usageContext \u003d \"WEBCATALOG\"","type":"string"},"name":{"name":"name","description":"The label by which the channel is known. This is a user-friendly name, appropriate for display. This should always be populated if possible, as this is the place  \tapplications will look for a name to display to users.","type":"string"},"description":{"name":"description","description":"The primary description of the channel.  Note: only english description is needed here.","$ref":"Description"},"salesChannelId":{"name":"salesChannelId","type":"string"}}},"Application":{"id":"Application","name":"applicationName","properties":{"name":{"name":"name","enum":["SIVR","TMOBILE.COM","VASA"],"description":"The name of the software application (note:  the list of valid values for needs to be governed and is currently incomplete).","type":"string"},"description":{"name":"description","description":"The primary description of the application Note: only english description is needed here.","$ref":"Description"},"effectivePeriod":{"name":"effectivePeriod","$ref":"EffectivePeriod"},"id":{"name":"id","description":"Uniquely identifies the business application.","type":"string"}}},"statusHistory":{"id":"statusHistory","name":"statusHistory","description":"A record of the status changes that have occurred during the life of the order.","properties":{"historicalStatus":{"name":"historicalStatus","type":"array","items":{"$ref":"OrderStatus"}}}},"OrderStatus":{"id":"OrderStatus","name":"historicalStatus","properties":{"name":{"name":"name","description":"The user-friendly label that defines the state of the object, as the point in time expressed by effectivePeriod.","type":"string"},"description":{"name":"description","description":"An explanation of the status.","type":"array","items":{"$ref":"Description"}},"effectivePeriod":{"name":"effectivePeriod","description":"The time during which the object is/was in this Status.","$ref":"TimePeriod"},"reasonCode":{"name":"reasonCode","type":"string"},"statusCode":{"name":"statusCode","enum":["NEW","INPROCESS","CANCELED","COMPLETE"],"type":"string"}}},"RelatedOrder":{"id":"RelatedOrder","name":"relatedOrder","properties":{"orderId":{"name":"orderId","type":"string"},"relationshipType":{"name":"relationshipType","enum":["Return","Sales","Fulfillment","Shipping"],"type":"string"}}},"TermsAndConditionsDisposition":{"id":"TermsAndConditionsDisposition","name":"termsAndConditionsDisposition","description":"Disposition of the terms and conditions: whether they were accepted, how, and when.","properties":{"acceptanceIndicator":{"name":"acceptanceIndicator","description":"Indicates whether the terms and conditions were accepted.","$ref":"Indicator"},"acceptanceTime":{"name":"acceptanceTime","description":"Date and time that the terms and conditions were accepted.","type":"string","format":"date-time"}}}}}