{
    "apiVersion": "1",
    "swaggerVersion": "1.2",
    "basePath": "https://api.t-mobile.com/data/rest/ordermanagement/v1",
    "resourcePath": "https://api.t-mobile.com/data/rest/ordermanagement/v1",
    "apis": [
        {
            "path": "/shipping/shippinglabel",
            "operations": [
                {
                    "method": "GET",
                    "nickname": "getShippingLabel",
                    "summary": "getShippingLabel",
                    "notes": "Get Shipping lable for Device Trade In transaction.",
                    "responseMessages": [
                        {
                            "code": 404,
                            "message": "Not found"
                        }
                    ],
                    "parameters": [
                        {
                            "paramType": "query",
                            "required": false,
                            "allowMultiple": false,
                            "name": "rmanumber",
                            "type": "rmanumber"
                        }
                    ],
                    "type": "getShippingLabelResponse",
                    "form": false,
                    "produces": [
                        "application/json",
                        "application/xml"
                    ],
                    "consumes": [
                        "application/json",
                        "application/xml"
                    ]
                }
            ]
        },
        {
            "path": "/shipping/{shippingid}",
            "operations": [
                {
                    "method": "GET",
                    "nickname": "getShippingDetails",
                    "summary": "getShippingDetails",
                    "notes": "Get Shipping details for Device Trade In Shipping Id.",
                    "responseMessages": [
                        {
                            "code": 404,
                            "message": "Not found"
                        }
                    ],
                    "parameters": [
                        {
                            "paramType": "path",
                            "required": false,
                            "allowMultiple": false,
                            "name": "shippingid",
                            "type": "shippingid"
                        }
                    ],
                    "type": "getShippingDetailsResponse",
                    "form": false,
                    "produces": [
                        "application/json",
                        "application/xml"
                    ],
                    "consumes": [
                        "application/json",
                        "application/xml"
                    ]
                }
            ]
        }
    ],
    "models": {
        "rmanumber": {
            "id": "rmanumber",
            "name": "rmanumber",
            "type": "object"
        },
        "getShippingLabelResponse": {
            "required": [
                "shipping"
            ],
            "id": "getShippingLabelResponse",
            "name": "getShippingLabelResponse",
            "type": "object",
            "properties": {
                "shipping": {
                    "name": "shipping",
                    "description": "Shipping information includes all the attributes that are used to manage the shipping and transportation of the goods in an order.",
                    "$ref": "Shipping"
                }
            }
        },
        "Shipping": {
            "id": "Shipping",
            "name": "shipping",
            "description": "Shipping information includes all the attributes that are used to manage the shipping and transportation of the goods in an order.",
            "type": "object",
            "properties": {
                "modeOfTransportCode": {
                    "name": "modeOfTransportCode",
                    "enum": [
                        "AIR",
                        "SEA",
                        "GROUND"
                    ],
                    "description": "Identifies the Shipping method of the order\n                                ",
                    "type": "string"
                },
                "freightCarrier": {
                    "name": "freightCarrier",
                    "enum": [
                        "DHL",
                        "FEDEX",
                        "USPS",
                        "UPS"
                    ],
                    "description": "Identifies the freight carrier being used to ship the order.",
                    "type": "string"
                },
                "freightTermCode": {
                    "name": "freightTermCode",
                    "enum": [
                        "EXW",
                        "FCA",
                        "CPT",
                        "CIP",
                        "DAT",
                        "DAP",
                        "DDP"
                    ],
                    "description": "Identifies the Freight terms of the shipment.",
                    "type": "string"
                },
                "shipmentSet": {
                    "name": "shipmentSet",
                    "description": "Indicates a group of items that must ship together\n                               ",
                    "type": "string"
                },
                "requestedShipTime": {
                    "name": "requestedShipTime",
                    "description": "Identifies the default date by which the buyer or customer requests the order to be shipped. \n                                ",
                    "type": "string",
                    "format": "date-time"
                },
                "promisedShipTime": {
                    "name": "promisedShipTime",
                    "description": "The default date by which the order line was promised to be shipped from the supplier to the customer.\n                                ",
                    "type": "string",
                    "format": "date-time"
                },
                "requestedDeliveryTime": {
                    "name": "requestedDeliveryTime",
                    "description": "Identifies the default date goods or services must be delivered to the customer, as specified by the customer. \n                                ",
                    "type": "string",
                    "format": "date-time"
                },
                "promisedDeliveryTime": {
                    "name": "promisedDeliveryTime",
                    "description": "The default date by which the order line was promised to be delivered to the customer.\n                                ",
                    "type": "string",
                    "format": "date-time"
                },
                "shipTo": {
                    "name": "shipTo",
                    "description": "Name and address of the party to whom the order is to be shipped.",
                    "$ref": "Contact"
                },
                "shipFrom": {
                    "name": "shipFrom",
                    "description": "Name and address of the party from whom the order is to be shipped.",
                    "$ref": "Contact"
                },
                "note": {
                    "name": "note",
                    "description": "Shipping notes",
                    "type": "array",
                    "items": {
                        "$ref": "Note"
                    }
                },
                "serviceLevelCode": {
                    "name": "serviceLevelCode",
                    "enum": [
                        "2ND DAY",
                        "NEXT DAY",
                        "PRIORITY"
                    ],
                    "type": "string"
                },
                "partialShipmentAllowedIndicator": {
                    "name": "partialShipmentAllowedIndicator",
                    "description": "Flag indicating whether part of the shipment should be sent, if the full quantity is not available.",
                    "$ref": "Indicator"
                },
                "fobPointCode": {
                    "name": "fobPointCode",
                    "enum": [
                        "FOB Origin",
                        "FOB Destination",
                        "FOB Origin Freight Collect",
                        "FOB Origin Freight Prepaid",
                        "FOB Origin Freight Prepaid and Add",
                        "FOB Destination Freight Collect",
                        "FOB Destination Freight Prepaid",
                        "FOB Destination Freight Collect and Allowed",
                        "FOB Destination Freight Prepaid and Add"
                    ],
                    "description": "Free On Board point code for shipping.",
                    "type": "string"
                },
                "actualShippingTime": {
                    "name": "actualShippingTime",
                    "type": "string",
                    "format": "date-time"
                },
                "actualDeliveryTime": {
                    "name": "actualDeliveryTime",
                    "type": "string",
                    "format": "date-time"
                },
                "id": {
                    "name": "id",
                    "description": "Uniquely identifies the shipment. May be tracking info supplied by the freight carrier.",
                    "type": "string"
                }
            }
        },
        "Contact": {
            "id": "Contact",
            "name": "shipTo",
            "description": "Name and address of the party to whom the order is to be shipped.",
            "type": "object",
            "properties": {
                "personName": {
                    "name": "personName",
                    "description": "Name of the person to be contacted.",
                    "type": "array",
                    "items": {
                        "$ref": "PersonName"
                    }
                },
                "jobTitle": {
                    "name": "jobTitle",
                    "description": "Job title or role of the person to be contacted.",
                    "type": "array",
                    "items": {
                        "name": "jobTitle",
                        "type": "string"
                    }
                },
                "companyName": {
                    "name": "companyName",
                    "description": "Name of the company where the person can be contacted",
                    "type": "string"
                },
                "status": {
                    "name": "status",
                    "type": "array",
                    "items": {
                        "$ref": "ContactStatus"
                    }
                },
                "preference": {
                    "name": "preference",
                    "description": "Precedence, advantage, or choice of one contact over another",
                    "$ref": "Preference"
                },
                "addressCommunication": {
                    "name": "addressCommunication",
                    "type": "array",
                    "items": {
                        "$ref": "AddressCommunication"
                    }
                },
                "phoneCommunication": {
                    "name": "phoneCommunication",
                    "type": "array",
                    "items": {
                        "$ref": "PhoneCommunication"
                    }
                },
                "emailCommunication": {
                    "name": "emailCommunication",
                    "type": "array",
                    "items": {
                        "$ref": "EmailCommunication"
                    }
                },
                "websiteCommunication": {
                    "name": "websiteCommunication",
                    "type": "array",
                    "items": {
                        "$ref": "WebsiteCommunication"
                    }
                },
                "preferredLanguage": {
                    "name": "preferredLanguage",
                    "description": "The preferred language of communication in the specified usage context. ISO 639-1 Code (en-US,en-CA,en-GB)",
                    "type": "array",
                    "items": {
                        "$ref": "PreferredLanguage"
                    }
                },
                "preferredCommunicationChannel": {
                    "name": "preferredCommunicationChannel",
                    "description": "Precedence, advantage, or choice of one communication channel, for example  email vs phone",
                    "type": "array",
                    "items": {
                        "$ref": "PreferredCommunicationChannel"
                    }
                },
                "socialCommunication": {
                    "name": "socialCommunication",
                    "type": "array",
                    "items": {
                        "$ref": "SocialCommunication"
                    }
                },
                "securityProfile": {
                    "name": "securityProfile",
                    "$ref": "SecurityProfile"
                },
                "id": {
                    "name": "id",
                    "description": "Uniquely identifies the Contact.",
                    "type": "string"
                }
            }
        },
        "PersonName": {
            "id": "PersonName",
            "name": "personName",
            "description": "Name of the person to be contacted.",
            "type": "object",
            "properties": {
                "nameType": {
                    "name": "nameType",
                    "description": "Type of name such as Legal name, official name and so on.",
                    "type": "string"
                },
                "fullName": {
                    "name": "fullName",
                    "description": "The person's full name.",
                    "type": "string"
                },
                "firstName": {
                    "name": "firstName",
                    "description": "Is the Persons given name or first name",
                    "type": "string"
                },
                "middleName": {
                    "name": "middleName",
                    "description": "Is the persons middle name or initial.",
                    "type": "array",
                    "items": {
                        "name": "middleName",
                        "type": "string"
                    }
                },
                "familyName": {
                    "name": "familyName",
                    "description": "Is the persons family name",
                    "type": "array",
                    "items": {
                        "name": "familyName",
                        "type": "string"
                    }
                },
                "maidenName": {
                    "name": "maidenName",
                    "description": "A married name is the family name adopted by a person upon marriage, and in speaking of the many cultures where the practice is traditional for women, the maiden name is the family name that the married name replaces.",
                    "type": "string"
                },
                "title": {
                    "name": "title",
                    "description": "Is the title of the person. For example Dr, Senator, Mr..",
                    "type": "array",
                    "items": {
                        "name": "title",
                        "type": "string"
                    }
                },
                "salutation": {
                    "name": "salutation",
                    "description": "Way the person is addressed e.g. Honorable etc?",
                    "type": "array",
                    "items": {
                        "name": "salutation",
                        "type": "string"
                    }
                },
                "prefix": {
                    "name": "prefix",
                    "description": "Prefix to the last name that is not considered part of the last name, such as German von or French dela, etc.",
                    "type": "string"
                },
                "suffix": {
                    "name": "suffix",
                    "description": "Suffix to the last name, such as Senior, III, the Third etc. \n",
                    "type": "string"
                },
                "militaryRank": {
                    "name": "militaryRank",
                    "description": "Military Rank \n",
                    "type": "string"
                },
                "preferredName": {
                    "name": "preferredName",
                    "description": "Name by which the person prefers to be addressed",
                    "type": "string"
                },
                "aliasName": {
                    "name": "aliasName",
                    "description": "Alias by which the person is known",
                    "type": "array",
                    "items": {
                        "name": "aliasName",
                        "type": "string"
                    }
                },
                "effectivePeriod": {
                    "name": "effectivePeriod",
                    "description": "A period of time for which the name is effective.",
                    "$ref": "TimePeriod"
                },
                "id": {
                    "name": "id",
                    "type": "string"
                }
            }
        },
        "TimePeriod": {
            "id": "TimePeriod",
            "name": "effectivePeriod",
            "description": "A period of time for which the name is effective.",
            "type": "object",
            "properties": {
                "startTime": {
                    "name": "startTime",
                    "description": "Start DateTime of the Time Period",
                    "type": "string",
                    "format": "date-time"
                },
                "duration": {
                    "name": "duration",
                    "description": "Duration of the Time Period. For additional information on the duration data type see:  http://www.w3schools.com/schema/schema_dtypes_date.asp",
                    "type": "string"
                },
                "endTime": {
                    "name": "endTime",
                    "description": "End Date Time of the Time Period",
                    "type": "string",
                    "format": "date-time"
                }
            }
        },
        "ContactStatus": {
            "id": "ContactStatus",
            "name": "status",
            "type": "object",
            "properties": {
                "name": {
                    "name": "name",
                    "description": "The user-friendly label that defines the state of the object, as the point in time expressed by effectivePeriod.",
                    "type": "string"
                },
                "description": {
                    "name": "description",
                    "description": "An explanation of the status.",
                    "type": "array",
                    "items": {
                        "$ref": "Description"
                    }
                },
                "effectivePeriod": {
                    "name": "effectivePeriod",
                    "description": "The time during which the object is/was in this Status.",
                    "$ref": "TimePeriod"
                },
                "reasonCode": {
                    "name": "reasonCode",
                    "type": "string"
                },
                "statusCode": {
                    "name": "statusCode",
                    "enum": [
                        "VALIDATED",
                        "NONVALIDATED"
                    ],
                    "description": "A short hand identifier for the state of the object, at the point in time specified by the effectivePeriod.",
                    "type": "string"
                },
                "subStatusCode": {
                    "name": "subStatusCode",
                    "description": "A finer division of code.",
                    "type": "string"
                }
            }
        },
        "Description": {
            "id": "Description",
            "name": "description",
            "description": "An explanation of the status.",
            "type": "object",
            "properties": {
                "languageCode": {
                    "name": "languageCode",
                    "maxLength": 2,
                    "minLength": 2,
                    "type": "string",
                    "pattern": "[a-z][a-z]"
                },
                "usageContext": {
                    "name": "usageContext",
                    "description": "The frame of reference where the description is applicable. For example WEB, MOBILE DEVICE.\n\t\t\t\t\t\t",
                    "type": "string"
                }
            }
        },
        "Preference": {
            "id": "Preference",
            "name": "preference",
            "description": "Precedence, advantage, or choice of one contact over another",
            "type": "object",
            "properties": {
                "preferred": {
                    "name": "preferred",
                    "description": "Indicator if this is a preferred communication. If false, this communication should be less used.\n\t\t\t\t\t",
                    "type": "boolean"
                },
                "ranking": {
                    "name": "ranking",
                    "description": "Priority of ranking of the associated object or component. The lower the number, the higher the priority.\n\t\t\t\t\t",
                    "type": "string"
                }
            }
        },
        "AddressCommunication": {
            "id": "AddressCommunication",
            "name": "addressCommunication",
            "type": "object",
            "properties": {
                "preference": {
                    "name": "preference",
                    "description": "Precedence, advantage, or choice of one communication over another",
                    "$ref": "Preference"
                },
                "effectivePeriod": {
                    "name": "effectivePeriod",
                    "description": "The segment of time when the communication is valid/available.\t\t\t\t\t",
                    "$ref": "TimePeriod"
                },
                "privacyProfile": {
                    "name": "privacyProfile",
                    "description": "Privacy controls for this communication, indicating the circumstances in which this communication should be\nused.\n\t\t\t\t\t",
                    "type": "array",
                    "items": {
                        "$ref": "PrivacyProfile"
                    }
                },
                "collectionSource": {
                    "name": "collectionSource",
                    "enum": [
                        "CUSTOMER",
                        "ACXIOM",
                        "CENSUS",
                        "DRG",
                        "FACEBOOK",
                        "LINKEDIN",
                        "OTHER",
                        "EMPLOYER",
                        "GOOGLEPLUS",
                        "TWITTER"
                    ],
                    "type": "string"
                },
                "id": {
                    "name": "id",
                    "type": "string"
                },
                "address": {
                    "name": "address",
                    "$ref": "Address"
                },
                "usageContext": {
                    "name": "usageContext",
                    "type": "array",
                    "items": {
                        "name": "usageContext",
                        "enum": [
                            "HOME",
                            "WORK",
                            "MAILING",
                            "SHIPPING",
                            "BILLING",
                            "PHYSICAL",
                            "E911",
                            "PPU",
                            "SKIPTRACE"
                        ],
                        "type": "string"
                    }
                },
                "communicationStatus": {
                    "name": "communicationStatus",
                    "$ref": "AddressCommunicationStatus"
                }
            }
        },
        "PrivacyProfile": {
            "id": "PrivacyProfile",
            "name": "privacyProfile",
            "description": "Privacy controls for this communication, indicating the circumstances in which this communication should be\nused.\n\t\t\t\t\t",
            "type": "object",
            "properties": {
                "optOut": {
                    "name": "optOut",
                    "enum": [
                        "DEFAULT",
                        "OPTIN",
                        "OPTOUT"
                    ],
                    "description": "Indicates the opt out option.\nIf true, this communication cannot be used for telemarketing calls, mails, emails...etc. ",
                    "type": "string"
                },
                "reason": {
                    "name": "reason",
                    "description": "Indicates the reason for applying the Opt Out, if any.\n\t\t\t\t\t",
                    "type": "string"
                },
                "activityType": {
                    "name": "activityType",
                    "enum": [
                        "BILLING",
                        "MARKETING"
                    ],
                    "description": "Indicates the type of marketing activity that the customer has opted out from. If no value is provided, it is assumed that the customer has opted out from all marketing activity through this communication channel. ",
                    "type": "string"
                }
            }
        },
        "Address": {
            "required": [
                "postalCode"
            ],
            "id": "Address",
            "name": "address",
            "type": "object",
            "properties": {
                "addressFormatType": {
                    "name": "addressFormatType",
                    "enum": [
                        "STREET",
                        "POBOX",
                        "MILITARY",
                        "FOREIGN",
                        "HIGHWAY",
                        "RURALROUTE"
                    ],
                    "description": "A code specifying the format of this address(STREET_ADDRESS, POBOX_ADDRESS,MILITARY_ADDRESS,FOREIGN_ADDRESS,HWY_ADDRESS,RURALROUTE_ADDRESS)",
                    "type": "string"
                },
                "addressLine1": {
                    "name": "addressLine1",
                    "description": "The first free form line, expressed as text, of an address",
                    "type": "string"
                },
                "addressLine2": {
                    "name": "addressLine2",
                    "description": "The first second form line, expressed as text, of an address",
                    "type": "string"
                },
                "addressLine3": {
                    "name": "addressLine3",
                    "description": "The third free form line, expressed as text, of an address",
                    "type": "string"
                },
                "addressLine4": {
                    "name": "addressLine4",
                    "description": "The fourth free form line, expressed as text, of an address",
                    "type": "string"
                },
                "cityName": {
                    "name": "cityName",
                    "description": "The name, expressed as text, of the city, town or village of this address",
                    "type": "string"
                },
                "stateName": {
                    "name": "stateName",
                    "description": "Name of the state in which  the city falls, where applicable",
                    "type": "string"
                },
                "stateCode": {
                    "name": "stateCode",
                    "description": "Code of the state in which  the city falls, where applicable(WA, TX, GA)",
                    "type": "string"
                },
                "provinceName": {
                    "name": "provinceName",
                    "description": "Name of the province where the address is located, if applicable",
                    "type": "string"
                },
                "provinceCode": {
                    "name": "provinceCode",
                    "description": "Code of the province where the address is located, if applicable(OX,PQ)",
                    "type": "string"
                },
                "countyName": {
                    "name": "countyName",
                    "description": "County Name, if applicable",
                    "type": "string"
                },
                "countryCode": {
                    "name": "countryCode",
                    "maxLength": 3,
                    "minLength": 3,
                    "description": "The unique identifier of a country for this address (Reference ISO 3166 and UN/ECE Rec 3)",
                    "type": "string",
                    "pattern": "[A-Z][A-Z][A-Z]"
                },
                "countryName": {
                    "name": "countryName",
                    "description": "The name of a country for this address (Reference ISO 3166 and UN/ECE Rec 3)",
                    "type": "string"
                },
                "attentionOf": {
                    "name": "attentionOf",
                    "description": "The name, expressed as text, of a person or department in the organization to whom incoming mail is marked with words such as 'for the attention of' or 'FAO' or 'ATTN' for this address",
                    "type": "string"
                },
                "careOf": {
                    "name": "careOf",
                    "description": "The name, expressed as text, of a person or organization at this address to whom incoming mail is marked with words such as 'care of' or 'C/O'",
                    "type": "string"
                },
                "postalCode": {
                    "name": "postalCode",
                    "maxLength": 9,
                    "minLength": 5,
                    "description": "A code specifying the postal code of the address",
                    "type": "string"
                },
                "postalCodeExtension": {
                    "name": "postalCodeExtension",
                    "description": "An extension to the postalcode of the address, e.g., in 94070-3541, the extension is 3541.",
                    "type": "string"
                },
                "geoCodeID": {
                    "name": "geoCodeID",
                    "description": "A unique code that represents a geospatial coordinate measurement of an exact geographic location and time at, below, or above the surface of the earth",
                    "type": "string"
                },
                "uncertaintyIndicator": {
                    "name": "uncertaintyIndicator",
                    "description": "Uncertainty code for geoCode: 'FULL'-Full Address, 'ZIP'-Rural Zip+4, 'E'-Rural Zip+2, 'RURAL'-Rural Zip, 'D'-Street Zip+4, 'L'-Street Zip+2, 'STREET'-Street zip",
                    "type": "string"
                },
                "inCityLimitIndicator": {
                    "name": "inCityLimitIndicator",
                    "description": "Indicates whether or not this address is within the taxing boundary of the jurisdiction that's provided in the address.",
                    "type": "boolean"
                },
                "geographicCoordinates": {
                    "name": "geographicCoordinates",
                    "$ref": "geographicCoordinates"
                },
                "countyCode": {
                    "name": "countyCode",
                    "description": "A numeric code identifying the county from the Federal Information Processing Standard (FIPS).",
                    "type": "string"
                }
            }
        },
        "geographicCoordinates": {
            "id": "geographicCoordinates",
            "name": "geographicCoordinates",
            "type": "object",
            "properties": {
                "latitude": {
                    "name": "latitude",
                    "type": "string"
                },
                "longitude": {
                    "name": "longitude",
                    "type": "string"
                }
            }
        },
        "AddressCommunicationStatus": {
            "id": "AddressCommunicationStatus",
            "name": "communicationStatus",
            "type": "object",
            "properties": {
                "name": {
                    "name": "name",
                    "description": "The user-friendly label that defines the state of the object, as the point in time expressed by effectivePeriod.",
                    "type": "string"
                },
                "description": {
                    "name": "description",
                    "description": "An explanation of the status.",
                    "type": "array",
                    "items": {
                        "$ref": "Description"
                    }
                },
                "effectivePeriod": {
                    "name": "effectivePeriod",
                    "description": "The time during which the object is/was in this Status.",
                    "$ref": "TimePeriod"
                },
                "reasonCode": {
                    "name": "reasonCode",
                    "type": "string"
                },
                "statusCode": {
                    "name": "statusCode",
                    "enum": [
                        "VALIDATED",
                        "NONVALIDATED",
                        "UNDELIVERABLE"
                    ],
                    "description": "A short hand identifier for the state of the object, at the point in time specified by the effectivePeriod.",
                    "type": "string"
                },
                "subStatusCode": {
                    "name": "subStatusCode",
                    "enum": [
                        "OVERWRITTEN"
                    ],
                    "description": "A finer division of code.",
                    "type": "string"
                }
            }
        },
        "PhoneCommunication": {
            "required": [
                "phoneNumber"
            ],
            "id": "PhoneCommunication",
            "name": "phoneCommunication",
            "type": "object",
            "properties": {
                "preference": {
                    "name": "preference",
                    "description": "Precedence, advantage, or choice of one communication over another",
                    "$ref": "Preference"
                },
                "effectivePeriod": {
                    "name": "effectivePeriod",
                    "description": "The segment of time when the communication is valid/available.\t\t\t\t\t",
                    "$ref": "TimePeriod"
                },
                "privacyProfile": {
                    "name": "privacyProfile",
                    "description": "Privacy controls for this communication, indicating the circumstances in which this communication should be\nused.\n\t\t\t\t\t",
                    "type": "array",
                    "items": {
                        "$ref": "PrivacyProfile"
                    }
                },
                "collectionSource": {
                    "name": "collectionSource",
                    "enum": [
                        "CUSTOMER",
                        "ACXIOM",
                        "CENSUS",
                        "DRG",
                        "FACEBOOK",
                        "LINKEDIN",
                        "OTHER",
                        "EMPLOYER",
                        "GOOGLEPLUS",
                        "TWITTER"
                    ],
                    "type": "string"
                },
                "id": {
                    "name": "id",
                    "type": "string"
                },
                "phoneType": {
                    "name": "phoneType",
                    "enum": [
                        "LANDLINE",
                        "MOBILE",
                        "FAX",
                        "SATELLITE"
                    ],
                    "description": "Indicates the type of Phone Communication. ",
                    "type": "string"
                },
                "phoneNumber": {
                    "name": "phoneNumber",
                    "description": "The complete number without separation between \tcountry code, area code etc\n\t\t\t\t\t\t\t",
                    "type": "string"
                },
                "countryDialingCode": {
                    "name": "countryDialingCode",
                    "description": "The country dialing code for a telephone communication number.\n\t\t\t\t\t\t\t",
                    "type": "string"
                },
                "areaCode": {
                    "name": "areaCode",
                    "description": "The area dialing code for a communication number\n\t\t\t\t\t\t\t",
                    "type": "string"
                },
                "localNumber": {
                    "name": "localNumber",
                    "description": "The communication number, not including country dialing or area dialing codes\n\t\t\t\t\t\t\t",
                    "type": "string"
                },
                "phoneExtension": {
                    "name": "phoneExtension",
                    "description": "The extension of the associated communication\nnumber\n\t\t\t\t\t\t\t",
                    "type": "string"
                },
                "accessCode": {
                    "name": "accessCode",
                    "description": "The text that permits access to the electronic network of the associated ommunication number such as telephone network, for example 9, *70.\n\t\t\t\t\t\t\t",
                    "type": "string"
                },
                "serviceUsageType": {
                    "name": "serviceUsageType",
                    "description": "Indicates what type of phone service is governed by this Communication. Example, SMS, MMS ",
                    "type": "array",
                    "items": {
                        "name": "serviceUsageType",
                        "enum": [
                            "SMS",
                            "VOICE",
                            "VOICE",
                            "SMS",
                            "MMS",
                            "DATA",
                            "APP",
                            "FAX",
                            "VOICEMAIL"
                        ],
                        "type": "string"
                    }
                },
                "usageContext": {
                    "name": "usageContext",
                    "type": "array",
                    "items": {
                        "name": "usageContext",
                        "enum": [
                            "PRIMARY",
                            "SECONDARY",
                            "BILLING",
                            "HOME",
                            "WORK",
                            "DATANOTIFY",
                            "OTHER",
                            "SECURITY",
                            "SKIPTRACE"
                        ],
                        "type": "string"
                    }
                },
                "communicationStatus": {
                    "name": "communicationStatus",
                    "$ref": "PhoneCommunicationStatus"
                }
            }
        },
        "PhoneCommunicationStatus": {
            "id": "PhoneCommunicationStatus",
            "name": "communicationStatus",
            "type": "object",
            "properties": {
                "name": {
                    "name": "name",
                    "description": "The user-friendly label that defines the state of the object, as the point in time expressed by effectivePeriod.",
                    "type": "string"
                },
                "description": {
                    "name": "description",
                    "description": "An explanation of the status.",
                    "type": "array",
                    "items": {
                        "$ref": "Description"
                    }
                },
                "effectivePeriod": {
                    "name": "effectivePeriod",
                    "description": "The time during which the object is/was in this Status.",
                    "$ref": "TimePeriod"
                },
                "reasonCode": {
                    "name": "reasonCode",
                    "type": "string"
                },
                "statusCode": {
                    "name": "statusCode",
                    "enum": [
                        "INSERVICE",
                        "FORWARDED",
                        "DISCONNECTED"
                    ],
                    "description": "A short hand identifier for the state of the object, at the point in time specified by the effectivePeriod.",
                    "type": "string"
                },
                "subStatusCode": {
                    "name": "subStatusCode",
                    "description": "A finer division of code.",
                    "type": "string"
                }
            }
        },
        "EmailCommunication": {
            "required": [
                "emailAddress"
            ],
            "id": "EmailCommunication",
            "name": "emailCommunication",
            "type": "object",
            "properties": {
                "preference": {
                    "name": "preference",
                    "description": "Precedence, advantage, or choice of one communication over another",
                    "$ref": "Preference"
                },
                "effectivePeriod": {
                    "name": "effectivePeriod",
                    "description": "The segment of time when the communication is valid/available.\t\t\t\t\t",
                    "$ref": "TimePeriod"
                },
                "privacyProfile": {
                    "name": "privacyProfile",
                    "description": "Privacy controls for this communication, indicating the circumstances in which this communication should be\nused.\n\t\t\t\t\t",
                    "type": "array",
                    "items": {
                        "$ref": "PrivacyProfile"
                    }
                },
                "collectionSource": {
                    "name": "collectionSource",
                    "enum": [
                        "CUSTOMER",
                        "ACXIOM",
                        "CENSUS",
                        "DRG",
                        "FACEBOOK",
                        "LINKEDIN",
                        "OTHER",
                        "EMPLOYER",
                        "GOOGLEPLUS",
                        "TWITTER"
                    ],
                    "type": "string"
                },
                "id": {
                    "name": "id",
                    "type": "string"
                },
                "emailAddress": {
                    "name": "emailAddress",
                    "description": "URI in the case of email communication\n\t\t\t\t\t\t\t",
                    "type": "string"
                },
                "emailFormat": {
                    "name": "emailFormat",
                    "enum": [
                        "HTML",
                        "PLAINTEXT",
                        "RICHTEXT"
                    ],
                    "description": "Indicates that the communication is preferred\tin HTML format, Plain Text, Rich Text.\n\t\t\t\t\t\t\t",
                    "type": "string"
                },
                "usageContext": {
                    "name": "usageContext",
                    "type": "array",
                    "items": {
                        "name": "usageContext",
                        "enum": [
                            "PRIMARY",
                            "SECONDARY",
                            "BILLING",
                            "HOME",
                            "WORK",
                            "DATANOTIFY",
                            "OTHER",
                            "SECURITY"
                        ],
                        "type": "string"
                    }
                },
                "communicationStatus": {
                    "name": "communicationStatus",
                    "$ref": "EmailCommunicationStatus"
                }
            }
        },
        "EmailCommunicationStatus": {
            "id": "EmailCommunicationStatus",
            "name": "communicationStatus",
            "type": "object",
            "properties": {
                "name": {
                    "name": "name",
                    "description": "The user-friendly label that defines the state of the object, as the point in time expressed by effectivePeriod.",
                    "type": "string"
                },
                "description": {
                    "name": "description",
                    "description": "An explanation of the status.",
                    "type": "array",
                    "items": {
                        "$ref": "Description"
                    }
                },
                "effectivePeriod": {
                    "name": "effectivePeriod",
                    "description": "The time during which the object is/was in this Status.",
                    "$ref": "TimePeriod"
                },
                "reasonCode": {
                    "name": "reasonCode",
                    "type": "string"
                },
                "statusCode": {
                    "name": "statusCode",
                    "enum": [
                        "VALIDATED",
                        "NONVALIDATED",
                        "DELIVERED",
                        "UNDELIVERABLE"
                    ],
                    "description": "A short hand identifier for the state of the object, at the point in time specified by the effectivePeriod.",
                    "type": "string"
                },
                "subStatusCode": {
                    "name": "subStatusCode",
                    "enum": [
                        "OVERWRITTEN",
                        "HARDBOUNCE",
                        "SOFTBOUNCE"
                    ],
                    "description": "A finer division of code.",
                    "type": "string"
                }
            }
        },
        "WebsiteCommunication": {
            "id": "WebsiteCommunication",
            "name": "websiteCommunication",
            "type": "object",
            "properties": {
                "preference": {
                    "name": "preference",
                    "description": "Precedence, advantage, or choice of one communication over another",
                    "$ref": "Preference"
                },
                "effectivePeriod": {
                    "name": "effectivePeriod",
                    "description": "The segment of time when the communication is valid/available.\t\t\t\t\t",
                    "$ref": "TimePeriod"
                },
                "privacyProfile": {
                    "name": "privacyProfile",
                    "description": "Privacy controls for this communication, indicating the circumstances in which this communication should be\nused.\n\t\t\t\t\t",
                    "type": "array",
                    "items": {
                        "$ref": "PrivacyProfile"
                    }
                },
                "collectionSource": {
                    "name": "collectionSource",
                    "enum": [
                        "CUSTOMER",
                        "ACXIOM",
                        "CENSUS",
                        "DRG",
                        "FACEBOOK",
                        "LINKEDIN",
                        "OTHER",
                        "EMPLOYER",
                        "GOOGLEPLUS",
                        "TWITTER"
                    ],
                    "type": "string"
                },
                "id": {
                    "name": "id",
                    "type": "string"
                },
                "websiteURI": {
                    "name": "websiteURI",
                    "description": "URI or URL for the communication\n\t\t\t\t\t\t\t",
                    "type": "string"
                },
                "usageContext": {
                    "name": "usageContext",
                    "type": "array",
                    "items": {
                        "name": "usageContext",
                        "enum": [
                            "PERSONAL",
                            "BUSINESS"
                        ],
                        "type": "string"
                    }
                },
                "communicationStatus": {
                    "name": "communicationStatus",
                    "$ref": "WebsiteCommunicationStatus"
                }
            }
        },
        "WebsiteCommunicationStatus": {
            "id": "WebsiteCommunicationStatus",
            "name": "communicationStatus",
            "type": "object",
            "properties": {
                "name": {
                    "name": "name",
                    "description": "The user-friendly label that defines the state of the object, as the point in time expressed by effectivePeriod.",
                    "type": "string"
                },
                "description": {
                    "name": "description",
                    "description": "An explanation of the status.",
                    "type": "array",
                    "items": {
                        "$ref": "Description"
                    }
                },
                "effectivePeriod": {
                    "name": "effectivePeriod",
                    "description": "The time during which the object is/was in this Status.",
                    "$ref": "TimePeriod"
                },
                "reasonCode": {
                    "name": "reasonCode",
                    "type": "string"
                },
                "statusCode": {
                    "name": "statusCode",
                    "enum": [
                        "AVAILABLE",
                        "NOTFOUND"
                    ],
                    "description": "A short hand identifier for the state of the object, at the point in time specified by the effectivePeriod.",
                    "type": "string"
                },
                "subStatusCode": {
                    "name": "subStatusCode",
                    "enum": [
                        "UNDERCONSTRUCTION"
                    ],
                    "description": "A finer division of code.",
                    "type": "string"
                }
            }
        },
        "PreferredLanguage": {
            "id": "PreferredLanguage",
            "name": "preferredLanguage",
            "description": "The preferred language of communication in the specified usage context. ISO 639-1 Code (en-US,en-CA,en-GB)",
            "type": "object",
            "properties": {
                "usageContext": {
                    "name": "usageContext",
                    "type": "string"
                }
            }
        },
        "PreferredCommunicationChannel": {
            "id": "PreferredCommunicationChannel",
            "name": "preferredCommunicationChannel",
            "description": "Precedence, advantage, or choice of one communication channel, for example  email vs phone",
            "type": "object",
            "properties": {
                "communicationType": {
                    "name": "communicationType",
                    "enum": [
                        "EMAIL",
                        "SMS",
                        "MAIL",
                        "PHONE"
                    ],
                    "description": "The type of communication for example EmailCommunication or PhoneCommunication",
                    "type": "string"
                },
                "preference": {
                    "name": "preference",
                    "$ref": "Preference"
                },
                "id": {
                    "name": "id",
                    "description": "the Id of the communication channel",
                    "type": "string"
                },
                "usageContext": {
                    "name": "usageContext",
                    "enum": [
                        "SECURITY",
                        "USAGE",
                        "ROAMING",
                        "MARKETING",
                        "ORDERING"
                    ],
                    "type": "string"
                }
            }
        },
        "SocialCommunication": {
            "id": "SocialCommunication",
            "name": "socialCommunication",
            "type": "object",
            "properties": {
                "preference": {
                    "name": "preference",
                    "description": "Precedence, advantage, or choice of one communication over another",
                    "$ref": "Preference"
                },
                "effectivePeriod": {
                    "name": "effectivePeriod",
                    "description": "The segment of time when the communication is valid/available.\t\t\t\t\t",
                    "$ref": "TimePeriod"
                },
                "privacyProfile": {
                    "name": "privacyProfile",
                    "description": "Privacy controls for this communication, indicating the circumstances in which this communication should be\nused.\n\t\t\t\t\t",
                    "type": "array",
                    "items": {
                        "$ref": "PrivacyProfile"
                    }
                },
                "collectionSource": {
                    "name": "collectionSource",
                    "enum": [
                        "CUSTOMER",
                        "ACXIOM",
                        "CENSUS",
                        "DRG",
                        "FACEBOOK",
                        "LINKEDIN",
                        "OTHER",
                        "EMPLOYER",
                        "GOOGLEPLUS",
                        "TWITTER"
                    ],
                    "type": "string"
                },
                "id": {
                    "name": "id",
                    "type": "string"
                },
                "usageContext": {
                    "name": "usageContext",
                    "type": "array",
                    "items": {
                        "name": "usageContext",
                        "type": "string"
                    }
                },
                "communicationStatus": {
                    "name": "communicationStatus",
                    "$ref": "SocialCommunicationStatus"
                },
                "socialMediaType": {
                    "name": "socialMediaType",
                    "enum": [
                        "FACEBOOK",
                        "TWITTER",
                        "GOOGLEPLUS",
                        "INSTAGRAM",
                        "YOUTUBE",
                        "FOURSQUARE",
                        "MYSPACE"
                    ],
                    "description": "The social media type identifies the type of social media used by this communication channel.",
                    "type": "string"
                },
                "socialMediaHandle": {
                    "name": "socialMediaHandle",
                    "type": "string"
                },
                "customerSentiment": {
                    "name": "customerSentiment",
                    "enum": [
                        "POSITIVE",
                        "NEGATIVE",
                        "NEUTRAL"
                    ],
                    "type": "string"
                }
            }
        },
        "SocialCommunicationStatus": {
            "id": "SocialCommunicationStatus",
            "name": "communicationStatus",
            "type": "object",
            "properties": {
                "name": {
                    "name": "name",
                    "description": "The user-friendly label that defines the state of the object, as the point in time expressed by effectivePeriod.",
                    "type": "string"
                },
                "description": {
                    "name": "description",
                    "description": "An explanation of the status.",
                    "type": "array",
                    "items": {
                        "$ref": "Description"
                    }
                },
                "effectivePeriod": {
                    "name": "effectivePeriod",
                    "description": "The time during which the object is/was in this Status.",
                    "$ref": "TimePeriod"
                },
                "reasonCode": {
                    "name": "reasonCode",
                    "type": "string"
                },
                "statusCode": {
                    "name": "statusCode",
                    "description": "A short hand identifier for the state of the object, at the point in time specified by the effectivePeriod.",
                    "type": "string"
                },
                "subStatusCode": {
                    "name": "subStatusCode",
                    "description": "A finer division of code.",
                    "type": "string"
                }
            }
        },
        "SecurityProfile": {
            "required": [
                "emailAddress"
            ],
            "id": "SecurityProfile",
            "name": "securityProfile",
            "type": "object",
            "properties": {
                "userName": {
                    "name": "userName",
                    "description": "User name for logging into a software system.",
                    "type": "string"
                },
                "password": {
                    "name": "password",
                    "description": "Password for logging into a software system.",
                    "type": "string"
                },
                "loginLocked": {
                    "name": "loginLocked",
                    "description": "Indicates that the user login is currently locked.",
                    "$ref": "Indicator"
                },
                "lockType": {
                    "name": "lockType",
                    "enum": [
                        "HARD",
                        "SOFT"
                    ],
                    "description": "Type of locking currently in place for the user login.",
                    "type": "string"
                },
                "securityQuestionSet": {
                    "name": "securityQuestionSet",
                    "type": "array",
                    "items": {
                        "$ref": "SecurityQuestionSet"
                    }
                },
                "emailAddress": {
                    "name": "emailAddress",
                    "description": "URI in the case of email communication\n\t\t\t\t\t\t\t",
                    "type": "string"
                },
                "recoveryPhone": {
                    "name": "recoveryPhone",
                    "type": "string"
                },
                "authenticationGroup": {
                    "name": "authenticationGroup",
                    "type": "array",
                    "items": {
                        "$ref": "AuthenticationGroup"
                    }
                },
                "commissionsCode": {
                    "name": "commissionsCode",
                    "description": "The commissions code may be a dealer code or a rep id, depending on the context.",
                    "type": "string"
                },
                "passwordResetCount": {
                    "name": "passwordResetCount",
                    "$ref": "Quantity"
                },
                "loginFailureCount": {
                    "name": "loginFailureCount",
                    "$ref": "Quantity"
                },
                "status": {
                    "name": "status",
                    "type": "array",
                    "items": {
                        "$ref": "status"
                    }
                },
                "loginTime": {
                    "name": "loginTime",
                    "type": "string",
                    "format": "date-time"
                },
                "activityHistory": {
                    "name": "activityHistory",
                    "type": "array",
                    "items": {
                        "$ref": "ActivityInstance"
                    }
                },
                "msisdn": {
                    "name": "msisdn",
                    "maxLength": 15,
                    "minLength": 10,
                    "type": "string",
                    "pattern": "[0-9]{10,15}"
                },
                "enhancementReminderDate": {
                    "name": "enhancementReminderDate",
                    "type": "string",
                    "format": "date-time"
                },
                "resourceEntitlement": {
                    "name": "resourceEntitlement",
                    "type": "array",
                    "items": {
                        "$ref": "ResourceEntitlement"
                    }
                },
                "profileId": {
                    "name": "profileId",
                    "type": "string"
                }
            }
        },
        "Indicator": {
            "id": "Indicator",
            "name": "loginLocked",
            "description": "Indicates that the user login is currently locked.",
            "type": "object",
            "properties": {
                "name": {
                    "name": "name",
                    "description": "An Indicator is a property of an object that can be assigned a value.",
                    "type": "string"
                }
            }
        },
        "SecurityQuestionSet": {
            "id": "SecurityQuestionSet",
            "name": "securityQuestionSet",
            "type": "object",
            "properties": {
                "securityQuestion": {
                    "name": "securityQuestion",
                    "description": "A question and answer pair. The answer would only be sent in a message when the customer is initially setting up their answers.",
                    "type": "array",
                    "items": {
                        "$ref": "SecurityQuestion"
                    }
                },
                "languageCode": {
                    "name": "languageCode",
                    "maxLength": 2,
                    "minLength": 2,
                    "description": "The language selected by the customer for the set of security questions.",
                    "type": "string",
                    "pattern": "[a-z][a-z]"
                },
                "setName": {
                    "name": "setName",
                    "description": "The name of the set of security questions. Different sets of questions are expected for self care and for assisted care.",
                    "type": "string"
                }
            }
        },
        "SecurityQuestion": {
            "id": "SecurityQuestion",
            "name": "securityQuestion",
            "description": "A question and answer pair. The answer would only be sent in a message when the customer is initially setting up their answers.",
            "type": "object",
            "properties": {
                "question": {
                    "name": "question",
                    "description": "The question to be answered by the customer in the chosen language.",
                    "$ref": "Text"
                },
                "answer": {
                    "name": "answer",
                    "description": "The answer to the security question would only be sent in a message when the customer is initially setting up their answers.",
                    "$ref": "Text"
                },
                "ranking": {
                    "name": "ranking",
                    "description": "Specifies the sequence in which the questions will be presented.",
                    "type": "string"
                },
                "id": {
                    "name": "id",
                    "type": "string"
                },
                "name": {
                    "name": "name",
                    "description": "A unique name identifying the question within the set. The name may be used for selecting the question from a list.",
                    "type": "string"
                }
            }
        },
        "Text": {
            "id": "Text",
            "name": "question",
            "description": "The question to be answered by the customer in the chosen language.",
            "type": "object",
            "properties": {
                "languageCode": {
                    "name": "languageCode",
                    "maxLength": 2,
                    "minLength": 2,
                    "type": "string",
                    "pattern": "[a-z][a-z]"
                }
            }
        },
        "AuthenticationGroup": {
            "id": "AuthenticationGroup",
            "name": "authenticationGroup",
            "type": "object",
            "properties": {
                "authenticationGroupName": {
                    "name": "authenticationGroupName",
                    "type": "string"
                },
                "authenticationType": {
                    "name": "authenticationType",
                    "type": "string"
                }
            }
        },
        "Quantity": {
            "id": "Quantity",
            "name": "passwordResetCount",
            "type": "object",
            "properties": {
                "measurementUnit": {
                    "name": "measurementUnit",
                    "description": "Unit of quantity",
                    "type": "string"
                }
            }
        },
        "status": {
            "id": "status",
            "name": "status",
            "type": "object",
            "properties": {
                "name": {
                    "name": "name",
                    "description": "The user-friendly label that defines the state of the object, as the point in time expressed by effectivePeriod.",
                    "type": "string"
                },
                "description": {
                    "name": "description",
                    "description": "An explanation of the status.",
                    "type": "array",
                    "items": {
                        "$ref": "Description"
                    }
                },
                "effectivePeriod": {
                    "name": "effectivePeriod",
                    "description": "The time during which the object is/was in this Status.",
                    "$ref": "TimePeriod"
                },
                "reasonCode": {
                    "name": "reasonCode",
                    "type": "string"
                },
                "statusCode": {
                    "name": "statusCode",
                    "type": "string"
                }
            }
        },
        "ActivityInstance": {
            "id": "ActivityInstance",
            "name": "activityHistory",
            "type": "object",
            "properties": {
                "activity": {
                    "name": "activity",
                    "description": "Uniquely identifies the business activity definition.",
                    "$ref": "Activity"
                },
                "activityPeriod": {
                    "name": "activityPeriod",
                    "description": "Time period that the activity occurred, is occurring or will occur.",
                    "$ref": "TimePeriod"
                },
                "reason": {
                    "name": "reason",
                    "description": "Code identifying the reason for the activity",
                    "type": "string"
                },
                "activityInstanceStatus": {
                    "name": "activityInstanceStatus",
                    "type": "array",
                    "items": {
                        "$ref": "ActivityInstanceStatus"
                    }
                },
                "performedBy": {
                    "name": "performedBy",
                    "type": "string"
                },
                "id": {
                    "name": "id",
                    "description": "Unique identifier assigned by the system of record for the occurrence of the business activity.",
                    "type": "string"
                }
            }
        },
        "Activity": {
            "id": "Activity",
            "name": "activity",
            "description": "Uniquely identifies the business activity definition.",
            "type": "object",
            "properties": {
                "activityName": {
                    "name": "activityName",
                    "enum": [
                        "ACTIVATION",
                        "CHANGEFEATURE",
                        "CHANGERATEPLAN",
                        "KITACTIVATION",
                        "VIEW"
                    ],
                    "description": "The unique name of the business activity.  For example: Activation, ChangeRatePlan",
                    "type": "string"
                },
                "description": {
                    "name": "description",
                    "description": "Description of the processing activity.",
                    "type": "array",
                    "items": {
                        "$ref": "Description"
                    }
                },
                "activityStatus": {
                    "name": "activityStatus",
                    "type": "array",
                    "items": {
                        "$ref": "ActivityStatus"
                    }
                },
                "effectivePeriod": {
                    "name": "effectivePeriod",
                    "description": "The time frame where the Activity is use (effective).",
                    "$ref": "EffectivePeriod"
                },
                "activityId": {
                    "name": "activityId",
                    "description": "Uniquely identifies the business activity definition.",
                    "type": "string"
                }
            }
        },
        "ActivityStatus": {
            "id": "ActivityStatus",
            "name": "activityStatus",
            "type": "object",
            "properties": {
                "name": {
                    "name": "name",
                    "description": "The user-friendly label that defines the state of the object, as the point in time expressed by effectivePeriod.",
                    "type": "string"
                },
                "description": {
                    "name": "description",
                    "description": "An explanation of the status.",
                    "type": "array",
                    "items": {
                        "$ref": "Description"
                    }
                },
                "effectivePeriod": {
                    "name": "effectivePeriod",
                    "description": "The time during which the object is/was in this Status.",
                    "$ref": "TimePeriod"
                },
                "reasonCode": {
                    "name": "reasonCode",
                    "type": "string"
                },
                "statusCode": {
                    "name": "statusCode",
                    "description": "A short hand identifier for the state of the object, at the point in time specified by the effectivePeriod.",
                    "type": "string"
                },
                "subStatusCode": {
                    "name": "subStatusCode",
                    "description": "A finer division of code.",
                    "type": "string"
                }
            }
        },
        "EffectivePeriod": {
            "id": "EffectivePeriod",
            "name": "effectivePeriod",
            "description": "The time frame where the Activity is use (effective).",
            "type": "object",
            "properties": {
                "startTime": {
                    "name": "startTime",
                    "description": "Start DateTime of the Time Period",
                    "type": "string",
                    "format": "date-time"
                },
                "duration": {
                    "name": "duration",
                    "description": "Duration of the Time Period. For additional information on the duration data type see:  http://www.w3schools.com/schema/schema_dtypes_date.asp",
                    "type": "string"
                },
                "endTime": {
                    "name": "endTime",
                    "description": "End Date Time of the Time Period",
                    "type": "string",
                    "format": "date-time"
                },
                "usageContext": {
                    "name": "usageContext",
                    "type": "string"
                }
            }
        },
        "ActivityInstanceStatus": {
            "id": "ActivityInstanceStatus",
            "name": "activityInstanceStatus",
            "type": "object",
            "properties": {
                "name": {
                    "name": "name",
                    "description": "The user-friendly label that defines the state of the object, as the point in time expressed by effectivePeriod.",
                    "type": "string"
                },
                "description": {
                    "name": "description",
                    "description": "An explanation of the status.",
                    "type": "array",
                    "items": {
                        "$ref": "Description"
                    }
                },
                "effectivePeriod": {
                    "name": "effectivePeriod",
                    "description": "The time during which the object is/was in this Status.",
                    "$ref": "TimePeriod"
                },
                "reasonCode": {
                    "name": "reasonCode",
                    "type": "string"
                },
                "statusCode": {
                    "name": "statusCode",
                    "description": "A short hand identifier for the state of the object, at the point in time specified by the effectivePeriod.",
                    "type": "string"
                },
                "subStatusCode": {
                    "name": "subStatusCode",
                    "description": "A finer division of code.",
                    "type": "string"
                }
            }
        },
        "ResourceEntitlement": {
            "id": "ResourceEntitlement",
            "name": "resourceEntitlement",
            "type": "object",
            "properties": {
                "resourceName": {
                    "name": "resourceName",
                    "description": "The name of the application or other resource whose access is being controlled.",
                    "type": "string"
                },
                "actionName": {
                    "name": "actionName",
                    "description": "The name of the action granted or denied on the resource. For example: view, modify, delete, etc.",
                    "type": "string"
                },
                "isAccessAllowed": {
                    "name": "isAccessAllowed",
                    "description": "Boolean value which says whether access allowed or not.",
                    "type": "boolean"
                },
                "responseAttribute": {
                    "name": "responseAttribute",
                    "description": "The name and value of a response attribute.\n",
                    "type": "array",
                    "items": {
                        "$ref": "SpecificationValue"
                    }
                }
            }
        },
        "SpecificationValue": {
            "id": "SpecificationValue",
            "name": "responseAttribute",
            "description": "The name and value of a response attribute.\n",
            "type": "object",
            "properties": {
                "currencyCode": {
                    "name": "currencyCode",
                    "maxLength": 3,
                    "minLength": 3,
                    "description": "The currency of the SpecificationValue, if the dataType is curency.",
                    "type": "string",
                    "pattern": "[A-Z][A-Z][A-Z]"
                },
                "dataType": {
                    "name": "dataType",
                    "description": "The data type of the value.  This is a required attribute.  The recognized data types are specified by the xml w3c standard, minus the namespace prefix.  For example xsd:boolean would be expressed as boolean.",
                    "type": "string"
                },
                "measurementUnit": {
                    "name": "measurementUnit",
                    "description": "The unit of measure of the value, if applicable.",
                    "type": "string"
                },
                "name": {
                    "name": "name",
                    "description": "The name of the Specification value; a label by which the value is commonly known.  For example a name = \"LongDescription\" for a value that contains a long description.",
                    "type": "string"
                },
                "precision": {
                    "name": "precision",
                    "description": "For a numeric value, how many total digits are allowed.",
                    "type": "integer",
                    "format": "int32"
                },
                "scale": {
                    "name": "scale",
                    "description": "For a numeric value,the number of digits to the right of the decimal point.",
                    "type": "integer",
                    "format": "int32"
                }
            }
        },
        "Note": {
            "id": "Note",
            "name": "note",
            "description": "Shipping notes",
            "type": "object",
            "properties": {
                "entryTime": {
                    "name": "entryTime",
                    "description": "Date and time when the note was entered/created.",
                    "type": "string",
                    "format": "date-time"
                },
                "noteType": {
                    "name": "noteType",
                    "description": "An extensive list of note types (500+) are defined for systematic use. Business rules determine which note to apply in a given situation.",
                    "type": "string"
                },
                "content": {
                    "name": "content",
                    "description": "Addiitonal descriptive information entered by the author to supplement the system text.",
                    "type": "string"
                },
                "author": {
                    "name": "author",
                    "description": "Identifies the author of the note.",
                    "type": "string"
                },
                "id": {
                    "name": "id",
                    "description": "Unique identifier assigned by the system of record.",
                    "type": "string"
                },
                "language": {
                    "name": "language",
                    "maxLength": 2,
                    "minLength": 2,
                    "description": "Identifier for the language used in the description.  Value is the ISO 639-1 Code, a two letter code such as   (en-US,en-CA,en-GB)defined at www.w3.org/standards ",
                    "type": "string",
                    "pattern": "[a-z][a-z]"
                }
            }
        },
        "shippingid": {
            "id": "shippingid",
            "name": "shippingid",
            "type": "object"
        },
        "getShippingDetailsResponse": {
            "required": [
                "shipping"
            ],
            "id": "getShippingDetailsResponse",
            "name": "getShippingDetailsResponse",
            "type": "object",
            "properties": {
                "shipping": {
                    "name": "shipping",
                    "description": "Shipping information includes all the attributes that are used to manage the shipping and transportation of the goods in an order.",
                    "$ref": "Shipping"
                }
            }
        }
    }
}