{"apiVersion":"1","swaggerVersion":"1.2","basePath":"/v1/store","resourcePath":"/v1/store","apis":[{"path":"/{storeId}","operations":[{"method":"GET","nickname":"getstoredetails","summary":"getstoredetails","notes":"\u003cp class\u003d\"MsoListParagraph\" style\u003d\"text-indent: -18pt;\" id\u003d\"yui_3_6_0_3_1424083959220_8628\"\u003e\u003cspan style\u003d\"line-height: 16.1000003814697px;\"\u003eThis operation to retrieve the store details,Clients consuming this API and retrieves the store details for a particular store id.\u003c/span\u003e\u003cbr\u003e\u003c/p\u003e","parameters":[{"paramType":"path","required":false,"allowMultiple":false,"name":"storeId","type":"string"}],"type":"getStoredetailsResponse","form":false,"produces":["application/json","application/xml"],"consumes":["application/json","application/xml"]}]},{"path":"/locations","operations":[{"method":"GET","nickname":"getstorelocation","summary":"getstorelocation","notes":"This operation service to retrieve the store locations,Clients consuming this API and retrieves the store locations for a particular zip code, city or state.","responseMessages":[{"code":200,"message":"OK"},{"code":500,"message":"Data Not Found"},{"code":500,"message":"Data Not Found"},{"code":400,"message":"Backend Connection Error"},{"code":400,"message":"Backend Connection Error"}],"parameters":[{"paramType":"body","required":false,"allowMultiple":false,"name":"getStoreLocationsRequest","type":"getStoreLocationsRequest"}],"type":"getStoreLocationsResponse","form":false,"produces":["application/json","application/xml"],"consumes":["application/json","application/xml"]}]},{"path":"/store","operations":[{"method":"GET","nickname":"searchStore","summary":"searchStore","notes":"Search the store based on the MAC address.","responseMessages":[{"code":404,"message":"Resource not found"}],"parameters":[{"paramType":"query","required":false,"allowMultiple":false,"name":"macaddress","type":"string"}],"type":"searchStoreResponse","form":false,"produces":["application/json","application/xml"],"consumes":["application/json","application/xml"]}]}],"models":{"getStoredetailsResponse":{"required":["Store"],"id":"getStoredetailsResponse","name":"getStoredetailsResponse","type":"object","properties":{"Store":{"name":"Store","$ref":"Store"}}},"Store":{"id":"Store","name":"Store","type":"object","properties":{"location":{"name":"location","description":"Information about where the store is physically located.","$ref":"Location"},"storeType":{"name":"storeType","enum":["RETAIL","TPR","DEALER","MPCS"],"type":"string"},"referenceURI":{"name":"referenceURI","type":"string"}}},"Location":{"id":"Location","name":"location","description":"Information about where the store is physically located.","type":"object","properties":{"address":{"name":"address","description":"The physical address of the entity.","$ref":"Address"},"phoneCommunication":{"name":"phoneCommunication","description":"Phone numbers associated with the location, possibly including fax numbers as well as voice lines.","type":"array","items":{"$ref":"PhoneCommunication"}}}},"Address":{"required":["postalCode"],"id":"Address","name":"address","description":"The physical address of the entity.","type":"object","properties":{"addressFormatType":{"name":"addressFormatType","enum":["STREET","POBOX","MILITARY","FOREIGN","HIGHWAY","RURALROUTE"],"description":"A code specifying the format of this address(STREET_ADDRESS, POBOX_ADDRESS,MILITARY_ADDRESS,FOREIGN_ADDRESS,HWY_ADDRESS,RURALROUTE_ADDRESS)","type":"string"},"addressLine1":{"name":"addressLine1","description":"The first free form line, expressed as text, of an address","type":"string"},"cityName":{"name":"cityName","description":"The name, expressed as text, of the city, town or village of this address","type":"string"},"stateName":{"name":"stateName","description":"Name of the state in which  the city falls, where applicable","type":"string"},"countyName":{"name":"countyName","description":"County Name, if applicable","type":"string"},"countryName":{"name":"countryName","description":"The name of a country for this address (Reference ISO 3166 and UN/ECE Rec 3)","type":"string"},"postalCode":{"name":"postalCode","maxLength":9,"minLength":5,"description":"A code specifying the postal code of the address","type":"string"}}},"PhoneCommunication":{"required":["phoneNumber"],"id":"PhoneCommunication","name":"phoneCommunication","description":"Phone numbers associated with the location, possibly including fax numbers as well as voice lines.","type":"object","properties":{"preference":{"name":"preference","description":"Precedence, advantage, or choice of one communication over another","$ref":"Preference"},"effectivePeriod":{"name":"effectivePeriod","description":"The segment of time when the communication is valid/available.\t\t\t\t\t","$ref":"TimePeriod"},"privacyProfile":{"name":"privacyProfile","description":"Privacy controls for this communication, indicating the circumstances in which this communication should be\nused.\n\t\t\t\t\t","type":"array","items":{"$ref":"PrivacyProfile"}},"collectionSource":{"name":"collectionSource","enum":["CUSTOMER","ACXIOM","CENSUS","DRG","FACEBOOK","LINKEDIN","OTHER","EMPLOYER","GOOGLEPLUS","TWITTER"],"type":"string"},"id":{"name":"id","type":"string"},"phoneNumber":{"name":"phoneNumber","description":"The complete number without separation between \tcountry code, area code etc\n\t\t\t\t\t\t\t","type":"string"}}},"Preference":{"id":"Preference","name":"preference","description":"Precedence, advantage, or choice of one communication over another","type":"object","properties":{"preferred":{"name":"preferred","description":"Indicator if this is a preferred communication. If false, this communication should be less used.\n\t\t\t\t\t","type":"boolean"},"ranking":{"name":"ranking","description":"Priority of ranking of the associated object or component. The lower the number, the higher the priority.\n\t\t\t\t\t","type":"string"}}},"TimePeriod":{"id":"TimePeriod","name":"effectivePeriod","description":"The segment of time when the communication is valid/available.\t\t\t\t\t","type":"object","properties":{"startTime":{"name":"startTime","description":"Start DateTime of the Time Period","type":"string","format":"date-time"},"duration":{"name":"duration","description":"Duration of the Time Period. For additional information on the duration data type see:  http://www.w3schools.com/schema/schema_dtypes_date.asp","type":"string"},"endTime":{"name":"endTime","description":"End Date Time of the Time Period","type":"string","format":"date-time"}}},"PrivacyProfile":{"id":"PrivacyProfile","name":"privacyProfile","description":"Privacy controls for this communication, indicating the circumstances in which this communication should be\nused.\n\t\t\t\t\t","type":"object","properties":{"optOut":{"name":"optOut","enum":["DEFAULT","OPTIN","OPTOUT"],"description":"Indicates the opt out option.\nIf true, this communication cannot be used for telemarketing calls, mails, emails...etc. ","type":"string"},"reason":{"name":"reason","description":"Indicates the reason for applying the Opt Out, if any.\n\t\t\t\t\t","type":"string"},"activityType":{"name":"activityType","enum":["BILLING","MARKETING"],"description":"Indicates the type of marketing activity that the customer has opted out from. If no value is provided, it is assumed that the customer has opted out from all marketing activity through this communication channel. ","type":"string"}}},"getStoreLocationsRequest":{"required":["locationType","address","Distance"],"id":"getStoreLocationsRequest","name":"getStoreLocationsRequest","type":"object","properties":{"locationType":{"name":"locationType","type":"string"},"address":{"name":"address","$ref":"Address"},"Distance":{"name":"Distance","$ref":"Measure"}}},"Measure":{"id":"Measure","name":"Distance","type":"object","properties":{"measurementUnit":{"name":"measurementUnit","description":"Unit of measure.","type":"string"}}},"getStoreLocationsResponse":{"required":["store"],"id":"getStoreLocationsResponse","name":"getStoreLocationsResponse","type":"object","properties":{"store":{"name":"store","$ref":"Store"}}},"searchStoreResponse":{"required":["Store"],"id":"searchStoreResponse","name":"searchStoreResponse","type":"object","properties":{"Store":{"name":"Store","$ref":"Store"}}}}}