{"apiVersion":"1","swaggerVersion":"1.2","basePath":"https://api.t-mobile.com/data/rest/utilitymanagement/v1","resourcePath":"https://api.t-mobile.com/data/rest/utilitymanagement/v1","apis":[{"path":"/utility/addressvalidation","operations":[{"method":"POST","nickname":"validateAddress","summary":"validateAddress","notes":"This service is used to validate the address","responseMessages":[{"code":400,"message":"Bad data"},{"code":404,"message":"Resource not found"}],"parameters":[{"paramType":"body","required":false,"allowMultiple":false,"name":"validateAddressRequest","type":"validateAddressRequest"}],"type":"validateAddressResponse","form":false,"produces":["application/json","application/xml"],"consumes":["application/json","application/xml"]}]},{"path":"/utility/sendemail","operations":[{"method":"POST","nickname":"sendEmail","summary":"sendEmail","notes":"Sends an email message using specified parameters.","parameters":[{"paramType":"body","required":true,"allowMultiple":false,"name":"sendEmailRequest","type":"sendEmailRequest"}],"type":"sendEmailResponse","form":false,"produces":["application/json","application/xml"],"consumes":["application/json","application/xml"]}]},{"path":"/utility/sendsms","operations":[{"method":"POST","nickname":"sendSMS","summary":"sendSMS","notes":"Sends an SMS message using specified parameters.","parameters":[{"paramType":"body","required":true,"allowMultiple":false,"name":"sendSMSRequest","type":"sendSMSRequest"}],"type":"sendSMSResponse","form":false,"produces":["application/json","application/xml"],"consumes":["application/json","application/xml"]}]}],"models":{"validateAddressRequest":{"required":["address"],"id":"validateAddressRequest","name":"validateAddressRequest","properties":{"address":{"name":"address","$ref":"Address"}}},"Address":{"required":["postalCode"],"id":"Address","name":"address","properties":{"addressFormatType":{"name":"addressFormatType","enum":["STREET","POBOX","MILITARY","FOREIGN","HIGHWAY","RURALROUTE"],"description":"A code specifying the format of this address(STREET_ADDRESS, POBOX_ADDRESS,MILITARY_ADDRESS,FOREIGN_ADDRESS,HWY_ADDRESS,RURALROUTE_ADDRESS)","type":"string"},"addressLine1":{"name":"addressLine1","description":"The first free form line, expressed as text, of an address","type":"string"},"addressLine2":{"name":"addressLine2","description":"The first second form line, expressed as text, of an address","type":"string"},"cityName":{"name":"cityName","description":"The name, expressed as text, of the city, town or village of this address","type":"string"},"stateCode":{"name":"stateCode","description":"Code of the state in which  the city falls, where applicable(WA, TX, GA)","type":"string"},"countryCode":{"name":"countryCode","maxLength":3,"minLength":3,"description":"The unique identifier of a country for this address (Reference ISO 3166 and UN/ECE Rec 3)","type":"string","pattern":"[A-Z][A-Z][A-Z]"},"postalCode":{"name":"postalCode","maxLength":9,"minLength":5,"description":"A code specifying the postal code of the address","type":"string"},"geoCodeID":{"name":"geoCodeID","description":"A unique code that represents a geospatial coordinate measurement of an exact geographic location and time at, below, or above the surface of the earth","type":"string"},"uncertaintyIndicator":{"name":"uncertaintyIndicator","description":"Uncertainty code for geoCode: \u0027FULL\u0027-Full Address, \u0027ZIP\u0027-Rural Zip+4, \u0027E\u0027-Rural Zip+2, \u0027RURAL\u0027-Rural Zip, \u0027D\u0027-Street Zip+4, \u0027L\u0027-Street Zip+2, \u0027STREET\u0027-Street zip","type":"string"},"geographicCoordinates":{"name":"geographicCoordinates","$ref":"geographicCoordinates"}}},"geographicCoordinates":{"id":"geographicCoordinates","name":"geographicCoordinates","properties":{"latitude":{"name":"latitude","type":"string"},"longitude":{"name":"longitude","type":"string"}}},"validateAddressResponse":{"required":["address","valid"],"id":"validateAddressResponse","name":"validateAddressResponse","properties":{"address":{"name":"address","$ref":"Address"},"valid":{"name":"valid","type":"boolean"}}},"sendEmailRequest":{"required":["emailInfo"],"id":"sendEmailRequest","name":"sendEmailRequest","properties":{"emailInfo":{"name":"emailInfo","$ref":"emailInfo"}}},"emailInfo":{"required":["recipient","sender","languageCode","emailFormat","subject","message","attachment","ccRecipient","bccRecipient"],"id":"emailInfo","name":"emailInfo","properties":{"recipient":{"name":"recipient","$ref":"recipient"},"sender":{"name":"sender","$ref":"sender"},"languageCode":{"name":"languageCode","type":"string"},"emailFormat":{"name":"emailFormat","type":"string"},"subject":{"name":"subject","type":"string"},"message":{"name":"message","type":"string"},"attachment":{"name":"attachment","$ref":"BinaryObject"},"ccRecipient":{"name":"ccRecipient","$ref":"ccRecipient"},"bccRecipient":{"name":"bccRecipient","$ref":"bccRecipient"}}},"recipient":{"required":["emailAddress","name"],"id":"recipient","name":"recipient","properties":{"emailAddress":{"name":"emailAddress","description":"URI in the case of email communication\n\t\t\t\t\t\t\t","type":"string"},"name":{"name":"name","type":"string"}}},"sender":{"required":["emailAddress","name"],"id":"sender","name":"sender","properties":{"emailAddress":{"name":"emailAddress","type":"string"},"name":{"name":"name","type":"string"}}},"BinaryObject":{"id":"BinaryObject","name":"attachment","properties":{"characterSetCode":{"name":"characterSetCode","type":"string"},"fileName":{"name":"fileName","type":"string"},"mimeCode":{"name":"mimeCode","type":"string"}}},"ccRecipient":{"required":["emailAddress","name"],"id":"ccRecipient","name":"ccRecipient","properties":{"emailAddress":{"name":"emailAddress","type":"string"},"name":{"name":"name","type":"string"}}},"bccRecipient":{"required":["emailAddress","name"],"id":"bccRecipient","name":"bccRecipient","properties":{"emailAddress":{"name":"emailAddress","type":"string"},"name":{"name":"name","type":"string"}}},"sendEmailResponse":{"id":"sendEmailResponse","name":"sendEmailResponse"},"sendSMSRequest":{"required":["smsInfo"],"id":"sendSMSRequest","name":"sendSMSRequest","properties":{"smsInfo":{"name":"smsInfo","$ref":"smsInfo"}}},"smsInfo":{"required":["recipientMobileNumber","senderMobileNumber","message"],"id":"smsInfo","name":"smsInfo","properties":{"recipientMobileNumber":{"name":"recipientMobileNumber","type":"string"},"senderMobileNumber":{"name":"senderMobileNumber","type":"string"},"message":{"name":"message","type":"string"}}},"sendSMSResponse":{"id":"sendSMSResponse","name":"sendSMSResponse"}}}